/*
Navicat MySQL Data Transfer

Source Server         : oelsapp
Source Server Version : 50626
Source Host           : 172.16.0.15:3306
Source Database       : xinweifashion

Target Server Type    : MYSQL
Target Server Version : 50626
File Encoding         : 65001

Date: 2019-04-30 11:50:59
*/

SET FOREIGN_KEY_CHECKS=0;

-- ----------------------------
-- Table structure for `xw_banner_info`
-- ----------------------------
DROP TABLE IF EXISTS `xw_banner_info`;
CREATE TABLE `xw_banner_info` (
  `id` int(11) NOT NULL AUTO_INCREMENT,
  `title` varchar(256) NOT NULL DEFAULT '' COMMENT '标题',
  `img` varchar(256) NOT NULL COMMENT '图片',
  `status` tinyint(4) NOT NULL DEFAULT '1' COMMENT '状态：1显示；2不显示',
  `url` varchar(256) NOT NULL DEFAULT '#' COMMENT '链接',
  `sort` int(11) NOT NULL DEFAULT '1' COMMENT '排序值：大靠前，默认为1',
  `category` tinyint(4) NOT NULL DEFAULT '1' COMMENT '1指引页，2首页banner,3nav',
  PRIMARY KEY (`id`)
) ENGINE=MyISAM AUTO_INCREMENT=56 DEFAULT CHARSET=utf8 COMMENT='指引页信息';

-- ----------------------------
-- Records of xw_banner_info
-- ----------------------------
INSERT INTO `xw_banner_info` VALUES ('10', '', 'http://xinweifashion.test.yzjtech.com/uploads/a10.jpg', '1', '10', '2', '2');
INSERT INTO `xw_banner_info` VALUES ('3', '形象AI', 'http://xinweifashion.test.yzjtech.com/uploads/20190413/ddd8a68c698c603ce6cbc786a9853131.png', '1', '', '1', '3');
INSERT INTO `xw_banner_info` VALUES ('4', '电子刊物', 'http://xinweifashion.test.yzjtech.com/uploads/20190413/cb7716ea1043a1ae5a950429b21d4bb0.png', '1', ' https://h5.youzan.com/v2/feature/ti7itosvvl', '1', '3');
INSERT INTO `xw_banner_info` VALUES ('5', '中国女孩', 'http://xinwei-oss-aliyun.oss-cn-beijing.aliyuncs.com/community/201904281525167815_300_600.png', '1', 'http://xinweifashion.test.yzjtech.com/aboutus.html', '1', '3');
INSERT INTO `xw_banner_info` VALUES ('6', '关于我们', 'http://xinwei-oss-aliyun.oss-cn-beijing.aliyuncs.com/community/201904281524296549_300_600.png', '1', 'http://xinweifashion.test.yzjtech.com/aboutus.html', '4', '3');
INSERT INTO `xw_banner_info` VALUES ('9', '', 'http://xinweifashion.test.yzjtech.com/uploads/a9.jpg', '1', '9', '5', '2');
INSERT INTO `xw_banner_info` VALUES ('8', '', 'http://xinweifashion.test.yzjtech.com/uploads/a8.jpg', '1', '8', '3', '2');
INSERT INTO `xw_banner_info` VALUES ('54', '', 'http://xinwei-oss-aliyun.oss-cn-beijing.aliyuncs.com/community/201904291859009688_300_600.jpg', '2', 'http://xinweifashion.test.yzjtech.com/aboutus.html', '6', '2');
INSERT INTO `xw_banner_info` VALUES ('21', '指引图1', 'http://xinweifashion.test.yzjtech.com/uploads/20190414/e88c8302d0aebc7da6c6ba3c52ba0f30.jpeg', '1', '#', '1', '1');
INSERT INTO `xw_banner_info` VALUES ('52', '万人迷1', 'http://xinwei-oss-aliyun.oss-cn-beijing.aliyuncs.com/community/201904291439375586_300_600.jpg', '2', 'https://www.baidu.com/', '1', '3');
INSERT INTO `xw_banner_info` VALUES ('53', '', 'http://xinwei-oss-aliyun.oss-cn-beijing.aliyuncs.com/community/201904291857451074_300_600.jpg', '2', '', '1', '1');
INSERT INTO `xw_banner_info` VALUES ('22', '指引图2', 'http://xinweifashion.test.yzjtech.com/uploads/20190414/b09dd6367f7f4467645cb6cd44a3817f.jpeg', '1', '#', '2', '1');
INSERT INTO `xw_banner_info` VALUES ('23', '指引图3', 'http://xinweifashion.test.yzjtech.com/uploads/20190414/0ce8100e8826bd9084de760b1e6c61ee.jpeg', '1', '#', '3', '1');
INSERT INTO `xw_banner_info` VALUES ('55', 'case', 'http://xinwei-oss-aliyun.oss-cn-beijing.aliyuncs.com/community/201904291904061467_300_600.jpg', '2', 'https://music.163.com/#/my/m/music/playlist?id=643933622', '1', '3');
INSERT INTO `xw_banner_info` VALUES ('24', '指引图14', 'http://xinweifashion.test.yzjtech.com/uploads/20190419/179981cd24bf92d50ce9ef7901c5c403.jpg', '1', 'http://xinweifashion.test.yzjtech.com/uploads/20190419/179981cd24bf92d50ce9ef7901c5c403.jpg', '4', '1');

-- ----------------------------
-- Table structure for `xw_community_comment`
-- ----------------------------
DROP TABLE IF EXISTS `xw_community_comment`;
CREATE TABLE `xw_community_comment` (
  `id` int(11) NOT NULL AUTO_INCREMENT,
  `member_id` int(11) NOT NULL COMMENT '会员ID',
  `community_id` int(11) NOT NULL COMMENT '内容ID',
  `comment` varchar(1024) NOT NULL COMMENT '评论内容',
  `comment_id` int(11) NOT NULL COMMENT '评论ID：回复评论不为0',
  `time_create` int(11) NOT NULL COMMENT '评论时间',
  `status` int(11) NOT NULL DEFAULT '2' COMMENT '状态：-1删除，1未审核，2显示，3不显示',
  PRIMARY KEY (`id`)
) ENGINE=MyISAM AUTO_INCREMENT=62 DEFAULT CHARSET=utf8 COMMENT='社区评论表';

-- ----------------------------
-- Records of xw_community_comment
-- ----------------------------
INSERT INTO `xw_community_comment` VALUES ('1', '28', '7', '赞一个！', '0', '1556096125', '2');
INSERT INTO `xw_community_comment` VALUES ('2', '15', '7', '好看', '0', '1556096343', '2');
INSERT INTO `xw_community_comment` VALUES ('3', '15', '2', '哈哈哈哈哈', '0', '1556099069', '2');
INSERT INTO `xw_community_comment` VALUES ('4', '6', '2', '黄金万两', '0', '1556099209', '2');
INSERT INTO `xw_community_comment` VALUES ('5', '2', '1', '美女勿信', '0', '1556099631', '2');
INSERT INTO `xw_community_comment` VALUES ('6', '23', '7', '气质', '0', '1556099815', '2');
INSERT INTO `xw_community_comment` VALUES ('7', '20', '4', '好看', '0', '1556110332', '2');
INSERT INTO `xw_community_comment` VALUES ('8', '15', '1', '好看', '0', '1556113065', '2');
INSERT INTO `xw_community_comment` VALUES ('9', '16', '10', '秃头', '0', '1556117237', '2');
INSERT INTO `xw_community_comment` VALUES ('10', '16', '10', '兔兔突突突', '0', '1556117245', '2');
INSERT INTO `xw_community_comment` VALUES ('11', '16', '4', '途', '7', '1556117357', '2');
INSERT INTO `xw_community_comment` VALUES ('12', '16', '4', '弄到', '0', '1556117365', '2');
INSERT INTO `xw_community_comment` VALUES ('13', '16', '4', '哟哟哟无', '0', '1556117372', '2');
INSERT INTO `xw_community_comment` VALUES ('14', '16', '8', '我的', '0', '1556117391', '2');
INSERT INTO `xw_community_comment` VALUES ('15', '16', '11', '好看', '0', '1556117831', '2');
INSERT INTO `xw_community_comment` VALUES ('16', '16', '13', '自由', '0', '1556118175', '2');
INSERT INTO `xw_community_comment` VALUES ('17', '16', '13', '新的', '0', '1556118182', '2');
INSERT INTO `xw_community_comment` VALUES ('18', '16', '13', '涂抹', '17', '1556118186', '2');
INSERT INTO `xw_community_comment` VALUES ('19', '16', '12', '兔头', '0', '1556118200', '2');
INSERT INTO `xw_community_comment` VALUES ('20', '15', '13', '哈哈哈哈', '17', '1556119353', '2');
INSERT INTO `xw_community_comment` VALUES ('21', '15', '13', '哈哈哈哈', '16', '1556119357', '2');
INSERT INTO `xw_community_comment` VALUES ('22', '21', '4', '真棒', '0', '1556119421', '2');
INSERT INTO `xw_community_comment` VALUES ('23', '21', '13', '666', '0', '1556119567', '2');
INSERT INTO `xw_community_comment` VALUES ('24', '6', '10', '感觉不到', '0', '1556161424', '2');
INSERT INTO `xw_community_comment` VALUES ('25', '13', '13', '红红火火', '16', '1556170375', '2');
INSERT INTO `xw_community_comment` VALUES ('26', '13', '13', '红红火火', '0', '1556170403', '2');
INSERT INTO `xw_community_comment` VALUES ('27', '23', '10', '哈哈哈哈哈', '0', '1556174676', '2');
INSERT INTO `xw_community_comment` VALUES ('28', '21', '10', '哈哈哈哈', '0', '1556174799', '2');
INSERT INTO `xw_community_comment` VALUES ('29', '21', '10', '哈哈哈', '28', '1556174803', '2');
INSERT INTO `xw_community_comment` VALUES ('30', '21', '10', '还是生活', '28', '1556174807', '2');
INSERT INTO `xw_community_comment` VALUES ('31', '13', '3', '发布测试', '0', '1556177033', '2');
INSERT INTO `xw_community_comment` VALUES ('32', '15', '4', '还是说说', '0', '1556180372', '2');
INSERT INTO `xw_community_comment` VALUES ('33', '15', '4', '很少说话', '0', '1556180374', '2');
INSERT INTO `xw_community_comment` VALUES ('34', '13', '15', 'Honghonghuohuo', '0', '1556182840', '2');
INSERT INTO `xw_community_comment` VALUES ('35', '13', '15', 'Huanghuanghuhu', '34', '1556182892', '-1');
INSERT INTO `xw_community_comment` VALUES ('36', '13', '10', 'Uswgshg', '0', '1556183950', '-1');
INSERT INTO `xw_community_comment` VALUES ('37', '13', '10', 'Gewjdk', '36', '1556183948', '-1');
INSERT INTO `xw_community_comment` VALUES ('38', '15', '15', '保证不真实', '0', '1556184052', '2');
INSERT INTO `xw_community_comment` VALUES ('39', '15', '15', '活生生', '34', '1556184067', '2');
INSERT INTO `xw_community_comment` VALUES ('40', '16', '13', '应用', '0', '1556191008', '2');
INSERT INTO `xw_community_comment` VALUES ('41', '2', '1', '　o(#￣▽￣)==O))￣0￣\")o 金钢飞拳~!!', '0', '1556202414', '-1');
INSERT INTO `xw_community_comment` VALUES ('42', '2', '1', '测试', '0', '1556202413', '-1');
INSERT INTO `xw_community_comment` VALUES ('43', '2', '1', '车重', '0', '1556202416', '-1');
INSERT INTO `xw_community_comment` VALUES ('44', '2', '1', '表情测试\\ud83d\\ude00', '0', '1556202887', '2');
INSERT INTO `xw_community_comment` VALUES ('45', '2', '1', '表情来了\\ud83d\\ude42', '0', '1556202986', '2');
INSERT INTO `xw_community_comment` VALUES ('46', '16', '10', '太美了', '0', '1556247147', '2');
INSERT INTO `xw_community_comment` VALUES ('47', '13', '7', '嘿嘿', '6', '1556251339', '2');
INSERT INTO `xw_community_comment` VALUES ('48', '13', '7', '\\ud83d\\ude04', '0', '1556251343', '2');
INSERT INTO `xw_community_comment` VALUES ('49', '34', '23', '好阔耐！哪里能买？', '0', '1556255708', '2');
INSERT INTO `xw_community_comment` VALUES ('50', '34', '24', '这是谁家的孩子？睡得好香～', '0', '1556255765', '2');
INSERT INTO `xw_community_comment` VALUES ('51', '30', '23', '自己捏的', '0', '1556256422', '-1');
INSERT INTO `xw_community_comment` VALUES ('52', '30', '23', '自己捏的', '49', '1556256420', '2');
INSERT INTO `xw_community_comment` VALUES ('53', '33', '26', '\\ud83e\\udd70\\ud83e\\udd70\\ud83e\\udd70\\ud83e\\udd70', '0', '1556257396', '2');
INSERT INTO `xw_community_comment` VALUES ('54', '30', '24', '大橘', '0', '1556257657', '2');
INSERT INTO `xw_community_comment` VALUES ('55', '2', '2', '一炮打响', '4', '1556423901', '2');
INSERT INTO `xw_community_comment` VALUES ('56', '16', '13', '777', '23', '1556445903', '2');
INSERT INTO `xw_community_comment` VALUES ('57', '15', '33', 'vhjohigug', '0', '1556452567', '2');
INSERT INTO `xw_community_comment` VALUES ('58', '16', '31', '应用', '0', '1556536361', '2');
INSERT INTO `xw_community_comment` VALUES ('59', '2', '37', '爱你', '0', '1556541636', '-1');
INSERT INTO `xw_community_comment` VALUES ('60', '2', '37', '评论', '0', '1556541712', '-1');
INSERT INTO `xw_community_comment` VALUES ('61', '2', '41', '这是啥', '0', '1556541799', '2');

-- ----------------------------
-- Table structure for `xw_community_info`
-- ----------------------------
DROP TABLE IF EXISTS `xw_community_info`;
CREATE TABLE `xw_community_info` (
  `id` int(11) NOT NULL AUTO_INCREMENT,
  `type` tinyint(4) NOT NULL DEFAULT '1' COMMENT '资讯类型：1文章，2音频，3视频',
  `cate_id` int(11) NOT NULL DEFAULT '1' COMMENT '1热门，2最新，3最赞',
  `title` varchar(2000) NOT NULL COMMENT '标题',
  `imgs` varchar(512) NOT NULL COMMENT '图片，逗号分隔',
  `audio_video` varchar(256) NOT NULL COMMENT '音频或视频链接',
  `content` text NOT NULL COMMENT '内容',
  `loves` int(11) NOT NULL DEFAULT '0' COMMENT '点赞量',
  `views` int(11) NOT NULL DEFAULT '0' COMMENT '阅读量',
  `comment` int(11) NOT NULL DEFAULT '0' COMMENT '评论量',
  `shares` int(11) DEFAULT '0' COMMENT '分享量',
  `author_id` int(11) NOT NULL COMMENT '作者ID（会员ID）',
  `labels` varchar(512) NOT NULL COMMENT '标签逗号分隔',
  `status` tinyint(4) NOT NULL DEFAULT '1' COMMENT '状态：-1删除，1显示，2隐藏',
  `time_modify` int(11) NOT NULL COMMENT '修改时间',
  `time_create` int(11) NOT NULL COMMENT '修改时间',
  `sync_weibo` tinyint(4) NOT NULL DEFAULT '2' COMMENT '是否同步微博，1:是；2否',
  `sort` int(11) NOT NULL DEFAULT '1' COMMENT '排序值，默认1，越大越靠前',
  PRIMARY KEY (`id`)
) ENGINE=MyISAM AUTO_INCREMENT=43 DEFAULT CHARSET=utf8 COMMENT='社区内容表';

-- ----------------------------
-- Records of xw_community_info
-- ----------------------------
INSERT INTO `xw_community_info` VALUES ('1', '1', '2', '如果说今年下半年流行什么，那就非豹纹莫属了\n下半年从大牌那边流行出豹纹这个流行元素', 'community/201904241643532389_600_600.jpg,community/201904241643522557_600_601.jpg,community/201904241643536474_600_526.jpg,community/201904241643536939_600_601.jpg,community/201904241643545342_600_601.jpg,community/201904241643558695_600_601.jpg', '', '如果说今年下半年流行什么，那就非豹纹莫属了\n下半年从大牌那边流行出豹纹这个流行元素', '4', '71', '4', '0', '15', '', '1', '1556591886', '1556095437', '2', '24');
INSERT INTO `xw_community_info` VALUES ('2', '1', '2', '细节处见真章，超用心的设计\n面料经过水洗，质地感处理得更有水准\n版型很经得起推敲，又是短款，真的完全不挑人', 'community/201904241648076523_600_601.jpg,community/201904241648089810_600_590.jpg,community/201904241648088924_600_601.jpg', '', '细节处见真章，超用心的设计\n面料经过水洗，质地感处理得更有水准\n版型很经得起推敲，又是短款，真的完全不挑人', '0', '34', '2', '0', '15', '', '1', '1556591886', '1556095690', '2', '18');
INSERT INTO `xw_community_info` VALUES ('3', '1', '2', '奶茶色裤子\n针织呢料裤子，秋冬必备的单品\n料子的肌理比较特别，很上档次\n奶茶色好穿百搭', 'community/201904241649599321_600_591.jpg,community/201904241649586041_600_601.jpg,community/201904241649591404_600_601.jpg', '', '奶茶色裤子\n针织呢料裤子，秋冬必备的单品\n料子的肌理比较特别，很上档次\n奶茶色好穿百搭', '0', '8', '1', '0', '15', '', '1', '1556591886', '1556095799', '2', '14');
INSERT INTO `xw_community_info` VALUES ('4', '1', '2', '火了这么久的格子\n设计师结合了流行色把棉服设计出新高度\n这个紫色的格子超级好看\n衬肤色，刚做出来，大家都围观想试穿呢\n口袋细节和侧边开叉盼盼的细节撞的皮料，款式的新颖美', 'community/201904241651233891_600_601.jpg,community/201904241651238064_600_601.jpg,community/201904241651246120_600_593.jpg,community/201904241651239938_600_398.jpg,community/201904241651243907_600_561.jpg', '', '火了这么久的格子\n设计师结合了流行色把棉服设计出新高度\n这个紫色的格子超级好看\n衬肤色，刚做出来，大家都围观想试穿呢\n口袋细节和侧边开叉盼盼的细节撞的皮料，款式的新颖美', '3', '52', '6', '0', '15', '', '1', '1556591886', '1556095886', '2', '24');
INSERT INTO `xw_community_info` VALUES ('5', '1', '2', '#抽象卫衣#', 'community/201904241652589092_600_600.jpg,community/201904241652562221_600_601.jpg,community/201904241652579591_600_601.jpg,community/201904241652551686_600_601.jpg,community/201904241652579718_600_601.jpg,community/201904241652574020_600_601.jpg', '', '#抽象卫衣#', '0', '9', '0', '0', '15', '', '1', '1556591886', '1556095979', '2', '14');
INSERT INTO `xw_community_info` VALUES ('6', '1', '2', '超级舒适的羊羔毛面料哦，冬天的保暖性超强哦\n设计师在领口下摆做了螺口的撞色拼接\n冬天内搭也超级棒哦', 'community/201904241654483382_600_601.jpg,community/201904241654492325_600_601.jpg,community/201904241654494228_600_600.jpg,community/201904241654508132_600_601.jpg', '', '超级舒适的羊羔毛面料哦，冬天的保暖性超强哦\n设计师在领口下摆做了螺口的撞色拼接\n冬天内搭也超级棒哦', '0', '7', '0', '0', '15', '', '1', '1556591886', '1556096090', '2', '14');
INSERT INTO `xw_community_info` VALUES ('7', '1', '2', '深圳2018年时装周，秀出你的气质！肖老师莅临，嗨翻全场！', 'community/201904241654594715_600_588.jpg', '', '深圳2018年时装周，秀出你的气质！肖老师莅临，嗨翻全场！', '1', '22', '4', '0', '28', '时装秀,时装周,暖冬美搭', '1', '1556591886', '1556096100', '2', '24');
INSERT INTO `xw_community_info` VALUES ('8', '1', '2', '帅气的牛仔服外套哦\n但是内里做了心机设计哦\n用了羊羔毛的内里\n设计师在羊羔毛的上做了菱格纹的一个设计，时尚而特别', 'community/201904241658446668_600_601.jpg,community/201904241658448870_600_531.jpg,community/201904241658459134_600_601.jpg,community/201904241658453489_600_548.jpg,community/201904241658468568_600_601.jpg', '', '帅气的牛仔服外套哦\n但是内里做了心机设计哦\n用了羊羔毛的内里\n设计师在羊羔毛的上做了菱格纹的一个设计，时尚而特别', '1', '13', '1', '0', '15', '外套', '1', '1556591886', '1556096326', '2', '24');
INSERT INTO `xw_community_info` VALUES ('9', '1', '2', '连帽撞色棉服是否让人看了心动呢\n衣身下摆抽绳糸带，增添显瘦挑高视觉\n面料选用优质棉感面料，保暖性较好\n加上撞色元素增加了几许俏皮感厚实\n温暖的白色毛领让这个冬季轻松穿出时尚感', 'community/201904241949159307_600_601.jpg,community/201904241949152671_600_545.jpg,community/201904241949164698_600_601.jpg,community/201904241949167288_600_601.jpg,community/201904241949172535_600_601.jpg,community/201904241949179737_600_601.jpg,community/201904241949178064_600_601.jpg', '', '连帽撞色棉服是否让人看了心动呢\n衣身下摆抽绳糸带，增添显瘦挑高视觉\n面料选用优质棉感面料，保暖性较好\n加上撞色元素增加了几许俏皮感厚实\n温暖的白色毛领让这个冬季轻松穿出时尚感', '1', '9', '0', '0', '15', '棉服', '1', '1556591886', '1556106558', '2', '20');
INSERT INTO `xw_community_info` VALUES ('10', '3', '2', '时尚大咖 小白', '', 'community/201904241955583113_300_600.mp4', '时尚大咖 小白', '3', '129', '6', '0', '15', '前卫', '1', '1556591886', '1556106959', '2', '28');
INSERT INTO `xw_community_info` VALUES ('11', '1', '2', '时尚易逝，风格永存――嘉柏丽尔', 'community/201904242255521836_600_612.jpg,community/201904242255539244_600_1056.jpg,community/201904242255503352_600_666.jpg', '', '时尚易逝，风格永存――嘉柏丽尔', '2', '27', '1', '0', '16', '优雅,中性,帅气,摩登', '1', '1556591886', '1556117754', '2', '24');
INSERT INTO `xw_community_info` VALUES ('12', '1', '2', '衣品如人品，风格如性格', 'community/201904242300007126_600_800.jpg,community/201904242259584408_600_800.jpg,community/201904242300004240_600_800.jpg', '', '衣品如人品，风格如性格', '1', '27', '1', '0', '16', '休闲,中性,帅气', '1', '1556591886', '1556118001', '2', '24');
INSERT INTO `xw_community_info` VALUES ('13', '3', '2', '“去年的服装不再合适，因为我在不断进步。”', '', 'community/201904242302142863_300_600.mp4', '“去年的服装不再合适，因为我在不断进步。”', '4', '119', '5', '0', '16', '最新流行,我行我素,街头设计,甜美', '1', '1556591886', '1556118135', '2', '28');
INSERT INTO `xw_community_info` VALUES ('14', '1', '2', '大脸怪', 'community/201904251445424480_600_601.jpg', '', '大脸怪', '0', '13', '0', '0', '23', '', '1', '1556591886', '1556174743', '2', '26');
INSERT INTO `xw_community_info` VALUES ('15', '3', '2', '99次的想你', '', 'community/201904251454255597_300_600.mp4', '99次的想你', '3', '38', '2', '0', '21', '哈哈哈哈', '1', '1556591886', '1556175269', '2', '32');
INSERT INTO `xw_community_info` VALUES ('16', '1', '2', '技术测试', 'community/201904251636388085_600_487.jpg', '', '技术测试', '0', '2', '0', '0', '2', '', '-1', '1556181398', '1556181398', '2', '1');
INSERT INTO `xw_community_info` VALUES ('17', '1', '2', '雪山下的艺术觉旅丨XG 2019冬“丽·江”发布会', 'community/201904251704204517_600_398.jpg,community/201904251704206903_600_400.jpg', '', '雪山下的艺术觉旅丨XG 2019冬“丽·江”发布会', '0', '23', '0', '0', '13', '自然,Travel,Mountain,Beach', '1', '1556591886', '1556183061', '2', '26');
INSERT INTO `xw_community_info` VALUES ('18', '1', '2', '特', 'community/201904252252357291_600_799.jpg', '', '特', '0', '2', '0', '0', '2', '', '-1', '1556203956', '1556203956', '2', '1');
INSERT INTO `xw_community_info` VALUES ('19', '1', '2', '恩\\ud83d\\ude0a', 'community/201904252255432223_600_585.jpg', '', '恩\\ud83d\\ude0a', '1', '6', '0', '0', '2', '', '-1', '1556204144', '1556204144', '2', '1');
INSERT INTO `xw_community_info` VALUES ('20', '1', '2', '周五愉快', '', '', '周五愉快', '0', '10', '0', '0', '30', '休闲', '-1', '1556248679', '1556248679', '2', '1');
INSERT INTO `xw_community_info` VALUES ('21', '1', '2', 'Justin出道！', '', '', 'Justin出道！', '0', '10', '0', '0', '31', '', '-1', '1556249659', '1556249659', '2', '1');
INSERT INTO `xw_community_info` VALUES ('22', '1', '2', 'Justin Timberlake\nEdmonton', 'community/201904261142272163_600_634.jpg', '', 'Justin Timberlake\nEdmonton', '1', '17', '0', '0', '31', '明星', '1', '1556591886', '1556250147', '2', '32');
INSERT INTO `xw_community_info` VALUES ('23', '1', '2', '周末愉快', 'community/201904261143276548_600_600.jpg', '', '周末愉快', '2', '24', '1', '0', '30', '街头设计,休闲,帅气,摩登', '1', '1556591886', '1556250207', '2', '32');
INSERT INTO `xw_community_info` VALUES ('24', '1', '2', '睡着的喵喵 miao~', 'community/201904261303582645_600_600.jpg', '', '睡着的喵喵 miao~', '1', '26', '2', '0', '33', '', '1', '1556591886', '1556255038', '2', '32');
INSERT INTO `xw_community_info` VALUES ('25', '1', '2', '小模特的拍摄现场，拍小孩子和萌宠都好难啊！', 'community/201904261314254974_600_600.jpg', '', '小模特的拍摄现场，拍小孩子和萌宠都好难啊！', '4', '34', '0', '0', '34', '', '-1', '1556536328', '1556255665', '2', '32');
INSERT INTO `xw_community_info` VALUES ('26', '3', '2', '梦幻灯光秀', '', 'community/201904261314572733_300_600.mp4', '梦幻灯光秀', '1', '19', '1', '0', '33', '', '1', '1556591886', '1556255698', '2', '32');
INSERT INTO `xw_community_info` VALUES ('27', '3', '2', '', '', 'community/201904261519019532_300_600.mp4', '', '1', '10', '0', '0', '31', '', '1', '1556591886', '1556263145', '2', '28');
INSERT INTO `xw_community_info` VALUES ('28', '1', '2', 'Justin出道！', '', '', 'Justin出道！', '0', '3', '0', '0', '31', '明星,NINEPERCENT', '-1', '1556263825', '1556263825', '2', '1');
INSERT INTO `xw_community_info` VALUES ('29', '1', '2', '', '', '', '', '0', '1', '0', '0', '31', '', '-1', '1556263884', '1556263884', '2', '1');
INSERT INTO `xw_community_info` VALUES ('30', '1', '2', '明日之星', 'community/201904262035366262_600_1058.jpg', '', '明日之星', '0', '11', '0', '0', '6', '铭刻,碧芳,春日搭配推荐,Georges Hobeika 新款推荐,风口浪尖', '1', '1556591886', '1556282136', '2', '26');
INSERT INTO `xw_community_info` VALUES ('31', '3', '2', '#抖音#\n记录美好生活\n', '', 'community/201904281028514298_300_600.mp4', '#抖音#\n记录美好生活', '1', '14', '1', '0', '15', '抖音', '1', '1556591886', '1556418532', '2', '32');
INSERT INTO `xw_community_info` VALUES ('32', '1', '2', '\\ud83d\\ude0a猫', 'community/201904281122115789_600_527.jpg', '', '\\ud83d\\ude0a猫', '1', '23', '0', '0', '15', '', '1', '1556591886', '1556421732', '2', '32');
INSERT INTO `xw_community_info` VALUES ('33', '1', '2', '', 'community/201904281619595911_600_529.jpg,community/201904281620007568_600_536.jpg', '', '', '0', '15', '1', '0', '13', '优雅,帅气', '1', '1556591886', '1556439600', '2', '26');
INSERT INTO `xw_community_info` VALUES ('34', '1', '2', '#今日份天气#', 'community/201904281920431077_600_524.jpg', '', '#今日份天气#', '0', '0', '0', '0', '15', '', '-1', '1556506920', '1556450444', '2', '34');
INSERT INTO `xw_community_info` VALUES ('35', '3', '2', '#记录#', '', 'community/201904281922266560_300_600.mp4', '#记录#', '0', '6', '0', '0', '15', '抖音', '1', '1556591886', '1556450547', '2', '22');
INSERT INTO `xw_community_info` VALUES ('36', '1', '2', '怪兽', 'community/201904282008056319_600_534.jpg', '', '怪兽', '0', '0', '0', '0', '15', '', '-1', '1556506920', '1556453286', '2', '34');
INSERT INTO `xw_community_info` VALUES ('37', '1', '2', '你好', 'community/201904292001077162_600_321.jpg', '', '你好', '0', '9', '-1', '0', '2', '中国女孩', '1', '1556591886', '1556539267', '2', '34');
INSERT INTO `xw_community_info` VALUES ('38', '1', '2', '迷宫', 'community/201904292030444769_600_600.jpg', '', '迷宫', '0', '2', '0', '0', '23', '廖大胖专属标签,中国女孩', '1', '1556591886', '1556541045', '2', '34');
INSERT INTO `xw_community_info` VALUES ('39', '1', '2', '哈哈哈', 'community/201904292032389677_600_448.jpg', '', '哈哈哈', '0', '3', '0', '0', '15', '中国女孩', '1', '1556591886', '1556541159', '2', '34');
INSERT INTO `xw_community_info` VALUES ('40', '1', '2', '\\ud83c\\udf1e', 'community/201904292033202529_600_529.jpg', '', '\\ud83c\\udf1e', '0', '2', '0', '0', '15', '中国女孩', '1', '1556551757', '1556541201', '2', '42');
INSERT INTO `xw_community_info` VALUES ('41', '1', '2', '哈哈哈', 'community/201904292033412705_600_526.jpg', '', '哈哈哈', '0', '5', '1', '0', '15', '廖大胖专属标签,中国女孩', '1', '1556591886', '1556541222', '2', '34');
INSERT INTO `xw_community_info` VALUES ('42', '1', '2', '-六级答案件事情形状各异地解决赛事', 'community/201904301023195519_600_1266.jpg', '', '-六级答案件事情形状各异地解决赛事', '0', '0', '0', '0', '29', '我行我素,日韩风,街头设计,文艺清新,优雅,帅气,摩登,戏剧,廖大胖专属标签,四叠半神话大系', '-1', '1556590999', '1556590999', '2', '1');

-- ----------------------------
-- Table structure for `xw_community_label`
-- ----------------------------
DROP TABLE IF EXISTS `xw_community_label`;
CREATE TABLE `xw_community_label` (
  `id` int(11) NOT NULL AUTO_INCREMENT,
  `name` varchar(128) NOT NULL COMMENT '标签名',
  `status` tinyint(4) NOT NULL DEFAULT '1' COMMENT '状态：-1删除，1显示',
  `member_id` int(11) NOT NULL,
  `time_create` int(11) NOT NULL DEFAULT '2' COMMENT '创建时间',
  `sort` int(11) NOT NULL DEFAULT '255' COMMENT '排序值，正序',
  PRIMARY KEY (`id`)
) ENGINE=MyISAM AUTO_INCREMENT=167 DEFAULT CHARSET=utf8 COMMENT='社区标签表';

-- ----------------------------
-- Records of xw_community_label
-- ----------------------------
INSERT INTO `xw_community_label` VALUES ('1', '火热', '-1', '1', '1552566816', '255');
INSERT INTO `xw_community_label` VALUES ('2', '火热232', '1', '1', '1552566748', '255');
INSERT INTO `xw_community_label` VALUES ('3', '22火热232', '1', '1', '1552566752', '255');
INSERT INTO `xw_community_label` VALUES ('4', '秘密', '1', '6', '1553238134', '255');
INSERT INTO `xw_community_label` VALUES ('5', '天空', '1', '6', '1553247683', '255');
INSERT INTO `xw_community_label` VALUES ('6', '维密', '1', '6', '1553249699', '255');
INSERT INTO `xw_community_label` VALUES ('7', '红莲', '1', '6', '1553249835', '255');
INSERT INTO `xw_community_label` VALUES ('8', '炼狱', '1', '6', '1553249984', '255');
INSERT INTO `xw_community_label` VALUES ('9', '玉溪', '1', '6', '1553249997', '255');
INSERT INTO `xw_community_label` VALUES ('10', '西海', '1', '6', '1553250913', '255');
INSERT INTO `xw_community_label` VALUES ('11', '海旭', '1', '6', '1553251086', '255');
INSERT INTO `xw_community_label` VALUES ('12', '虚度', '1', '6', '1553251240', '255');
INSERT INTO `xw_community_label` VALUES ('13', '杜克', '1', '6', '1553251441', '255');
INSERT INTO `xw_community_label` VALUES ('14', '氪金', '1', '6', '1553251593', '255');
INSERT INTO `xw_community_label` VALUES ('15', '金沙', '1', '6', '1553251739', '255');
INSERT INTO `xw_community_label` VALUES ('16', '莎莎', '1', '6', '1553251763', '255');
INSERT INTO `xw_community_label` VALUES ('17', '沙鸥', '1', '6', '1553251771', '255');
INSERT INTO `xw_community_label` VALUES ('18', '欧凯', '1', '6', '1553252249', '255');
INSERT INTO `xw_community_label` VALUES ('19', '开元', '1', '6', '1553252345', '255');
INSERT INTO `xw_community_label` VALUES ('20', '源流', '1', '6', '1553252769', '255');
INSERT INTO `xw_community_label` VALUES ('21', '琉球', '1', '6', '1553252950', '255');
INSERT INTO `xw_community_label` VALUES ('22', '秋明', '1', '6', '1553253160', '255');
INSERT INTO `xw_community_label` VALUES ('23', '铭刻', '1', '6', '1553253203', '255');
INSERT INTO `xw_community_label` VALUES ('24', '克鲁', '1', '6', '1553253271', '255');
INSERT INTO `xw_community_label` VALUES ('25', '庐山', '1', '6', '1553253341', '255');
INSERT INTO `xw_community_label` VALUES ('26', '山科', '1', '6', '1553253351', '255');
INSERT INTO `xw_community_label` VALUES ('27', '科比', '1', '6', '1553253398', '255');
INSERT INTO `xw_community_label` VALUES ('28', '碧芳', '1', '6', '1553254161', '255');
INSERT INTO `xw_community_label` VALUES ('29', '芳心', '1', '6', '1553254196', '255');
INSERT INTO `xw_community_label` VALUES ('30', '新月', '1', '6', '1553254872', '255');
INSERT INTO `xw_community_label` VALUES ('31', '越明', '1', '6', '1553254936', '255');
INSERT INTO `xw_community_label` VALUES ('32', '人人', '1', '6', '1553757536', '255');
INSERT INTO `xw_community_label` VALUES ('33', '春日搭配推荐', '1', '6', '1553760554', '255');
INSERT INTO `xw_community_label` VALUES ('34', 'Georges Hobeika 新款推荐', '1', '6', '1553762231', '255');
INSERT INTO `xw_community_label` VALUES ('35', 'Cooking', '1', '6', '1553766913', '255');
INSERT INTO `xw_community_label` VALUES ('36', '耳朵', '1', '6', '1554990723', '255');
INSERT INTO `xw_community_label` VALUES ('37', '哈哈', '1', '13', '1555146758', '255');
INSERT INTO `xw_community_label` VALUES ('38', '哈哈哈', '1', '13', '1555146759', '255');
INSERT INTO `xw_community_label` VALUES ('39', '。。。', '1', '18', '1555213827', '255');
INSERT INTO `xw_community_label` VALUES ('40', '了几家', '1', '16', '1555214732', '255');
INSERT INTO `xw_community_label` VALUES ('41', '咯莫', '1', '16', '1555217864', '255');
INSERT INTO `xw_community_label` VALUES ('42', '美女', '1', '16', '1555217871', '255');
INSERT INTO `xw_community_label` VALUES ('43', '合适的哈哈', '1', '15', '1555223511', '255');
INSERT INTO `xw_community_label` VALUES ('44', '空', '1', '2', '1555226722', '255');
INSERT INTO `xw_community_label` VALUES ('45', '本来', '1', '2', '1555250561', '255');
INSERT INTO `xw_community_label` VALUES ('46', '哈哈哈哈', '1', '21', '1555383227', '255');
INSERT INTO `xw_community_label` VALUES ('47', '即克克', '1', '21', '1555383230', '255');
INSERT INTO `xw_community_label` VALUES ('48', '乒乒乓乓', '1', '21', '1555383233', '255');
INSERT INTO `xw_community_label` VALUES ('49', '哈哈哈个', '1', '21', '1555383245', '255');
INSERT INTO `xw_community_label` VALUES ('50', '骨灰盒h', '1', '21', '1555383276', '255');
INSERT INTO `xw_community_label` VALUES ('51', '哈哈哈哈哥哥哥哥', '1', '21', '1555383287', '255');
INSERT INTO `xw_community_label` VALUES ('52', '不寻仙不行', '1', '15', '1555399956', '255');
INSERT INTO `xw_community_label` VALUES ('53', '那些你', '1', '15', '1555399960', '255');
INSERT INTO `xw_community_label` VALUES ('54', 'bu x w bi xw bi w xbi bi we', '1', '15', '1555399963', '255');
INSERT INTO `xw_community_label` VALUES ('55', '基本上信息呢', '1', '15', '1555399965', '255');
INSERT INTO `xw_community_label` VALUES ('56', '巨蟹为你下午您微信', '1', '15', '1555399968', '255');
INSERT INTO `xw_community_label` VALUES ('57', 'uhh', '1', '16', '1555404618', '255');
INSERT INTO `xw_community_label` VALUES ('58', 'vbbbn', '1', '16', '1555404628', '255');
INSERT INTO `xw_community_label` VALUES ('59', '花草', '1', '13', '1555421929', '255');
INSERT INTO `xw_community_label` VALUES ('60', '树木', '1', '13', '1555421936', '255');
INSERT INTO `xw_community_label` VALUES ('61', '自然', '1', '13', '1555421940', '255');
INSERT INTO `xw_community_label` VALUES ('62', '帅哥', '1', '13', '1555423423', '255');
INSERT INTO `xw_community_label` VALUES ('63', '还好还好', '1', '23', '1555425424', '255');
INSERT INTO `xw_community_label` VALUES ('64', '嘿嘿', '1', '23', '1555425463', '255');
INSERT INTO `xw_community_label` VALUES ('65', '蛋蛋', '1', '23', '1555425465', '255');
INSERT INTO `xw_community_label` VALUES ('66', '发发发', '1', '23', '1555425465', '255');
INSERT INTO `xw_community_label` VALUES ('67', '明天', '1', '6', '1555425477', '255');
INSERT INTO `xw_community_label` VALUES ('68', '当饭吃', '1', '23', '1555425483', '255');
INSERT INTO `xw_community_label` VALUES ('69', '房价', '1', '23', '1555425485', '255');
INSERT INTO `xw_community_label` VALUES ('70', '兔兔', '1', '16', '1555501279', '255');
INSERT INTO `xw_community_label` VALUES ('71', '提琴', '1', '6', '1555560991', '255');
INSERT INTO `xw_community_label` VALUES ('72', '单车', '1', '13', '1555589599', '255');
INSERT INTO `xw_community_label` VALUES ('73', '涨价', '1', '13', '1555589603', '255');
INSERT INTO `xw_community_label` VALUES ('74', 'Xin', '1', '13', '1555594014', '255');
INSERT INTO `xw_community_label` VALUES ('75', '夏天', '1', '13', '1555596572', '255');
INSERT INTO `xw_community_label` VALUES ('76', '美妆', '1', '13', '1555596831', '255');
INSERT INTO `xw_community_label` VALUES ('77', '护肤', '1', '13', '1555596834', '255');
INSERT INTO `xw_community_label` VALUES ('78', '夏日', '1', '13', '1555596840', '255');
INSERT INTO `xw_community_label` VALUES ('79', '朋友', '1', '13', '1555605344', '255');
INSERT INTO `xw_community_label` VALUES ('80', '兔兔哦哦哦', '1', '16', '1555640813', '255');
INSERT INTO `xw_community_label` VALUES ('81', '美食', '1', '13', '1555687309', '255');
INSERT INTO `xw_community_label` VALUES ('82', '我问一下', '1', '16', '1555732257', '255');
INSERT INTO `xw_community_label` VALUES ('83', '测试', '1', '13', '1555740788', '255');
INSERT INTO `xw_community_label` VALUES ('84', '阳光', '1', '20', '1555899758', '255');
INSERT INTO `xw_community_label` VALUES ('85', '绿叶', '1', '20', '1555899768', '255');
INSERT INTO `xw_community_label` VALUES ('86', '你现在', '1', '16', '1555902139', '255');
INSERT INTO `xw_community_label` VALUES ('87', '洗衣', '1', '13', '1555912029', '255');
INSERT INTO `xw_community_label` VALUES ('88', '咖啡', '1', '24', '1555930713', '255');
INSERT INTO `xw_community_label` VALUES ('89', '星巴克', '1', '24', '1555930735', '255');
INSERT INTO `xw_community_label` VALUES ('90', '美丽', '1', '6', '1555943234', '255');
INSERT INTO `xw_community_label` VALUES ('91', '美', '1', '13', '1556031403', '255');
INSERT INTO `xw_community_label` VALUES ('92', '刀剑', '1', '6', '1556032058', '255');
INSERT INTO `xw_community_label` VALUES ('93', '系统标签【测试】', '1', '2', '1556034004', '255');
INSERT INTO `xw_community_label` VALUES ('94', '哦模', '1', '2', '1556034431', '255');
INSERT INTO `xw_community_label` VALUES ('95', '穿搭', '1', '13', '1556072655', '255');
INSERT INTO `xw_community_label` VALUES ('96', '昕薇', '1', '6', '1556079572', '255');
INSERT INTO `xw_community_label` VALUES ('97', '玲玲', '1', '6', '1556079629', '255');
INSERT INTO `xw_community_label` VALUES ('98', '时装秀', '1', '28', '1556086510', '255');
INSERT INTO `xw_community_label` VALUES ('99', '时装周', '1', '28', '1556086534', '255');
INSERT INTO `xw_community_label` VALUES ('100', '小香风套装', '1', '15', '1556088355', '255');
INSERT INTO `xw_community_label` VALUES ('101', '暖冬美搭', '1', '28', '1556096023', '255');
INSERT INTO `xw_community_label` VALUES ('102', '开学季', '1', '28', '1556096029', '255');
INSERT INTO `xw_community_label` VALUES ('103', '外套', '1', '15', '1556096317', '255');
INSERT INTO `xw_community_label` VALUES ('104', '最新流行', '1', '0', '2', '255');
INSERT INTO `xw_community_label` VALUES ('105', '我行我素', '1', '0', '2', '255');
INSERT INTO `xw_community_label` VALUES ('106', '日韩风', '1', '0', '2', '255');
INSERT INTO `xw_community_label` VALUES ('107', '早春', '1', '0', '2', '255');
INSERT INTO `xw_community_label` VALUES ('108', '秋冬搭配', '1', '0', '2', '255');
INSERT INTO `xw_community_label` VALUES ('109', '暖冬美搭', '1', '0', '2', '255');
INSERT INTO `xw_community_label` VALUES ('110', '开学季', '1', '0', '2', '255');
INSERT INTO `xw_community_label` VALUES ('111', '街头设计', '1', '0', '2', '255');
INSERT INTO `xw_community_label` VALUES ('112', '休闲', '1', '0', '2', '255');
INSERT INTO `xw_community_label` VALUES ('113', '文艺清新', '1', '0', '2', '255');
INSERT INTO `xw_community_label` VALUES ('114', '优雅', '1', '0', '2', '255');
INSERT INTO `xw_community_label` VALUES ('115', '前卫', '1', '0', '2', '255');
INSERT INTO `xw_community_label` VALUES ('116', '浪漫', '1', '0', '2', '255');
INSERT INTO `xw_community_label` VALUES ('117', '中性', '1', '0', '2', '255');
INSERT INTO `xw_community_label` VALUES ('118', '帅气', '1', '0', '2', '255');
INSERT INTO `xw_community_label` VALUES ('119', '摩登', '1', '0', '2', '255');
INSERT INTO `xw_community_label` VALUES ('120', '棉服', '1', '15', '1556106549', '255');
INSERT INTO `xw_community_label` VALUES ('121', '戏剧', '1', '0', '2', '255');
INSERT INTO `xw_community_label` VALUES ('122', '甜美', '1', '0', '2', '255');
INSERT INTO `xw_community_label` VALUES ('123', '应用', '1', '16', '1556118225', '255');
INSERT INTO `xw_community_label` VALUES ('124', 'Travel', '1', '13', '1556183027', '255');
INSERT INTO `xw_community_label` VALUES ('125', 'Mountain', '1', '13', '1556183036', '255');
INSERT INTO `xw_community_label` VALUES ('126', 'Beach', '1', '13', '1556183040', '255');
INSERT INTO `xw_community_label` VALUES ('127', 'New', '1', '13', '1556184917', '255');
INSERT INTO `xw_community_label` VALUES ('128', '敦煌', '1', '6', '1556184968', '255');
INSERT INTO `xw_community_label` VALUES ('129', '还是好说好说', '1', '6', '1556184979', '255');
INSERT INTO `xw_community_label` VALUES ('130', '鸿坤', '1', '6', '1556185222', '255');
INSERT INTO `xw_community_label` VALUES ('131', '公积金', '1', '6', '1556185335', '255');
INSERT INTO `xw_community_label` VALUES ('132', '恭贺', '1', '6', '1556186451', '255');
INSERT INTO `xw_community_label` VALUES ('133', '股海', '1', '6', '1556186509', '255');
INSERT INTO `xw_community_label` VALUES ('134', '功夫', '1', '6', '1556193763', '255');
INSERT INTO `xw_community_label` VALUES ('135', '黄花', '1', '6', '1556244919', '255');
INSERT INTO `xw_community_label` VALUES ('136', '樊川', '1', '6', '1556245092', '255');
INSERT INTO `xw_community_label` VALUES ('137', '基督教', '1', '6', '1556245301', '255');
INSERT INTO `xw_community_label` VALUES ('138', '北美神马风格', '-1', '0', '1556245301', '256');
INSERT INTO `xw_community_label` VALUES ('139', '发发', '1', '6', '1556246249', '255');
INSERT INTO `xw_community_label` VALUES ('140', '佛山', '1', '6', '1556246471', '255');
INSERT INTO `xw_community_label` VALUES ('141', '东方', '1', '6', '1556246543', '255');
INSERT INTO `xw_community_label` VALUES ('142', '菜菜', '1', '6', '1556246638', '255');
INSERT INTO `xw_community_label` VALUES ('143', '出版', '1', '6', '1556246703', '255');
INSERT INTO `xw_community_label` VALUES ('144', '明星', '1', '31', '1556249445', '255');
INSERT INTO `xw_community_label` VALUES ('145', 'NINEPERCENT', '1', '31', '1556249609', '255');
INSERT INTO `xw_community_label` VALUES ('146', '改变自己', '1', '6', '1556268999', '255');
INSERT INTO `xw_community_label` VALUES ('147', '高贵', '1', '6', '1556270329', '255');
INSERT INTO `xw_community_label` VALUES ('148', '逆境', '1', '6', '1556270872', '255');
INSERT INTO `xw_community_label` VALUES ('149', '海南', '1', '6', '1556270967', '255');
INSERT INTO `xw_community_label` VALUES ('150', '库克', '1', '6', '1556271433', '255');
INSERT INTO `xw_community_label` VALUES ('151', '题目', '1', '6', '1556273223', '255');
INSERT INTO `xw_community_label` VALUES ('152', '恩德', '1', '6', '1556273436', '255');
INSERT INTO `xw_community_label` VALUES ('153', '国家大事', '1', '6', '1556275008', '255');
INSERT INTO `xw_community_label` VALUES ('154', '国际线', '1', '6', '1556275110', '255');
INSERT INTO `xw_community_label` VALUES ('155', '富贵', '1', '6', '1556275465', '255');
INSERT INTO `xw_community_label` VALUES ('156', '华庭街', '1', '6', '1556276956', '255');
INSERT INTO `xw_community_label` VALUES ('157', '瓯江', '1', '6', '1556277424', '255');
INSERT INTO `xw_community_label` VALUES ('158', '黑客', '1', '6', '1556277669', '255');
INSERT INTO `xw_community_label` VALUES ('159', '东尼', '1', '6', '1556277799', '255');
INSERT INTO `xw_community_label` VALUES ('160', '风口浪尖', '1', '6', '1556281961', '255');
INSERT INTO `xw_community_label` VALUES ('161', '抖音', '1', '15', '1556418528', '255');
INSERT INTO `xw_community_label` VALUES ('162', '时尚', '1', '0', '1556520130', '33');
INSERT INTO `xw_community_label` VALUES ('163', '廖大胖专属标签', '1', '0', '1556520751', '2');
INSERT INTO `xw_community_label` VALUES ('164', '中国女孩', '1', '0', '1556533178', '1');
INSERT INTO `xw_community_label` VALUES ('165', '四叠半神话大系', '1', '0', '1556535957', '33');
INSERT INTO `xw_community_label` VALUES ('166', '惊奇物语', '1', '0', '1556536103', '333');

-- ----------------------------
-- Table structure for `xw_community_loves`
-- ----------------------------
DROP TABLE IF EXISTS `xw_community_loves`;
CREATE TABLE `xw_community_loves` (
  `id` int(11) NOT NULL AUTO_INCREMENT,
  `member_id` int(11) NOT NULL COMMENT '会员ID',
  `community_id` int(11) NOT NULL COMMENT '内容ID',
  `comment_id` int(11) NOT NULL DEFAULT '0' COMMENT '评论ID：默认0',
  `status` tinyint(4) NOT NULL DEFAULT '1' COMMENT '状态：1点赞，2取消点赞',
  `time_create` int(11) NOT NULL COMMENT '时间',
  PRIMARY KEY (`id`)
) ENGINE=MyISAM AUTO_INCREMENT=62 DEFAULT CHARSET=utf8 COMMENT='社区点赞表';

-- ----------------------------
-- Records of xw_community_loves
-- ----------------------------
INSERT INTO `xw_community_loves` VALUES ('1', '21', '1', '0', '1', '1556095644');
INSERT INTO `xw_community_loves` VALUES ('2', '15', '1', '0', '1', '1556176526');
INSERT INTO `xw_community_loves` VALUES ('3', '15', '2', '0', '2', '1556176465');
INSERT INTO `xw_community_loves` VALUES ('4', '15', '2', '3', '1', '1556099435');
INSERT INTO `xw_community_loves` VALUES ('5', '15', '2', '4', '1', '1556099436');
INSERT INTO `xw_community_loves` VALUES ('6', '23', '1', '0', '1', '1556099807');
INSERT INTO `xw_community_loves` VALUES ('7', '15', '10', '0', '2', '1556176463');
INSERT INTO `xw_community_loves` VALUES ('8', '6', '10', '0', '1', '1556107232');
INSERT INTO `xw_community_loves` VALUES ('9', '13', '10', '0', '1', '1556180018');
INSERT INTO `xw_community_loves` VALUES ('10', '20', '4', '7', '1', '1556110338');
INSERT INTO `xw_community_loves` VALUES ('11', '20', '4', '0', '1', '1556110341');
INSERT INTO `xw_community_loves` VALUES ('12', '23', '10', '0', '1', '1556110341');
INSERT INTO `xw_community_loves` VALUES ('13', '20', '1', '5', '1', '1556110350');
INSERT INTO `xw_community_loves` VALUES ('14', '13', '9', '0', '1', '1556112858');
INSERT INTO `xw_community_loves` VALUES ('15', '16', '10', '0', '2', '1556190964');
INSERT INTO `xw_community_loves` VALUES ('16', '16', '10', '9', '1', '1556117240');
INSERT INTO `xw_community_loves` VALUES ('17', '16', '4', '7', '1', '1556117351');
INSERT INTO `xw_community_loves` VALUES ('18', '16', '8', '0', '1', '1556117389');
INSERT INTO `xw_community_loves` VALUES ('19', '16', '2', '0', '2', '1556117426');
INSERT INTO `xw_community_loves` VALUES ('20', '16', '4', '0', '1', '1556117430');
INSERT INTO `xw_community_loves` VALUES ('21', '16', '11', '15', '1', '1556117833');
INSERT INTO `xw_community_loves` VALUES ('22', '16', '11', '0', '1', '1556117834');
INSERT INTO `xw_community_loves` VALUES ('23', '21', '4', '7', '1', '1556119389');
INSERT INTO `xw_community_loves` VALUES ('24', '21', '4', '22', '1', '1556119441');
INSERT INTO `xw_community_loves` VALUES ('25', '21', '10', '10', '1', '1556119509');
INSERT INTO `xw_community_loves` VALUES ('26', '32', '13', '0', '1', '1556156505');
INSERT INTO `xw_community_loves` VALUES ('27', '13', '10', '10', '1', '1556162120');
INSERT INTO `xw_community_loves` VALUES ('28', '21', '10', '9', '1', '1556174644');
INSERT INTO `xw_community_loves` VALUES ('29', '21', '13', '0', '1', '1556174812');
INSERT INTO `xw_community_loves` VALUES ('30', '21', '15', '0', '1', '1556175333');
INSERT INTO `xw_community_loves` VALUES ('31', '15', '13', '0', '1', '1556176523');
INSERT INTO `xw_community_loves` VALUES ('32', '15', '4', '0', '1', '1556176538');
INSERT INTO `xw_community_loves` VALUES ('33', '15', '12', '0', '1', '1556176540');
INSERT INTO `xw_community_loves` VALUES ('34', '15', '11', '0', '1', '1556176544');
INSERT INTO `xw_community_loves` VALUES ('35', '15', '7', '0', '1', '1556176546');
INSERT INTO `xw_community_loves` VALUES ('36', '13', '13', '26', '2', '1556180908');
INSERT INTO `xw_community_loves` VALUES ('37', '21', '7', '1', '1', '1556182065');
INSERT INTO `xw_community_loves` VALUES ('38', '13', '15', '0', '1', '1556182851');
INSERT INTO `xw_community_loves` VALUES ('39', '2', '19', '0', '1', '1556204755');
INSERT INTO `xw_community_loves` VALUES ('40', '31', '1', '0', '1', '1556248341');
INSERT INTO `xw_community_loves` VALUES ('41', '34', '23', '0', '1', '1556255686');
INSERT INTO `xw_community_loves` VALUES ('42', '34', '24', '0', '1', '1556255724');
INSERT INTO `xw_community_loves` VALUES ('43', '34', '22', '0', '1', '1556255777');
INSERT INTO `xw_community_loves` VALUES ('44', '33', '25', '0', '1', '1556256415');
INSERT INTO `xw_community_loves` VALUES ('45', '33', '23', '0', '1', '1556256436');
INSERT INTO `xw_community_loves` VALUES ('46', '33', '15', '0', '1', '1556256450');
INSERT INTO `xw_community_loves` VALUES ('47', '30', '25', '0', '1', '1556520373');
INSERT INTO `xw_community_loves` VALUES ('48', '30', '26', '0', '1', '1556257237');
INSERT INTO `xw_community_loves` VALUES ('49', '34', '13', '0', '1', '1556257297');
INSERT INTO `xw_community_loves` VALUES ('50', '34', '25', '0', '1', '1556526769');
INSERT INTO `xw_community_loves` VALUES ('51', '31', '22', '0', '2', '1556263916');
INSERT INTO `xw_community_loves` VALUES ('52', '31', '27', '0', '1', '1556268515');
INSERT INTO `xw_community_loves` VALUES ('53', '31', '25', '0', '1', '1556268568');
INSERT INTO `xw_community_loves` VALUES ('54', '13', '22', '0', '2', '1556276360');
INSERT INTO `xw_community_loves` VALUES ('55', '13', '17', '0', '2', '1556276370');
INSERT INTO `xw_community_loves` VALUES ('56', '13', '10', '46', '2', '1556277433');
INSERT INTO `xw_community_loves` VALUES ('57', '16', '4', '22', '1', '1556445965');
INSERT INTO `xw_community_loves` VALUES ('58', '16', '17', '0', '2', '1556445976');
INSERT INTO `xw_community_loves` VALUES ('59', '13', '32', '0', '1', '1556449173');
INSERT INTO `xw_community_loves` VALUES ('60', '16', '31', '0', '1', '1556536342');
INSERT INTO `xw_community_loves` VALUES ('61', '16', '31', '58', '1', '1556536419');

-- ----------------------------
-- Table structure for `xw_member_info`
-- ----------------------------
DROP TABLE IF EXISTS `xw_member_info`;
CREATE TABLE `xw_member_info` (
  `id` int(11) NOT NULL AUTO_INCREMENT,
  `phone` varchar(11) NOT NULL COMMENT '手机号',
  `name` varchar(64) NOT NULL DEFAULT '' COMMENT '用户名，昵称',
  `headimg` varchar(256) NOT NULL DEFAULT '' COMMENT '头像',
  `sex` tinyint(4) NOT NULL DEFAULT '0',
  `country` varchar(32) NOT NULL DEFAULT '中国' COMMENT '国家',
  `province` varchar(64) NOT NULL DEFAULT '' COMMENT '省份',
  `city` varchar(64) NOT NULL DEFAULT '' COMMENT '城市',
  `county` varchar(64) DEFAULT '' COMMENT '县',
  `address` varchar(256) NOT NULL DEFAULT '' COMMENT '地址',
  `age` int(11) NOT NULL DEFAULT '0' COMMENT '年龄',
  `weibo` varchar(256) NOT NULL DEFAULT '' COMMENT '微博',
  `role` tinyint(4) NOT NULL DEFAULT '0' COMMENT '0会员，1管理员',
  `time_create` int(11) NOT NULL COMMENT '创建时间',
  `time_modify` int(11) NOT NULL COMMENT '修改时间',
  PRIMARY KEY (`id`)
) ENGINE=MyISAM AUTO_INCREMENT=36 DEFAULT CHARSET=utf8 COMMENT='会员信息表';

-- ----------------------------
-- Records of xw_member_info
-- ----------------------------
INSERT INTO `xw_member_info` VALUES ('1', '138888888', '昕薇女孩', 'http://www.xinwei.tv//uploadfile/2015/0723/20150723121738992.jpg', '0', '中国', '广东省', '深圳市', '南山区', '北里创兴', '0', '', '1', '1552476069', '1556164894');
INSERT INTO `xw_member_info` VALUES ('2', '15814486999', '51', 'http://xinwei-oss-aliyun.oss-cn-beijing.aliyuncs.com/community/201904260002232707_300_600.jpg', '1', '中国', '广东', '深圳', '宝安区', '', '30', '', '1', '1552476069', '1556541384');
INSERT INTO `xw_member_info` VALUES ('14', '13163784364', '', 'http://xinweifashion.test.yzjtech.com/uploads/nomal_heading.png', '0', '中国', '', '', '', '', '0', '', '0', '1555207759', '1555207759');
INSERT INTO `xw_member_info` VALUES ('3', '15622340844', '', 'http://xinweifashion.test.yzjtech.com/uploads/nomal_heading.png', '0', '中国', '', '', '', '', '0', '', '0', '1552961438', '1556201453');
INSERT INTO `xw_member_info` VALUES ('4', '13265924231', '', 'http://xinweifashion.test.yzjtech.com/uploads/nomal_heading.png', '0', '中国', '', '', '', '', '0', '', '0', '1552965320', '1552965320');
INSERT INTO `xw_member_info` VALUES ('5', '15622340843', '', 'http://xinweifashion.test.yzjtech.com/uploads/nomal_heading.png', '0', '中国', '', '', '', '', '0', '', '0', '1552966721', '1552966721');
INSERT INTO `xw_member_info` VALUES ('6', '15626435855', '昕薇', 'http://xinwei-oss-aliyun.oss-cn-beijing.aliyuncs.com/community/201904292040242153_300_600.jpg', '3', '中国', '北京', '北京', '海淀区', '高新九道', '23', '', '1', '1552968680', '1556541625');
INSERT INTO `xw_member_info` VALUES ('7', '15622340845', '', 'http://xinweifashion.test.yzjtech.com/uploads/nomal_heading.png', '0', '中国', '', '', '', '', '0', '', '0', '1552977711', '1552977711');
INSERT INTO `xw_member_info` VALUES ('8', '15622340856', '', 'http://xinweifashion.test.yzjtech.com/uploads/nomal_heading.png', '0', '中国', '', '', '', '', '0', '', '0', '1552977962', '1552977962');
INSERT INTO `xw_member_info` VALUES ('9', '15622340847', '', 'http://xinweifashion.test.yzjtech.com/uploads/nomal_heading.png', '0', '中国', '', '', '', '', '0', '', '0', '1552978088', '1552978088');
INSERT INTO `xw_member_info` VALUES ('10', '15622340810', '', 'http://xinweifashion.test.yzjtech.com/uploads/nomal_heading.png', '0', '中国', '', '', '', '', '0', '', '0', '1552978147', '1552978147');
INSERT INTO `xw_member_info` VALUES ('11', '15622340846', '', 'http://xinweifashion.test.yzjtech.com/uploads/nomal_heading.png', '0', '中国', '', '', '', '', '0', '', '0', '1553051854', '1553051854');
INSERT INTO `xw_member_info` VALUES ('12', '15622340819', '', 'http://xinweifashion.test.yzjtech.com/uploads/nomal_heading.png', '0', '中国', '', '', '', '', '0', '', '0', '1553600265', '1553600265');
INSERT INTO `xw_member_info` VALUES ('15', '18565752573', 'vhjohigug', 'http://xinweifashion.test.yzjtech.com/uploads/201904232157122324_300_600.jpg', '1', '中国', '湖北', '武汉', '江岸区', '', '132575', '', '1', '1555210194', '1556508603');
INSERT INTO `xw_member_info` VALUES ('13', '17688733203', '李佳琦', 'http://xinwei-oss-aliyun.oss-cn-beijing.aliyuncs.com/community/201904281705089784_300_600.jpg', '1', '中国', '北京', '北京', '东城区', '', '16', '', '0', '1554972586', '1556443780');
INSERT INTO `xw_member_info` VALUES ('16', '15270820013', '11', 'http://xinwei-oss-aliyun.oss-cn-beijing.aliyuncs.com/community/201904242321456860_300_600.jpg', '2', '中国', '江西', '南昌', '东湖区', '', '656', '', '0', '1555210272', '1556119459');
INSERT INTO `xw_member_info` VALUES ('17', '13902479582', '小幸运', 'http://xinweifashion.test.yzjtech.com/uploads/201904241121527003_300_600.jpg', '0', '中国', '北京', '北京', '海淀区', '', '0', '', '0', '1555211248', '1556076112');
INSERT INTO `xw_member_info` VALUES ('18', '15927469153', '阿卡丽', 'http://xinweifashion.test.yzjtech.com/uploads/nomal_heading.png', '0', '中国', '', '', '', '', '22', '', '0', '1555211270', '1555214078');
INSERT INTO `xw_member_info` VALUES ('19', '18194086635', '', 'http://xinweifashion.test.yzjtech.com/uploads/nomal_heading.png', '0', '中国', '', '', '', '', '0', '', '0', '1555211942', '1555211942');
INSERT INTO `xw_member_info` VALUES ('22', '15814489999', '', 'http://xinweifashion.test.yzjtech.com/uploads/nomal_heading.png', '0', '中国', '', '', '', '', '0', '', '0', '1555327860', '1555327860');
INSERT INTO `xw_member_info` VALUES ('20', '18718928629', 'Jim', 'http://xinweifashion.test.yzjtech.com/uploads/20190422/d33745d7a87a9964e7aebcc28b41e46c.jpg', '1', '中国', '北京', '北京', '崇文区', '', '21', '', '0', '1555325296', '1555899982');
INSERT INTO `xw_member_info` VALUES ('21', '18665953468', 'L', 'http://xinweifashion.test.yzjtech.com/uploads/201904232131151975_300_600.jpg', '1', '中国', '广东', '深圳', '南山区', '', '32', '', '0', '1555325702', '1556099176');
INSERT INTO `xw_member_info` VALUES ('23', '18688920032', '呵呵哈', 'http://xinweifashion.test.yzjtech.com/uploads/20190423/8c1f7d273e12637dfbfcf1e552c686c9.jpg', '1', '中国', '甘肃', '兰州', '城关区', '', '19', '', '0', '1555330109', '1556032972');
INSERT INTO `xw_member_info` VALUES ('24', '18676750857', '昕人类0857', 'http://xinweifashion.test.yzjtech.com/uploads/20190422/aba9bd6baa78fb119e719eb0ee55f5a8.jpg', '0', '中国', '北京', '北京', '海淀区', '', '0', '', '0', '1555330628', '1555929605');
INSERT INTO `xw_member_info` VALUES ('25', '15814486996', '158****6996', 'http://xinweifashion.test.yzjtech.com/uploads/nomal_heading.png', '0', '中国', '', '', '', '', '0', '', '0', '1555334389', '1555334389');
INSERT INTO `xw_member_info` VALUES ('26', '18576723202', '185****3202', 'http://xinweifashion.test.yzjtech.com/uploads/nomal_heading.png', '0', '中国', '', '', '', '', '0', '', '0', '1555386254', '1555386254');
INSERT INTO `xw_member_info` VALUES ('27', '15918774374', '159****4374', 'http://xinweifashion.test.yzjtech.com/uploads/nomal_heading.png', '2', '中国', '贵州', '安顺', '关岭布依族苗族自治县', '', '18', '', '0', '1555666161', '1555680400');
INSERT INTO `xw_member_info` VALUES ('28', '13686890299', '136****0299', 'http://xinweifashion.test.yzjtech.com/uploads/201904232113331000_100_300.jpg', '2', '中国', '江西', '南昌', '东湖区', '', '25', '', '0', '1555899326', '1556025213');
INSERT INTO `xw_member_info` VALUES ('29', '15818681300', '158**hjfddsx', 'http://xinwei-oss-aliyun.oss-cn-beijing.aliyuncs.com/community/201904281016553252_300_600.jpg', '3', '中国', '北京', '北京', '海淀区', '', '21', '', '0', '1555989538', '1556417816');
INSERT INTO `xw_member_info` VALUES ('30', '13910695603', '139****5603', 'http://xinweifashion.test.yzjtech.com/uploads/nomal_heading.png', '0', '中国', '北京', '北京', '朝阳区', '', '0', '', '0', '1556104178', '1556250288');
INSERT INTO `xw_member_info` VALUES ('31', '18600808733', '凡', 'http://xinwei-oss-aliyun.oss-cn-beijing.aliyuncs.com/community/201904261136126331_300_600.jpg', '2', '中国', '北京', '北京', '朝阳区', '', '0', '', '0', '1556154567', '1556249773');
INSERT INTO `xw_member_info` VALUES ('32', '13581753003', '135****3003', 'http://xinweifashion.test.yzjtech.com/uploads/nomal_heading.png', '0', '中国', '', '', '', '', '0', '', '0', '1556154735', '1556154735');
INSERT INTO `xw_member_info` VALUES ('33', '15506439599', 'Miao～', 'http://xinwei-oss-aliyun.oss-cn-beijing.aliyuncs.com/community/201904261307279956_300_600.jpg', '2', '中国', '北京', '北京', '朝阳区', '', '25', '', '0', '1556254982', '1556266785');
INSERT INTO `xw_member_info` VALUES ('34', '13701255564', '居家的猫科动物', 'http://xinwei-oss-aliyun.oss-cn-beijing.aliyuncs.com/community/201904261313019696_300_600.jpg', '2', '中国', '北京', '北京', '朝阳区', '', '21', '', '0', '1556255503', '1556536278');
INSERT INTO `xw_member_info` VALUES ('35', '15712137963', '157****7963', 'http://xinweifashion.test.yzjtech.com/uploads/nomal_heading.png', '0', '中国', '', '', '', '', '0', '', '0', '1556520428', '1556520428');

-- ----------------------------
-- Table structure for `xw_member_login`
-- ----------------------------
DROP TABLE IF EXISTS `xw_member_login`;
CREATE TABLE `xw_member_login` (
  `id` int(11) NOT NULL AUTO_INCREMENT,
  `member_id` int(11) NOT NULL,
  `account` varchar(32) NOT NULL,
  `password` varchar(64) NOT NULL,
  `try_time` int(11) NOT NULL DEFAULT '0',
  `last_ip` varchar(32) NOT NULL,
  `last_time` int(11) NOT NULL DEFAULT '0',
  `status` tinyint(4) NOT NULL DEFAULT '1' COMMENT '状态：1正常，2禁用',
  `token` varchar(128) NOT NULL DEFAULT '',
  `token_expired` int(11) NOT NULL DEFAULT '0',
  PRIMARY KEY (`id`)
) ENGINE=MyISAM AUTO_INCREMENT=36 DEFAULT CHARSET=utf8 COMMENT='会员登录表';

-- ----------------------------
-- Records of xw_member_login
-- ----------------------------
INSERT INTO `xw_member_login` VALUES ('1', '1', '138888888', 'e3cf108b704168b23eb62641102626e8', '0', '127.0.0.1', '0', '1', '', '0');
INSERT INTO `xw_member_login` VALUES ('2', '2', '15814486996', 'e3cf108b704168b23eb62641102626e8', '0', '2', '1552476069', '1', '26c4a353dd083d3eadf577d17c4900505', '1555334446');
INSERT INTO `xw_member_login` VALUES ('3', '3', '15622340844', 'e3cf108b704168b23eb62641102626e8', '0', '3', '1552961438', '1', '3cb5c1f1645a29c022dea87c555f3381d', '1552975344');
INSERT INTO `xw_member_login` VALUES ('4', '4', '13265924231', 'e3cf108b704168b23eb62641102626e8', '0', '4', '1552965320', '1', '49ea6e678ea02a225c834c991e4c6dbde', '1552972520');
INSERT INTO `xw_member_login` VALUES ('5', '5', '15622340843', 'e3cf108b704168b23eb62641102626e8', '0', '5', '1552966721', '1', '5aacc401e61f8211f7534e5610237a496', '1552973921');
INSERT INTO `xw_member_login` VALUES ('6', '6', '15626435855', 'b99ffb5e7532b070c8fa0ce8ebb82846', '0', '6', '1552968680', '1', 'CALymNTQ2MDYxNjU1MTEyMkQ4NUFBMUUxMDBDOEM4MzM2MTQ1RTVCRjBEQTRFMUY4Ng', '1556167845');
INSERT INTO `xw_member_login` VALUES ('7', '7', '15622340845', 'c7076c20ccf31a0968a0f18287c89e81', '0', '7', '1552977711', '1', '723992f0d2110a124599cbda475b929cf', '1552984911');
INSERT INTO `xw_member_login` VALUES ('8', '8', '15622340856', 'a32bd4ea4038a6372d20e70b9cb928dd', '0', '8', '1552977962', '1', '8c5ec51a11460d5d2a26b236781fb65f1', '1552985162');
INSERT INTO `xw_member_login` VALUES ('9', '9', '15622340847', 'e3cf108b704168b23eb62641102626e8', '0', '9', '1552978088', '1', '90c8fdb35ef8c657169cb55a1e57ceb65', '1552985288');
INSERT INTO `xw_member_login` VALUES ('10', '10', '15622340810', 'e3cf108b704168b23eb62641102626e8', '0', '10', '1552978147', '1', '102bf493dbee97d15caed546d87e9634ac', '1552985347');
INSERT INTO `xw_member_login` VALUES ('11', '11', '15622340846', 'c243ed9643dc0b05080fc91086c4aecd', '0', '11', '1553051854', '1', '11c0db8a02eb128c660ac4f7c963918f6b', '1553059054');
INSERT INTO `xw_member_login` VALUES ('12', '12', '15622340819', 'e3cf108b704168b23eb62641102626e8', '0', '12', '1553600265', '1', '125a9dde65c5d69864814cd37db245e28d', '1553607465');
INSERT INTO `xw_member_login` VALUES ('13', '13', '17688733203', 'e3cf108b704168b23eb62641102626e8', '0', '13', '1554972586', '1', '131e99c172f1d4396c9ff10635aba12750', '1554979786');
INSERT INTO `xw_member_login` VALUES ('14', '14', '13163784364', '9011b67f83c78587a308c3e81e0d0347', '0', '14', '1555207759', '1', 'VRiYKNTE5NDE0NjU1MTExN0Q1RDg1RDI1QTUxQkVBN0JGQkU3MTJEOEUxMEEzRUEwMTQ', '1556422115');
INSERT INTO `xw_member_login` VALUES ('15', '15', '18565752573', 'e3cf108b704168b23eb62641102626e8', '0', '15', '1555210194', '1', 'sy7OBNDY1NjgzNTU1MTE1OENFQjFFRThFMDYxNDQxQjIyMTMxN0U2M0MzQ0FGNkQzMTU', '1555393764');
INSERT INTO `xw_member_login` VALUES ('16', '16', '15270820013', '0026b800d75ad6c43aa89c56d155e521', '0', '16', '1555210272', '1', 'ivznaNDU0OTExNjU1MTE4MjUxODE5QThFNkNFQ0IxQkY3MTIxMjE0NUEyQTc2OUQxMTY', '1556126654');
INSERT INTO `xw_member_login` VALUES ('17', '17', '13902479582', 'e3cf108b704168b23eb62641102626e8', '0', '17', '1555211248', '1', 'atEJLODc2NjIwNjU1MTE2MzAxODhDRTIxRkI2NjQyQTc3MUFEMzJFRDIzQ0EwRkE2MTc', '1556033878');
INSERT INTO `xw_member_login` VALUES ('18', '18', '15927469153', 'e3cf108b704168b23eb62641102626e8', '0', '18', '1555211270', '1', '18a28daa6f2033449600d8552750982b6b', '1555218470');
INSERT INTO `xw_member_login` VALUES ('19', '19', '18194086635', '32eef52a069186e000b472feb809809c', '0', '19', '1555211942', '1', '19b8a68c4e261dc08efc1d737df826b72b', '1555335017');
INSERT INTO `xw_member_login` VALUES ('20', '20', '18718928629', '77458b5f6415bf012b6a2ab9f97cb829', '0', '20', '1555325296', '1', '209eb419416c62109c1ba931c86354f53b', '1555332496');
INSERT INTO `xw_member_login` VALUES ('21', '21', '18665953468', 'b441ea3905ce503ff6b6b8da3d72a43a', '0', '21', '1555325702', '1', '218c0306220b72a940242d9e04fa867173', '1555332902');
INSERT INTO `xw_member_login` VALUES ('22', '22', '15814486996', 'e3cf108b704168b23eb62641102626e8', '0', '22', '1555327860', '1', '22b46794191b44115ea471fcde5d06f101', '1555335060');
INSERT INTO `xw_member_login` VALUES ('23', '23', '18688920032', '2d6cc6e6aae737362769105595dca318', '0', '23', '1555330109', '1', 'ZOUrRNDM3NTMwNjU1MTE3ODQ3MTczRkQ2QkM2OUIzMzFGMjlGRDM1RDVBMEFFM0YxMjM', '1556042934');
INSERT INTO `xw_member_login` VALUES ('24', '24', '18676750857', 'dd76bb45da10a6f9f85153230fb98c2d', '0', '24', '1555330628', '1', '244c13b75c6e8b2f57fc0dc565ac9a5cfb', '1555337828');
INSERT INTO `xw_member_login` VALUES ('25', '25', '15814486996', 'e3cf108b704168b23eb62641102626e8', '0', '25', '1555334389', '1', '2540c689afe9a212a90d70a8039af37a47', '1555341589');
INSERT INTO `xw_member_login` VALUES ('26', '26', '18576723202', 'e3cf108b704168b23eb62641102626e8', '0', '26', '1555386254', '1', '4XhAvNDUyNjgzNTU1MTEyOEM2NjI3NEY4MzEzRjRGRkQwQTVBM0I5MkExOTJFMEI5MjY', '1555393454');
INSERT INTO `xw_member_login` VALUES ('27', '27', '15918774374', 'e3cf108b704168b23eb62641102626e8', '0', '27', '1555666161', '1', 'LnGgIMTYxNjY2NTU1MTE2MTRGRjVDNzBDNTM4QkFEQjU1NkREODQ2NDM3RDIxMDY1Mjc', '1555673361');
INSERT INTO `xw_member_login` VALUES ('28', '28', '13686890299', '6bfde8917c594917cba15315db396ce2', '0', '28', '1555899326', '1', 'YvrpXNjIzOTk4NTU1MTExN0VDNjQ1RERDQzczRjUyRUQzMDgyNEE0MUVEMTM3MTMwMjg', '1555906526');
INSERT INTO `xw_member_login` VALUES ('29', '29', '15818681300', '077bdc3902c94171d41c63cff268e124', '0', '29', '1555989538', '1', 'txcR4ODM1OTg5NTU1MTEwNzgxNTE2MjkxOTgzQ0Y1MUIzN0MxNDdDQUI2MEIyRDRFMjk', '1555996738');
INSERT INTO `xw_member_login` VALUES ('30', '30', '13910695603', 'c8ba0b289c421bee47745b41fff6ea44', '0', '30', '1556104178', '1', 'DPBsoODcxNDAxNjU1MTExNUM1QjExNTU4N0VCODMyQkM3NEFBNTNBNzNGRDY4QTdCMzA', '1556111378');
INSERT INTO `xw_member_login` VALUES ('31', '31', '18600808733', 'f7468e48941806ce30e1678fce012393', '0', '31', '1556154567', '1', 'rcgtbNzY1NDUxNjU1MTE5MzlBQzVDMEY0MzA1NkIxRDcxMjFCRUE1REI5RDgzQUIzMzE', '1556161767');
INSERT INTO `xw_member_login` VALUES ('32', '32', '13581753003', '2fb04c7ee5d95a9b87b80c9d8f503178', '0', '32', '1556154735', '1', 'lOZDpNTM3NDUxNjU1MTEyOTkwNTRBMTI2MzBCMzM0QzZGMDgzNzA3MTQxQkExQkFEMzI', '1556161935');
INSERT INTO `xw_member_login` VALUES ('33', '33', '15506439599', '059609f09831c0970845017387ad6d74', '0', '33', '1556254982', '1', 'QiLraMjg5NDUyNjU1MTE3MTlFNTNGRDEyNkIzN0FEREE4MjBGRjc3NkFEMUVFQkI2MzM', '1556262182');
INSERT INTO `xw_member_login` VALUES ('34', '34', '13701255564', 'af06ae6aad2a6522a36a49770fa1a430', '0', '34', '1556255503', '1', 'sdTcoMzA1NTUyNjU1MTE5MUIyMEIyRkVENjc3RDY2RjIwNjg5MjlGRkVBQTI1QjY3MzQ', '1556262703');
INSERT INTO `xw_member_login` VALUES ('35', '35', '15712137963', '91c75b6fd3a881bde23518c9a50f0c6b', '0', '35', '1556520428', '1', 'aC1tJODI0MDI1NjU1MTE0NDdEQTNBRUE4NkE1QjU0MzI1NDc3M0ZDRTkwMURDNUFDMzU', '1556527628');

-- ----------------------------
-- Table structure for `xw_news_cate`
-- ----------------------------
DROP TABLE IF EXISTS `xw_news_cate`;
CREATE TABLE `xw_news_cate` (
  `id` int(11) NOT NULL AUTO_INCREMENT,
  `name` varchar(128) NOT NULL COMMENT '分类名称',
  `status` tinyint(4) NOT NULL DEFAULT '1' COMMENT '状态：-1删除，1显示',
  `sort` int(11) NOT NULL DEFAULT '1' COMMENT '排序，越小越前',
  PRIMARY KEY (`id`)
) ENGINE=MyISAM AUTO_INCREMENT=13 DEFAULT CHARSET=utf8 COMMENT='资讯分类表';

-- ----------------------------
-- Records of xw_news_cate
-- ----------------------------
INSERT INTO `xw_news_cate` VALUES ('1', '推荐', '1', '1');
INSERT INTO `xw_news_cate` VALUES ('2', '昕式style', '1', '2');
INSERT INTO `xw_news_cate` VALUES ('3', '遇见大明星', '1', '2');
INSERT INTO `xw_news_cate` VALUES ('4', '美妆昕课堂', '1', '2');
INSERT INTO `xw_news_cate` VALUES ('5', '类别名称1', '0', '2');
INSERT INTO `xw_news_cate` VALUES ('7', '2', '-1', '3');
INSERT INTO `xw_news_cate` VALUES ('6', '名称', '-1', '4');
INSERT INTO `xw_news_cate` VALUES ('8', '12321', '-1', '1231');
INSERT INTO `xw_news_cate` VALUES ('9', '推荐大明星', '-1', '2');
INSERT INTO `xw_news_cate` VALUES ('10', '反倒是', '0', '0');
INSERT INTO `xw_news_cate` VALUES ('11', '哈哈哈', '2', '1');
INSERT INTO `xw_news_cate` VALUES ('12', '你好啊', '2', '1');

-- ----------------------------
-- Table structure for `xw_news_comment`
-- ----------------------------
DROP TABLE IF EXISTS `xw_news_comment`;
CREATE TABLE `xw_news_comment` (
  `id` int(11) NOT NULL AUTO_INCREMENT,
  `member_id` int(11) NOT NULL COMMENT '会员ID',
  `news_id` int(11) NOT NULL COMMENT '资讯ID',
  `comment` varchar(1024) NOT NULL COMMENT '评论内容',
  `comment_id` int(11) NOT NULL DEFAULT '0' COMMENT '评论ID：回复评论不为0',
  `time_create` int(11) NOT NULL COMMENT '评论时间',
  `status` tinyint(4) NOT NULL DEFAULT '1' COMMENT '状态：-1删除，1未审核，2显示，3不显示',
  PRIMARY KEY (`id`)
) ENGINE=MyISAM AUTO_INCREMENT=99 DEFAULT CHARSET=utf8 COMMENT='资讯评论记录表';

-- ----------------------------
-- Records of xw_news_comment
-- ----------------------------
INSERT INTO `xw_news_comment` VALUES ('1', '13', '5', '好的呀', '0', '1556098800', '-1');
INSERT INTO `xw_news_comment` VALUES ('2', '15', '9', '爆炸', '0', '1556099515', '-1');
INSERT INTO `xw_news_comment` VALUES ('3', '6', '9', '真的幸福', '0', '1556099337', '2');
INSERT INTO `xw_news_comment` VALUES ('4', '13', '5', '哈哈哈哈', '0', '1556181028', '-1');
INSERT INTO `xw_news_comment` VALUES ('5', '13', '5', '啦啦啦呸呸呸', '0', '1556101501', '-1');
INSERT INTO `xw_news_comment` VALUES ('6', '15', '9', '哈哈哈', '0', '1556099459', '2');
INSERT INTO `xw_news_comment` VALUES ('7', '15', '9', '哈哈', '0', '1556099513', '2');
INSERT INTO `xw_news_comment` VALUES ('8', '13', '5', '滚动', '0', '1556099896', '2');
INSERT INTO `xw_news_comment` VALUES ('9', '13', '5', '评论测试', '0', '1556101496', '-1');
INSERT INTO `xw_news_comment` VALUES ('10', '13', '5', '评论测试', '0', '1556181026', '-1');
INSERT INTO `xw_news_comment` VALUES ('11', '13', '5', '领了', '0', '1556101466', '-1');
INSERT INTO `xw_news_comment` VALUES ('12', '13', '9', '开心', '0', '1556102250', '-1');
INSERT INTO `xw_news_comment` VALUES ('13', '15', '9', '哈哈哈哈', '0', '1556107223', '2');
INSERT INTO `xw_news_comment` VALUES ('14', '15', '5', '哈哈哈', '0', '1556107297', '2');
INSERT INTO `xw_news_comment` VALUES ('15', '13', '9', 'hey bro', '0', '1556112901', '2');
INSERT INTO `xw_news_comment` VALUES ('16', '16', '5', '家家乐', '0', '1556181462', '-1');
INSERT INTO `xw_news_comment` VALUES ('17', '16', '5', '又笨', '0', '1556116942', '-1');
INSERT INTO `xw_news_comment` VALUES ('18', '16', '5', '我问一下', '0', '1556116954', '-1');
INSERT INTO `xw_news_comment` VALUES ('19', '16', '5', '我预测哦看看', '14', '1556116964', '2');
INSERT INTO `xw_news_comment` VALUES ('20', '16', '5', 'YY么具体', '0', '1556116971', '2');
INSERT INTO `xw_news_comment` VALUES ('21', '16', '9', '图', '0', '1556117103', '2');
INSERT INTO `xw_news_comment` VALUES ('22', '16', '9', '\'\'摩尔庄园', '6', '1556117116', '2');
INSERT INTO `xw_news_comment` VALUES ('23', '16', '4', '我看看', '0', '1556117146', '-1');
INSERT INTO `xw_news_comment` VALUES ('24', '16', '4', '窝窝窝', '0', '1556117150', '2');
INSERT INTO `xw_news_comment` VALUES ('25', '16', '6', '自我修养', '0', '1556117171', '2');
INSERT INTO `xw_news_comment` VALUES ('26', '16', '6', '有用么', '0', '1556117381', '2');
INSERT INTO `xw_news_comment` VALUES ('27', '21', '5', '哈哈哈', '0', '1556173934', '2');
INSERT INTO `xw_news_comment` VALUES ('28', '13', '5', 'hocus pocus', '14', '1556175154', '2');
INSERT INTO `xw_news_comment` VALUES ('29', '21', '3', 'p', '0', '1556196759', '2');
INSERT INTO `xw_news_comment` VALUES ('30', '23', '5', '火钳刘明', '0', '1556175639', '2');
INSERT INTO `xw_news_comment` VALUES ('31', '21', '3', '哈哈哈哈', '0', '1556175696', '2');
INSERT INTO `xw_news_comment` VALUES ('32', '21', '3', '聊我哦', '0', '1556175698', '2');
INSERT INTO `xw_news_comment` VALUES ('33', '23', '9', '是的', '3', '1556176810', '2');
INSERT INTO `xw_news_comment` VALUES ('34', '13', '5', '发布测试', '0', '1556178481', '-1');
INSERT INTO `xw_news_comment` VALUES ('35', '13', '5', '发布测试', '0', '1556177831', '-1');
INSERT INTO `xw_news_comment` VALUES ('36', '13', '5', '发布测试', '0', '1556177830', '-1');
INSERT INTO `xw_news_comment` VALUES ('37', '13', '5', '发布测试', '0', '1556177829', '-1');
INSERT INTO `xw_news_comment` VALUES ('38', '13', '5', '发布测试', '0', '1556177828', '-1');
INSERT INTO `xw_news_comment` VALUES ('39', '13', '5', '测试', '0', '1556177825', '-1');
INSERT INTO `xw_news_comment` VALUES ('40', '13', '5', '测试', '0', '1556177824', '-1');
INSERT INTO `xw_news_comment` VALUES ('41', '13', '5', '测试', '0', '1556177822', '-1');
INSERT INTO `xw_news_comment` VALUES ('42', '13', '5', '测试', '0', '1556177891', '-1');
INSERT INTO `xw_news_comment` VALUES ('43', '13', '5', '甜蜜蜜', '0', '1556178485', '-1');
INSERT INTO `xw_news_comment` VALUES ('44', '13', '5', '甜蜜蜜', '0', '1556178475', '-1');
INSERT INTO `xw_news_comment` VALUES ('45', '13', '5', '未来甜蜜蜜', '0', '1556178477', '-1');
INSERT INTO `xw_news_comment` VALUES ('46', '13', '5', '未来甜蜜蜜', '0', '1556178473', '-1');
INSERT INTO `xw_news_comment` VALUES ('47', '13', '5', '我们的未来甜蜜蜜', '0', '1556178467', '-1');
INSERT INTO `xw_news_comment` VALUES ('48', '15', '5', '家具双手合十', '0', '1556180393', '2');
INSERT INTO `xw_news_comment` VALUES ('49', '15', '5', '好的好的黑道皇后', '0', '1556180396', '2');
INSERT INTO `xw_news_comment` VALUES ('50', '15', '5', '好的换手机', '0', '1556180400', '2');
INSERT INTO `xw_news_comment` VALUES ('51', '15', '6', '哈哈哈哈', '0', '1556180846', '2');
INSERT INTO `xw_news_comment` VALUES ('52', '15', '6', '哈哈哈哈', '0', '1556180850', '2');
INSERT INTO `xw_news_comment` VALUES ('53', '15', '6', '哈哈哈', '0', '1556180873', '2');
INSERT INTO `xw_news_comment` VALUES ('54', '15', '6', '活生生', '0', '1556180878', '2');
INSERT INTO `xw_news_comment` VALUES ('55', '15', '6', '哈哈哈 ', '0', '1556180908', '2');
INSERT INTO `xw_news_comment` VALUES ('56', '15', '6', 'ha哈哈哈', '0', '1556180935', '2');
INSERT INTO `xw_news_comment` VALUES ('57', '13', '5', 'Beautiful', '0', '1556182703', '2');
INSERT INTO `xw_news_comment` VALUES ('58', '13', '5', 'Djhsadjhsf ', '0', '1556194164', '-1');
INSERT INTO `xw_news_comment` VALUES ('59', '13', '5', '吴宣仪！', '0', '1556194167', '-1');
INSERT INTO `xw_news_comment` VALUES ('60', '13', '5', '吴宣仪！', '0', '1556193902', '-1');
INSERT INTO `xw_news_comment` VALUES ('61', '13', '5', '好美', '0', '1556194159', '-1');
INSERT INTO `xw_news_comment` VALUES ('62', '13', '5', '好美', '0', '1556194157', '-1');
INSERT INTO `xw_news_comment` VALUES ('63', '13', '5', '好美', '0', '1556194153', '-1');
INSERT INTO `xw_news_comment` VALUES ('64', '13', '5', '好美', '0', '1556194151', '-1');
INSERT INTO `xw_news_comment` VALUES ('65', '13', '5', '开心', '0', '1556194150', '-1');
INSERT INTO `xw_news_comment` VALUES ('66', '13', '5', '开心', '0', '1556194147', '-1');
INSERT INTO `xw_news_comment` VALUES ('67', '13', '5', '开心', '0', '1556194146', '-1');
INSERT INTO `xw_news_comment` VALUES ('68', '13', '5', '开心', '0', '1556194145', '-1');
INSERT INTO `xw_news_comment` VALUES ('69', '13', '5', '开心', '0', '1556194143', '-1');
INSERT INTO `xw_news_comment` VALUES ('70', '13', '5', '哈立德', '0', '1556194142', '-1');
INSERT INTO `xw_news_comment` VALUES ('71', '13', '5', '哈立德', '0', '1556194140', '-1');
INSERT INTO `xw_news_comment` VALUES ('72', '13', '5', '好的', '0', '1556194168', '-1');
INSERT INTO `xw_news_comment` VALUES ('73', '13', '5', '好的', '0', '1556194492', '-1');
INSERT INTO `xw_news_comment` VALUES ('74', '13', '5', '好的', '0', '1556194447', '-1');
INSERT INTO `xw_news_comment` VALUES ('75', '13', '5', '好', '0', '1556194311', '-1');
INSERT INTO `xw_news_comment` VALUES ('76', '13', '5', '好', '0', '1556194310', '-1');
INSERT INTO `xw_news_comment` VALUES ('77', '13', '5', '美丽', '0', '1556194490', '-1');
INSERT INTO `xw_news_comment` VALUES ('78', '13', '5', '美丽', '0', '1556194488', '-1');
INSERT INTO `xw_news_comment` VALUES ('79', '13', '5', '美丽', '0', '1556194487', '-1');
INSERT INTO `xw_news_comment` VALUES ('80', '13', '5', '好的', '0', '1556194485', '-1');
INSERT INTO `xw_news_comment` VALUES ('81', '13', '5', '添加评论', '0', '1556194510', '-1');
INSERT INTO `xw_news_comment` VALUES ('82', '2', '5', '表情终于来了\\ud83d\\ude0a\\ud83d\\ude01\\ud83d\\ude06', '0', '1556203290', '2');
INSERT INTO `xw_news_comment` VALUES ('83', '23', '5', '\\ud83d\\udc4c', '0', '1556203472', '2');
INSERT INTO `xw_news_comment` VALUES ('84', '30', '9', '棒棒哒\\ud83d\\udc4d', '0', '1556209387', '2');
INSERT INTO `xw_news_comment` VALUES ('85', '34', '5', '吴宣仪，哇咔咔', '0', '1556257381', '2');
INSERT INTO `xw_news_comment` VALUES ('86', '31', '9', '北京妞', '0', '1556263021', '2');
INSERT INTO `xw_news_comment` VALUES ('87', '33', '5', '好美的！喜欢她', '0', '1556266713', '2');
INSERT INTO `xw_news_comment` VALUES ('88', '13', '5', '\\ud83d\\ude04emoji', '0', '1556276168', '2');
INSERT INTO `xw_news_comment` VALUES ('89', '29', '9', '.：：gjbvxds', '6', '1556416767', '2');
INSERT INTO `xw_news_comment` VALUES ('90', '15', '9', ' \\ud83d\\ude0a', '0', '1556420977', '2');
INSERT INTO `xw_news_comment` VALUES ('91', '13', '9', '资深', '0', '1556442491', '-1');
INSERT INTO `xw_news_comment` VALUES ('92', '13', '9', 'png 头像测试', '0', '1556442320', '2');
INSERT INTO `xw_news_comment` VALUES ('93', '15', '45', '哈哈哈', '0', '1556453111', '2');
INSERT INTO `xw_news_comment` VALUES ('94', '15', '51', '哈哈哈哈', '0', '1556505163', '2');
INSERT INTO `xw_news_comment` VALUES ('95', '35', '9', '明天', '0', '1556520435', '2');
INSERT INTO `xw_news_comment` VALUES ('96', '16', '47', '我我', '0', '1556536888', '-1');
INSERT INTO `xw_news_comment` VALUES ('97', '16', '47', '我们学校', '0', '1556536905', '2');
INSERT INTO `xw_news_comment` VALUES ('98', '16', '84', '嘤嘤嘤', '0', '1556537540', '2');

-- ----------------------------
-- Table structure for `xw_news_info`
-- ----------------------------
DROP TABLE IF EXISTS `xw_news_info`;
CREATE TABLE `xw_news_info` (
  `id` int(11) NOT NULL AUTO_INCREMENT,
  `type` tinyint(4) NOT NULL COMMENT '资讯类型：1文章，2音频，3视频',
  `cate_id` int(11) NOT NULL DEFAULT '0' COMMENT '分类ID',
  `title` varchar(256) NOT NULL COMMENT '标题',
  `topimgs` varchar(256) DEFAULT '' COMMENT '详情页顶图',
  `imgs` varchar(512) NOT NULL COMMENT '图片，逗号分隔',
  `content` text NOT NULL COMMENT '内容',
  `loves` int(11) NOT NULL DEFAULT '0' COMMENT '点赞量',
  `views` int(11) NOT NULL DEFAULT '0' COMMENT '阅读量',
  `comment` int(11) NOT NULL DEFAULT '0' COMMENT '评论量',
  `author_id` int(11) NOT NULL COMMENT '作者ID（会员ID）',
  `labels` varchar(256) NOT NULL COMMENT '标签逗号分隔',
  `status` tinyint(4) NOT NULL DEFAULT '1' COMMENT '状态：-1删除，1显示，2不显示',
  `time_modify` int(11) NOT NULL COMMENT '修改时间',
  `time_create` int(11) NOT NULL COMMENT '创建时间',
  `sort` int(11) NOT NULL DEFAULT '1' COMMENT '排序值，默认1，越大越靠前',
  PRIMARY KEY (`id`)
) ENGINE=MyISAM AUTO_INCREMENT=86 DEFAULT CHARSET=utf8 COMMENT='资讯信息表';

-- ----------------------------
-- Records of xw_news_info
-- ----------------------------
INSERT INTO `xw_news_info` VALUES ('1', '1', '1', '资讯标题', 'http://xinweifashion.test.yzjtech.com/uploads/20190326/6c20152740e192c29782e38523f550e5.jpg', 'http://xinweifashion.test.yzjtech.com/uploads/20190419/d9b376c94d6e9ec7d720685e379b97f3.jpg', '[{\"type\":\"img\",\"src\":\"http://www.xinwei.tv/uploadfile/2018/1015/thumb_380_251_20181015050326595.png\",\"width\":\"380\",\"height\":\"380\"},{\"type\":\"text\",\"text\":\"这是第一段的文本内容\"},{\"type\":\"img\",\"src\":\"http://www.xinwei.tv/uploadfile/2018/1015/thumb_380_251_20181015050326595.png\",\"width\":\"380\",\"height\":\"380\"},{\"type\":\"text\",\"text\":\"这是第二段文本内容，文本内容\"},{\"type\":\"text\",\"text\":\"这是第三段文本内容，文本内容\"}]', '0', '0', '0', '1', '标签', '-1', '1555665180', '1553578801', '1');
INSERT INTO `xw_news_info` VALUES ('2', '1', '4', '18年秋冬流行穿粉色，雷区和要点要记', 'http://xinweifashion.test.yzjtech.com/uploads/20190326/6c20152740e192c29782e38523f550e5.jpg', 'http://xinweifashion.test.yzjtech.com/uploads/20190326/6c20152740e192c29782e38523f550e5.jpg', '[{\"type\":\"img\",\"src\":\"http:\\/\\/www.xinwei.tv\\/uploadfile\\/2018\\/1015\\/thumb_380_251_20181015050326595.png\",\"width\":380,\"height\":241},{\"type\":\"text\",\"text\":\"\\u8fd9\\u662f\\u7b2c\\u4e00\\u6bb5\\u7684\\u6587\\u672c\\u5185\\u5bb9\"},{\"type\":\"img\",\"src\":\"http:\\/\\/www.xinwei.tv\\/uploadfile\\/2018\\/1015\\/thumb_380_251_20181015050326595.png\",\"width\":380,\"height\":241},{\"type\":\"text\",\"text\":\"\\u8fd9\\u662f\\u7b2c\\u4e8c\\u6bb5\\u6587\\u672c\\u5185\\u5bb9\\uff0c\\u6587\\u672c\\u5185\\u5bb9\"},{\"type\":\"text\",\"text\":\"\\u8fd9\\u662f\\u7b2c\\u4e09\\u6bb5\\u6587\\u672c\\u5185\\u5bb9\\uff0c\\u6587\\u672c\\u5185\\u5bb9\"}]', '0', '0', '0', '1', '穿着,打扮', '-1', '1555199817', '1553578801', '1');
INSERT INTO `xw_news_info` VALUES ('3', '1', '4', '流行关键词 打造春美颜', 'http://xinweifashion.test.yzjtech.com/uploads/20190414/8ad61c92f52e4860e11469ee48f82e3c.jpg', 'http://xinweifashion.test.yzjtech.com/uploads/20190414/8ad61c92f52e4860e11469ee48f82e3c.jpg', '[{\"type\":\"text\",\"text\":\"\\u5728\\u8fd9\\u4e2a\\u6d41\\u884c\\u8d8b\\u52bf\\u53d1\\u5e03\\u7684\\u6625\\u5929\\uff0c\\u8ba9\\u6211\\u4eec\\u8ddf\\u968f\\u65f6\\u88c5\\u5468\\u7684\\u811a\\u6b65\\uff0c\\u6839\\u636e4\\u5927\\u6625\\u590f\\u79c0\\u573a\\u4e2d\\u7684\\u5986\\u5bb9\\uff0c\\u603b\\u7ed3\\u51fa\\u6625\\u590f\\u5986\\u5bb9\\u7684\\u6d41\\u884c\\u91cd\\u70b9\\uff0c\\u4e3a\\u4f60\\u5c55\\u73b05\\u79cd\\u4e0d\\u540c\\u89c6\\u89c9\\u51b2\\u51fb\\u529b\\u7684\\u5f69\\u5986\\u3002\"},{\"type\":\"text\",\"text\":\"\\u7b56\\u5212\\u3001\\u6267\\u884c&\\u6587\\u5b57\\/\\u5218\\u67f3 \\u6444\\u5f71\\/\\u674e\\u5cf0 \\u5986\\u53d1\\/\\u51cc\\u7af9 \\u6a21\\u7279\\/\\u6c6a\\u771f\\u796f(\\u4e1c\\u65b9\\u5bbe\\u5229) \\u670d\\u9970\\u63d0\\u4f9b\\/BPB\\u3001C\\/MEO COLLECTIVE\\u3001FINDERS KEEPERS\\u3001FRUTA\\u3001 KEEPSAKE\\u3001MONDAY EDITION\\u3001POSTLUDE \\u3001XUNRUO\\u718f\\u82e5\"},{\"type\":\"img\",\"src\":\"http:\\/\\/xinweifashion.test.yzjtech.com\\/uploads\\/20190414\\/41ef86981252c3478d1f702d42c029f3.jpg\",\"width\":640,\"height\":640},{\"type\":\"text\",\"text\":\"\\u7ec6\\u817b\\u7684\\u95ea\\u8000\\u808c\\u80a4\"},{\"type\":\"text\",\"text\":\"\\u73cd\\u73e0\\u540a\\u5e26\\u84dd\\u8272\\u957f\\u88d9\\u5957\\u88c5\\/XUNRUO\\u718f\\u82e5 \\u53c2\\u8003\\u5e97\\u5185\\u4ef7\\u683c\\u3002\"},{\"type\":\"img\",\"src\":\"http:\\/\\/xinweifashion.test.yzjtech.com\\/uploads\\/20190414\\/385a138d3fa5535f5640c136ac67a2fa.jpg\",\"width\":640,\"height\":640},{\"type\":\"text\",\"text\":\"\\u7fbd\\u6bdb\\u578b\\u7709\\u6bdb\"},{\"type\":\"text\",\"text\":\"\\u7c73\\u8272\\u82b1\\u6735\\u5370\\u82b1\\u8fde\\u8863\\u88d9\\/FINDERS KEEPERS \\u53c2\\u8003\\u5e97\\u5185\\u4ef7\\u683c\\u3002\"},{\"type\":\"text\",\"text\":\"\\u51e0\\u4f55\\u8bbe\\u8ba1\\u8033\\u9970\\/FRUTA \\u7ea6320\\u5143\\u3002\"},{\"type\":\"img\",\"src\":\"http:\\/\\/xinweifashion.test.yzjtech.com\\/uploads\\/20190414\\/d7ce9a6253f16bd4c3e8bff47288d3ff.jpg\",\"width\":533,\"height\":800},{\"type\":\"text\",\"text\":\"\\u7409\\u7483\\u7ea2\\u5507\"},{\"type\":\"text\",\"text\":\"\\u7d2b\\u8272\\u5370\\u82b1\\u77ed\\u88d9\\/KEEPSAKE \\u53c2\\u8003\\u5e97\\u5185\\u4ef7\\u683c\\u3002\"},{\"type\":\"text\",\"text\":\"\\u957f\\u6b3e\\u6c34\\u6676\\u4e32\\u73e0\\u8033\\u73af\\/BPB \\u7ea6400\\u5143\\u3002\"},{\"type\":\"img\",\"src\":\"http:\\/\\/xinweifashion.test.yzjtech.com\\/uploads\\/20190414\\/bcb8b1c576d8372f6ce6eda9461321b7.jpg\",\"width\":533,\"height\":800},{\"type\":\"text\",\"text\":\"\\u901a\\u900f\\u7684\\u504f\\u5149\\u9762\\u5e9e\"},{\"type\":\"text\",\"text\":\"\\u900f\\u660e\\u6c34\\u6676\\u4e32\\u73e0\\u540a\\u5760\\u8033\\u73af\\/POSTLUDE \\u7ea6300\\u5143\\u3002\"},{\"type\":\"img\",\"src\":\"http:\\/\\/xinweifashion.test.yzjtech.com\\/uploads\\/20190414\\/4eb84ae91b58d30bbb9bc431667b3fbc.jpg\",\"width\":533,\"height\":800},{\"type\":\"text\",\"text\":\"\\u7b80\\u7ea6\\u7684\\u8273\\u4e3d\\u773c\\u5986\"},{\"type\":\"text\",\"text\":\"\\u9ec4\\u8272\\u6ce1\\u6ce1\\u8896\\u5370\\u82b1\\u77ed\\u88d9\\/C\\/MEO COLLECTIVE \\u53c2\\u8003\\u5e97\\u5185\\u4ef7\\u683c\\u3002\"},{\"type\":\"text\",\"text\":\"\\u91d1\\u5c5e\\u82f1\\u6587\\u88c5\\u9970\\u8033\\u73af\\/MONDAY EDITION \\u7ea6300\\u5143\\u3002\"}]', '1', '33', '3', '1', '穿着,打扮', '2', '1556503492', '1555201583', '1');
INSERT INTO `xw_news_info` VALUES ('4', '1', '2', '“破”次元之旅 Surreal Trip', 'http://xinweifashion.test.yzjtech.com/uploads/20190414/59977ed95c535f0159341b93c530996d.jpg', 'http://xinweifashion.test.yzjtech.com/uploads/20190414/59977ed95c535f0159341b93c530996d.jpg', '[{\"type\":\"text\",\"text\":\"\\u4e0d\\u540c\\u6b21\\u5143\\u4e4b\\u95f4\\u4e92\\u4e0d\\u53ef\\u53ca\\uff0c\\u5374\\u53c8\\u5171\\u5b58\\u4e8e\\u540c\\u4e00\\u7247\\u5929\\u7a7a\\u4e4b\\u4e0b\\u3002\\u603b\\u6709\\u4e9b\\u52c7\\u58eb\\u8bd5\\u56fe\\u5c06\\u58c1\\u5792\\u6253\\u7834\\uff0c\\u6765\\u4e00\\u6b21\\u6216\\u865a\\u65e0\\u3001\\u6216\\u6d6a\\u6f2b\\u7684\\u5192\\u9669\\u3002\\u201c\\u7834\\u201d\\u6b21\\u5143\\u4e4b\\u65c5\\u5373\\u5c06\\u5f00\\u59cb\\uff0c\\u7eb5\\u60c5\\u9a70\\u9a8b\\u5427\\uff01\"},{\"type\":\"text\",\"text\":\"\\u6267\\u884c\\u3001\\u7b56\\u5212&\\u6587\\u5b57\\/\\u96f7\\u6797\\u8f89 \\u6444\\u5f71\\/Ss \\u5316\\u5986\\/Aymer \\u54c1\\u724c\\u63d0\\u4f9b\\/Black Spoon\\u3001C\\u20191st\\u3001Cleo Ferin Mercury\\u3001INCH EDITIO\\u3001JNBY\\u3001KURT GEIGER\\u3001Le loup\\u3001less\\u3001MiSiew\\u3001Phase Eight\\u3001Unlogical Poem\\u3001ZARA\"},{\"type\":\"img\",\"src\":\"http:\\/\\/xinweifashion.test.yzjtech.com\\/uploads\\/20190414\\/16266e74ad3b7bdf700cb292d4a4534c.jpg\",\"width\":720,\"height\":554,\"name\":1},{\"type\":\"text\",\"text\":\"\\u5370\\u82b1\\u4e0a\\u8863\\/ZARA \\u65b0\\u54c1\\u672a\\u5b9a\\u4ef7\"},{\"type\":\"text\",\"text\":\"\\u5370\\u82b1\\u534a\\u88d9\\/ZARA \\u65b0\\u54c1\\u672a\\u5b9a\\u4ef7\"},{\"type\":\"text\",\"text\":\"\\u6e10\\u53d8\\u8272\\u9ad8\\u8ddf\\u978b\\/KURT GEIGER\"},{\"type\":\"img\",\"src\":\"http:\\/\\/xinweifashion.test.yzjtech.com\\/uploads\\/20190414\\/e374c19e77407e2bce52b8c69d06fb8f.jpg\",\"width\":720,\"height\":675,\"name\":2},{\"type\":\"text\",\"text\":\"\\u73cd\\u73e0\\u88c5\\u9970\\u886c\\u886b\\/Black Spoon \\u65b0\\u54c1\\u672a\\u5b9a\\u4ef7\"},{\"type\":\"text\",\"text\":\"\\u4e22\\u52d2\\u5370\\u82b1\\u77ed\\u88e4\\/Black Spoon 1480\\u5143\"},{\"type\":\"text\",\"text\":\"\\u900f\\u660e\\u534a\\u8eab\\u88d9\\/C\\u20191st \\u65b0\\u54c1\\u672a\\u5b9a\\u4ef7\"},{\"type\":\"img\",\"src\":\"http:\\/\\/xinweifashion.test.yzjtech.com\\/uploads\\/20190414\\/777f1191735984da8e06a5754ca7cbd6.jpg\",\"width\":720,\"height\":675,\"name\":3},{\"type\":\"text\",\"text\":\"\\u73e0\\u94fe\\u88c5\\u9970\\u53cc\\u53e3\\u888b\\u886c\\u886b\\/MiSiew 1780\\u5143\"},{\"type\":\"text\",\"text\":\"\\u7eff\\u8272\\u534a\\u8eab\\u88d9\\/ZARA \\u65b0\\u54c1\\u672a\\u5b9a\\u4ef7\"},{\"type\":\"text\",\"text\":\"\\u523a\\u7ee3\\u5e73\\u5e95\\u978b\\/KURT GEIGER\"},{\"type\":\"text\",\"text\":\"\\u65b0\\u6708\\u4eae\\u95ea\\u94bb\\u5927\\u8033\\u5760\\u8033\\u73af\\/INCH EDITION 258\\u5143\"},{\"type\":\"img\",\"src\":\"http:\\/\\/xinweifashion.test.yzjtech.com\\/uploads\\/20190414\\/4f52fcd12e2f6ef1a444cc7ab06ff36c.jpg\",\"width\":720,\"height\":675,\"name\":4},{\"type\":\"text\",\"text\":\"\\u886c\\u886b\\u767e\\u8936\\u88d9\\/ZARA \\u65b0\\u54c1\\u672a\\u5b9a\\u4ef7\"},{\"type\":\"text\",\"text\":\"\\u4eba\\u50cf\\u5370\\u82b1\\u536b\\u8863\\/ZARA \\u65b0\\u54c1\\u672a\\u5b9a\\u4ef7\"},{\"type\":\"text\",\"text\":\"\\u661f\\u6708\\u73cd\\u73e0\\u53ef\\u8c03\\u8282\\u8033\\u7ebf\\/Le loup 299\\u5143\"},{\"type\":\"text\",\"text\":\"\\u9ed1\\u8272\\u9ad8\\u8ddf\\u978b\\/KURT GEIGER\"},{\"type\":\"img\",\"src\":\"http:\\/\\/xinweifashion.test.yzjtech.com\\/uploads\\/20190414\\/1a1ad9e5533027deb678c84587554f1a.jpg\",\"width\":720,\"height\":871,\"name\":5},{\"type\":\"text\",\"text\":\"\\u7530\\u56ed\\u98ce\\u5370\\u82b1\\u771f\\u4e1d\\u957f\\u6b3e\\u886c\\u886b\\u88d9\\/Unlogical Poem 400\\u5143\"},{\"type\":\"text\",\"text\":\"100%\\u771f\\u4e1d\\u52a8\\u7269\\u56fe\\u6848\\u4e1d\\u5dfe\\/Cleo Ferin Mercury 478\\u5143\"},{\"type\":\"text\",\"text\":\"\\u88f8\\u8272\\u9ad8\\u8ddf\\u978b\\/KURT GEIGER\"},{\"type\":\"img\",\"src\":\"http:\\/\\/xinweifashion.test.yzjtech.com\\/uploads\\/20190414\\/a3ca85de58ee78fe5a87b6ac8017e7af.jpg\",\"width\":720,\"height\":935,\"name\":6},{\"type\":\"text\",\"text\":\"Yazmina Wedding Dress\\/Phase Eight 5000\\u5143\"},{\"type\":\"text\",\"text\":\"\\u95ea\\u94bb\\u9ad8\\u8ddf\\u978b\\/KURT GEIGER\"},{\"type\":\"img\",\"src\":\"http:\\/\\/xinweifashion.test.yzjtech.com\\/uploads\\/20190414\\/fdcc796b5dc0120d49fb4daaf3d9fe94.jpg\",\"width\":720,\"height\":935,\"name\":7},{\"type\":\"text\",\"text\":\"\\u590d\\u53e4\\u725b\\u4ed4\\u5916\\u5957\\/JNBY 1609\\u5143\"},{\"type\":\"text\",\"text\":\"\\u6625\\u590f\\u65b0\\u6b3e\\u68ad\\u7ec7\\u886c\\u886b\\/less 1690\\u5143\"},{\"type\":\"text\",\"text\":\"\\u857e\\u4e1d\\u91d1\\u5c5e\\u8272\\u767e\\u8936\\u534a\\u88d9\\/Unlogical Poem 780\\u5143\"},{\"type\":\"text\",\"text\":\"\\u58a8\\u955c\\/ZARA \\u65b0\\u54c1\\u672a\\u5b9a\\u4ef7\"},{\"type\":\"text\",\"text\":\"\\u8033\\u73af\\/ZARA \\u65b0\\u54c1\\u672a\\u5b9a\\u4ef7\"}]', '3', '30', '1', '1', 'style,次元', '2', '1556503495', '1555205072', '1');
INSERT INTO `xw_news_info` VALUES ('5', '1', '1', '火箭少女101吴宣仪：不要怕，向前冲！我的未来甜蜜蜜', 'http://xinweifashion.test.yzjtech.com/uploads/20190414/13133f75e4c9340c3fabbf9d8a188b1b.jpg', 'http://xinweifashion.test.yzjtech.com/uploads/20190414/dd4b735889a29b0c6c0c12c1a32a40c0.jpg', '[{\"type\":\"text\",\"text\":\"2018\\u5e74\\u7684\\u590f\\u5929\\uff0c\\u6709\\u4e2a\\u5973\\u5b69\\u95ef\\u8fdb\\u4e86\\u5927\\u4f17\\u7684\\u89c6\\u91ce\\u3002\\u5979\\u6d3b\\u6cfc\\u7231\\u7b11\\uff0c\\u5979\\u751c\\u7f8e\\u4e50\\u89c2\\uff0c\\u5979\\u4e00\\u8def\\u62ab\\u8346\\u65a9\\u68d8\\u7ad9\\u5230\\u4e86\\u5149\\u8292\\u4e07\\u4e08\\u7684\\u821e\\u53f0\\u4e4b\\u4e0a\\uff0c\\u8ba9\\u6211\\u4eec\\u90fd\\u8bb0\\u4f4f\\u4e86\\u5979\\u7684\\u540d\\u5b57\\u2014\\u2014\\u5434\\u5ba3\\u4eea\\u3002\"},{\"type\":\"img\",\"src\":\"http:\\/\\/xinweifashion.test.yzjtech.com\\/uploads\\/20190414\\/7a121cb58c057112184934be4e3ab042.jpg\",\"width\":720,\"height\":554,\"name\":1},{\"type\":\"text\",\"text\":\"\\u4e00\\u4e2a\\u5a07\\u5c0f\\u7684\\u8eab\\u5f71\\u5e26\\u7740\\u4e00\\u9635\\u723d\\u6717\\u8f7b\\u5feb\\u7684\\u7b11\\u58f0\\uff0c\\u521a\\u521a\\u7ed3\\u675f\\u4e86\\u4e0a\\u4e00\\u573a\\u7684\\u6d3b\\u52a8\\uff0c\\u5434\\u5ba3\\u4eea\\u8d76\\u5230\\u62cd\\u6444\\u73b0\\u573a\\u7684\\u65f6\\u5019\\u5df2\\u7ecf\\u662f\\u4e0b\\u53486\\u70b9\\u591a\\u4e86\\u3002\\u5728\\u8fd9\\u4e2a\\u8eab\\u6750\\u5a07\\u5c0f\\u7684\\u59d1\\u5a18\\u8eab\\u4e0a\\uff0c\\u5168\\u7136\\u611f\\u89c9\\u4e0d\\u5230\\u75b2\\u60eb\\u4e3a\\u4f55\\u7269\\uff0c\\u53f0\\u524d\\u5e55\\u540e\\u5979\\u4e00\\u76f4\\u90fd\\u662f\\u8fd9\\u6837\\u7684\\u6d3b\\u529b\\u56db\\u5c04\\u3002\"},{\"type\":\"text\",\"text\":\"\\u8ddf\\u5de5\\u4f5c\\u4eba\\u5458\\u6253\\u8fc7\\u62db\\u547c\\uff0c\\u5979\\u5f00\\u59cb\\u5316\\u5986\\u66f4\\u8863\\uff0c\\u8170\\u5e26\\u6263\\u5230\\u6700\\u91cc\\u9762\\u7684\\u90a3\\u4e2a\\u6263\\u4e0a\\u7684\\u65f6\\u5019\\uff0c\\u90fd\\u8fd8\\u6709\\u4e9b\\u677e\\u677e\\u57ae\\u57ae\\uff0c\\u6211\\u4eec\\u4e0d\\u7981\\u611f\\u53f9\\uff0c\\u7ecf\\u5e38\\u5976\\u8336\\u4e0d\\u79bb\\u624b\\u7684\\u5434\\u5ba3\\u4eea\\u7a76\\u7adf\\u662f\\u5982\\u4f55\\u4fdd\\u6301\\u4e86\\u8fd9\\u6837\\u7684\\u597d\\u8eab\\u6750\\u3002\\u62cd\\u6444\\u73b0\\u573a\\uff0c\\u6709\\u4e00\\u53ea\\u4e09\\u4e2a\\u6708\\u5927\\u7684\\u864e\\u6591\\u6298\\u8033\\u732b\\u4f5c\\u4e3a\\u62cd\\u6444\\u642d\\u6863\\uff0c\\u5f15\\u8d77\\u4e86\\u5434\\u5ba3\\u4eea\\u6781\\u5927\\u7684\\u5174\\u8da3\\uff0c\\u5979\\u7231\\u732b\\u30022018\\u5e74\\u5e74\\u672b\\uff0c\\u5979\\u6700\\u7231\\u7684\\u732b\\u79bb\\u5f00\\u4e86\\u5979\\u3002\\u5979\\u5728\\u8bc9\\u8bf4\\u8fd9\\u4ef6\\u4e8b\\u7684\\u65f6\\u5019\\uff0c\\u900f\\u9732\\u51fa\\u7684\\u96be\\u8fc7\\u4e0e\\u4f24\\u5fc3\\u4eff\\u4f5b\\u4e00\\u4e2a\\u90bb\\u5bb6\\u5c0f\\u59d1\\u5a18\\uff0c\\u5168\\u7136\\u6ca1\\u6709\\u5076\\u50cf\\u5305\\u88b1\\u3002\"},{\"type\":\"img\",\"src\":\"http:\\/\\/xinweifashion.test.yzjtech.com\\/uploads\\/20190414\\/8772cf067df4d271337484b8b1de633f.jpg\",\"width\":720,\"height\":675,\"name\":2},{\"type\":\"text\",\"text\":\"\\u821e\\u53f0\\u4e0a\\u7684\\u5434\\u5ba3\\u4eea\\u6d3b\\u529b\\u56db\\u5c04\\uff0c\\u5176\\u5b9e\\u79c1\\u4e0b\\u7684\\u5979\\u662f\\u4e2a\\u751f\\u6d3b\\u201c\\u5355\\u8c03\\u201d\\u7684\\u4eba\\uff0c\\u4eff\\u4f5b\\u65e5\\u6742\\u6f2b\\u753b\\u91cc\\u7684\\u5b85\\u5973\\u4e00\\u6837\\uff0c\\u5076\\u5c14\\u5b85\\u5728\\u5bb6\\u91cc\\u6652\\u6652\\u592a\\u9633\\u3001\\u9017\\u9017\\u732b\\u3002\\u5979\\u7b11\\u79f0\\u81ea\\u5df1\\u662f\\u4e2a\\u53e4\\u602a\\u7684\\u6c34\\u74f6\\u5ea7\\uff0c\\u5076\\u5c14\\u5f00\\u6717\\uff0c\\u4e5f\\u4e0d\\u4e4f\\u591a\\u6709\\u51b7\\u9177\\u7684\\u65f6\\u5019\\uff0c\\u8fd8\\u6709\\u4eba\\u89c9\\u5f97\\u5979\\u6027\\u683c\\u591a\\u5143\\u2026\\u2026\\u4f46\\u6b63\\u662f\\u8fd9\\u6837\\u8ba9\\u4eba\\u6349\\u6478\\u4e0d\\u900f\\uff0c\\u624d\\u662f\\u6c34\\u74f6\\u5ea7\\u7684\\u5434\\u5ba3\\u4eea\\u6700\\u72ec\\u7279\\u7684\\u5730\\u65b9\\uff0c\\u5979\\u53ef\\u4ee5\\u52aa\\u529b\\u5730\\u8ba9\\u81ea\\u5df1\\u4ee5\\u559c\\u6b22\\u7684\\u72b6\\u6001\\u751f\\u6d3b\\u7740\\u3002\\u5916\\u754c\\u5bf9\\u5979\\u5982\\u4f55\\u8bc4\\u4ef7\\u6216\\u8bb8\\u5e76\\u6ca1\\u6709\\u90a3\\u4e48\\u91cd\\u8981\\uff0c\\u91cd\\u8981\\u7684\\u662f\\u5979\\u575a\\u5b9a\\u4e0d\\u79fb\\u5730\\u671d\\u7740\\u81ea\\u5df1\\u7684\\u7406\\u60f3\\u5954\\u8dd1\\u3002\"},{\"type\":\"img\",\"src\":\"http:\\/\\/xinweifashion.test.yzjtech.com\\/uploads\\/20190414\\/bec69e6f4afc3406d1d30c8533f1c12a.jpg\",\"width\":720,\"height\":675,\"name\":3},{\"type\":\"text\",\"text\":\"12\\u5c81\\u5c31\\u6765\\u5230\\u5317\\u4eac\\u72ec\\u81ea\\u95ef\\u8361\\u7684\\u5434\\u5ba3\\u4eea\\uff0c\\u5185\\u5fc3\\u5e76\\u6ca1\\u6709\\u5916\\u8868\\u770b\\u4e0a\\u53bb\\u90a3\\u4e48\\u5a07\\u5c0f\\uff0c\\u53cd\\u800c\\u662f\\u65e0\\u6bd4\\u7684\\u4e50\\u89c2\\u5411\\u4e0a\\u3002\\u5979\\u6709\\u4e00\\u9897\\u5f3a\\u5927\\u7684\\u5185\\u5fc3\\uff0c\\u575a\\u5b9a\\u81ea\\u5df1\\u9009\\u62e9\\u7684\\u9053\\u8def\\u5c31\\u4e00\\u5b9a\\u8981\\u811a\\u8e0f\\u5b9e\\u5730\\u7684\\u8d70\\u5b8c\\u3002\\u540e\\u6094\\uff1f\\u4e0d\\u5b58\\u5728\\u7684\\u3002\\u8f9b\\u82e6\\uff1f\\u53ef\\u662f\\u751f\\u6d3b\\u4e2d\\u54ea\\u4e00\\u4ef6\\u4e8b\\u60c5\\u53c8\\u4e0d\\u82e6\\u5462\\uff1f\\u4eba\\u751f\\u4e2d\\u603b\\u8981\\u6709\\u4e00\\u4e9b\\u76ee\\u6807\\u7acb\\u5728\\u90a3\\u91cc\\uff0c\\u5b83\\u4f1a\\u6fc0\\u52b1\\u4f60\\u524d\\u8fdb\\u3002\\u5373\\u4fbf\\u6709\\u4e9b\\u68a6\\u60f3\\u770b\\u4f3c\\u9065\\u8fdc\\uff0c\\u4f46\\u662f\\u603b\\u6709\\u4e00\\u5929\\u4e5f\\u4f1a\\u5b9e\\u73b0\\u7684\\u3002\"},{\"type\":\"text\",\"text\":\"\\u4f5c\\u4e3a\\u516c\\u4f17\\u4eba\\u7269\\uff0c\\u5434\\u5ba3\\u4eea\\u521a\\u51fa\\u9053\\u4f3c\\u4e4e\\u5c31\\u88ab\\u8d34\\u4e0a\\u4e86\\u201c\\u751c\\u7f8e\\u201d\\u3001\\u201c\\u6d3b\\u6cfc\\u201d\\u7684\\u6807\\u7b7e\\u3002\\u4f5c\\u4e3a\\u5076\\u50cf\\uff0c\\u5979\\u5e76\\u4e0d\\u4ecb\\u610f\\u5f53\\u522b\\u4eba\\u63d0\\u5230\\u201c\\u751c\\u7f8e\\u201d\\u7684\\u65f6\\u5019\\u5c31\\u60f3\\u5230\\u81ea\\u5df1\\u3002\\u6bd5\\u7adf\\u6211\\u4eec\\u90fd\\u662f\\u832b\\u832b\\u661f\\u7a7a\\u4e2d\\u4e00\\u9897\\u6e3a\\u5c0f\\u7684\\u661f\\u5c18\\uff0c\\u5f53\\u6709\\u90a3\\u4e48\\u591a\\u4eba\\u53ef\\u4ee5\\u5728\\u770b\\u5230\\u8fd9\\u4e2a\\u6807\\u7b7e\\u7684\\u65f6\\u5019\\uff0c\\u8111\\u6d77\\u4e2d\\u5c31\\u5448\\u73b0\\u4e86\\u201c\\u5434\\u5ba3\\u4eea\\u201d\\u7684\\u540d\\u5b57\\uff0c\\u5979\\u5f88\\u5f00\\u5fc3\\u3002\\u53ef\\u662f\\u8fd9\\u4f4d\\u6ca1\\u6709\\u5076\\u50cf\\u5305\\u88b1\\u7684\\u5c11\\u5973\\u7ed9\\u81ea\\u5df1\\u8d34\\u6807\\u7b7e\\u7684\\u65f6\\u5019\\uff0c\\u5374\\u5e0c\\u671b\\u662f\\u201c\\u957f\\u70b9\\u5fc3\\u201d\\u8fd9\\u6837\\u7684\\u6807\\u7b7e\\u3002\\u6216\\u8bb8\\u4e5f\\u662f\\u4e3a\\u4e86\\u63d0\\u9192\\u81ea\\u5df1\\u65f6\\u523b\\u201c\\u957f\\u70b9\\u5fc3\\u201d\\u5427\\uff0c\\u81f3\\u5c11\\u4e0d\\u8981\\u603b\\u662f\\u4e22\\u4e09\\u843d\\u56db\\uff0c\\u6216\\u8005\\u901b\\u8857\\u7684\\u65f6\\u5019\\u8d70\\u9519\\u8def\\u3002\\u4f60\\u770b\\uff0c\\u8fd9\\u8ff7\\u8ff7\\u7cca\\u7cca\\u7684\\u6837\\u5b50\\uff0c\\u4e0d\\u5c31\\u662f\\u4e00\\u4e2a\\u6c38\\u8fdc\\u957f\\u4e0d\\u5927\\u7684\\u90bb\\u5bb6\\u5c0f\\u59d1\\u5a18\\u5417\\uff1f\"},{\"type\":\"text\",\"text\":\"\\u4f46\\u662f\\u5f53\\u6211\\u4eec\\u770b\\u5230\\u5979\\u5728\\u300a\\u6311\\u6218\\u5427\\uff01\\u592a\\u7a7a\\u300b\\u91cc\\u6311\\u6218\\u4e86\\u4e00\\u4e9b\\u9ad8\\u96be\\u5ea6\\u7684\\u9879\\u76ee\\u7684\\u65f6\\u5019\\uff0c\\u5979\\u53c8\\u662f\\u90a3\\u4e2a\\u4e00\\u76f4\\u5411\\u524d\\u51b2\\u3001\\u4e0d\\u505c\\u6b47\\u7684\\u6d3b\\u529b\\u5c11\\u5973\\u3002\\u751f\\u6d3b\\uff0c\\u7ed9\\u4e86\\u5979\\u591a\\u79cd\\u9009\\u62e9\\uff0c\\u4e5f\\u7ed9\\u4e86\\u5979\\u591a\\u79cd\\u6311\\u6218\\u3002\\u6709\\u4e9b\\u65f6\\u5019\\uff0c\\u4e0d\\u903c\\u81ea\\u5df1\\u4e00\\u628a\\uff0c\\u6839\\u672c\\u4e0d\\u77e5\\u9053\\u81ea\\u5df1\\u7684\\u5c0f\\u5b87\\u5b99\\u53ef\\u4ee5\\u5982\\u6b64\\u7206\\u53d1\\u3002\"},{\"type\":\"img\",\"src\":\"http:\\/\\/xinweifashion.test.yzjtech.com\\/uploads\\/20190414\\/fde577815b908cb3145ea1aa2e0dfc1a.jpg\",\"width\":720,\"height\":675,\"name\":4},{\"type\":\"text\",\"text\":\"\\u6216\\u8bb8\\uff0c\\u751f\\u6d3b\\u4f1a\\u7ed9\\u6211\\u4eec\\u4eba\\u751f\\u7684\\u753b\\u7eb8\\u4e0a\\u7559\\u4e0b\\u4e94\\u989c\\u516d\\u8272\\u7684\\u7b14\\u8ff9\\uff0c\\u6216\\u8bb8\\u4e5f\\u4f1a\\u6709\\u9ed1\\u7070\\u7684\\u8272\\u5f69\\u3002\\u4f46\\u662f\\u5434\\u5ba3\\u4eea\\u59cb\\u7ec8\\u76f8\\u4fe1\\uff0c\\u53ea\\u8981\\u6211\\u4e0d\\u505c\\u4e0b\\u524d\\u8fdb\\u7684\\u811a\\u6b65\\uff0c\\u6211\\u7684\\u672a\\u6765\\u5c31\\u4f1a\\u662f\\u7c89\\u8272\\u68c9\\u82b1\\u7cd6\\u7684\\u5473\\u9053\\u3002\"},{\"type\":\"img\",\"src\":\"http:\\/\\/xinweifashion.test.yzjtech.com\\/uploads\\/20190414\\/73d271428adaeb7858fb4afe3099e6c8.jpg\",\"width\":720,\"height\":871,\"name\":5},{\"type\":\"text\",\"text\":\"\\u6615\\u5c0f\\u8587\\uff1a\\u8bb0\\u5f97\\u4f60\\u6709\\u4e00\\u4e2a\\u89c6\\u9891\\uff0c\\u662f\\u5728\\u6d77\\u8fb9\\u5450\\u558a\\uff1a\\u6211\\u5df2\\u7ecf\\u627e\\u5230\\u81ea\\u5df1\\u4e86\\uff01\\u80fd\\u4e0d\\u80fd\\u548c\\u6211\\u4eec\\u5206\\u4eab\\u4e00\\u4e0b\\uff0c\\u4f60\\u5b9a\\u4e49\\u7684\\u81ea\\u5df1\\u662f\\u4e00\\u4e2a\\u600e\\u6837\\u7684\\u81ea\\u5df1\\uff1f\"},{\"type\":\"text\",\"text\":\"\\u5434\\u5ba3\\u4eea\\uff1a\\u6211\\u89c9\\u5f97\\u6211\\u7406\\u60f3\\u4e2d\\u7684\\u81ea\\u5df1\\u5c31\\u662f\\u8981\\u4e00\\u76f4\\u6709\\u7406\\u60f3\\u3001\\u6709\\u76ee\\u6807\\uff0c\\u76ee\\u6807\\u65e0\\u8bba\\u5927\\u5c0f\\u4e00\\u5b9a\\u8981\\u6709\\uff0c\\u8fd9\\u6837\\u624d\\u80fd\\u591f\\u4e00\\u76f4\\u97ad\\u7b56\\u81ea\\u5df1\\u8ba9\\u81ea\\u5df1\\u8fdb\\u6b65\\u3002\\u800c\\u4e14\\uff0c\\u6211\\u5e0c\\u671b\\u81ea\\u5df1\\u662f\\u4e00\\u4e2a\\u6709\\u68a6\\u60f3\\u7684\\u4eba\\uff0c\\u5c3d\\u7ba1\\u68a6\\u60f3\\u7ecf\\u5e38\\u4f1a\\u9065\\u4e0d\\u53ef\\u53ca\\uff0c\\u4f46\\u662f\\u603b\\u6709\\u4e00\\u5929\\uff0c\\u8fd8\\u662f\\u4f1a\\u5b9e\\u73b0\\u7684\\u5440\\uff01\"},{\"type\":\"text\",\"text\":\"\\u6615\\u5c0f\\u8587\\uff1a\\u90a3\\u4f602019\\u5e74\\u7684\\u76ee\\u6807\\u662f\\u4ec0\\u4e48\\u5462\\uff1f\"},{\"type\":\"text\",\"text\":\"\\u5434\\u5ba3\\u4eea\\uff1a\\u5e0c\\u671b2019\\u5e74\\u6211\\u80fd\\u591f\\u7ed9\\u5927\\u5bb6\\u5c55\\u73b0\\u4e00\\u4e2a\\u4e0d\\u4e00\\u6837\\u7684\\u5434\\u5ba3\\u4eea\\uff01\"},{\"type\":\"text\",\"text\":\"\\u6615\\u5c0f\\u8587\\uff1a\\u4f5c\\u4e3a\\u516c\\u4f17\\u4eba\\u7269\\u96be\\u514d\\u4f1a\\u88ab\\u8d34\\u4e0a\\u6807\\u7b7e\\uff0c\\u4f60\\u4e2a\\u4eba\\u80fd\\u63a5\\u53d7\\u88ab\\u8d34\\u6807\\u7b7e\\u8fd9\\u4ef6\\u4e8b\\u4e48\\uff1f\\u5bf9\\u8d34\\u6807\\u7b7e\\u8fd9\\u4ef6\\u4e8b\\u60c5\\u5982\\u4f55\\u770b\\u5f85\\uff1f\"},{\"type\":\"text\",\"text\":\"\\u5434\\u5ba3\\u4eea\\uff1a\\u6211\\u89c9\\u5f97\\u201c\\u8d34\\u6807\\u7b7e\\u201d\\u8fd9\\u4e8b\\u5176\\u5b9e\\u8fd8\\u86ee\\u597d\\u7684\\uff0c\\u5c31\\u6bd4\\u5982\\u5927\\u5bb6\\u5728\\u63d0\\u5230\\u67d0\\u4e2a\\u8bcd\\u7684\\u65f6\\u5019\\u5c31\\u4e00\\u5b9a\\u4f1a\\u60f3\\u5230\\u4f60\\uff0c\\u8fd9\\u662f\\u4e00\\u4ef6\\u597d\\u4e8b\\u3002\"},{\"type\":\"text\",\"text\":\"\\u6615\\u5c0f\\u8587\\uff1a\\u90a3\\u4f60\\u4f1a\\u7ed9\\u81ea\\u5df1\\u8d34\\u6807\\u7b7e\\u4e48\\uff1f\"},{\"type\":\"text\",\"text\":\"\\u5434\\u5ba3\\u4eea\\uff1a\\u6211\\u4e5f\\u4f1a\\u554a\\uff0c\\u6bd4\\u5982\\u201c\\u957f\\u70b9\\u5fc3\\u201d\\u8fd9\\u6837\\u7684\\u6807\\u7b7e\\uff0c\\u5176\\u5b9e\\u5bf9\\u81ea\\u5df1\\u4e5f\\u662f\\u4e2a\\u63d0\\u9192\\u5427\\u3002\\u6211\\u5c31\\u662f\\u592a\\u5bb9\\u6613\\u5065\\u5fd8\\u4e86\\uff0c\\u7ecf\\u5e38\\u5fd8\\u8bb0\\u81ea\\u5df1\\u4e0b\\u4e00\\u6b65\\u8981\\u53bb\\u505a\\u4ec0\\u4e48\\uff0c\\u7136\\u540e\\u5c31\\u603b\\u4f1a\\u53bb\\u95ee\\u5de5\\u4f5c\\u4eba\\u5458\\uff0c\\u4ed6\\u4eec\\u5c31\\u5f88\\u5d29\\u6e83\\u7684\\u544a\\u8bc9\\u6211\\uff1a\\u6211\\u8bf4\\u8fc7\\u5f88\\u591a\\u6b21\\u4e86\\uff01\\u54c8\\u54c8\\u54c8\\uff01\\u800c\\u4e14\\u6211\\u901b\\u8857\\u7684\\u65f6\\u5019\\u7ecf\\u5e38\\u5728\\u8fdb\\u5165\\u4e00\\u4e2a\\u5e97\\u94fa\\u4e4b\\u540e\\u518d\\u51fa\\u6765\\uff0c\\u5c31\\u539f\\u8def\\u8fd4\\u56de\\u4e86\\uff0c\\u5b8c\\u5168\\u5fd8\\u8bb0\\u81ea\\u5df1\\u5e94\\u8be5\\u7ee7\\u7eed\\u5f80\\u524d\\u8d70\\u8fd9\\u4ef6\\u4e8b\\u3002\"},{\"type\":\"text\",\"text\":\"\\u6615\\u5c0f\\u8587\\uff1a\\u90a3\\u4f60\\u77e5\\u9053\\u5de5\\u4f5c\\u4eba\\u5458\\u4f1a\\u7ed9\\u4f60\\u8d34\\u4ec0\\u4e48\\u6807\\u7b7e\\u5417\\uff1f\"},{\"type\":\"text\",\"text\":\"\\u5434\\u5ba3\\u4eea\\uff1a\\u54a6\\uff1f\\u4e0d\\u77e5\\u9053\\uff0c\\u4f46\\u662f\\u6211\\u8d85\\u60f3\\u77e5\\u9053\\u4ed6\\u4eec\\u600e\\u4e48\\u8bc4\\u4ef7\\u6211\\uff08\\u5de5\\u4f5c\\u4eba\\u5458\\u5077\\u7b11\\uff09\\uff01\\u4ed6\\u4eec\\u662f\\u4e0d\\u662f\\u4f1a\\u89c9\\u5f97\\u6211\\u6bd4\\u8f83\\u81ea\\u6765\\u719f\\uff1f\\u4ed6\\u4eec\\u7ecf\\u5e38\\u4f1a\\u8ba9\\u6211\\u514b\\u5236\\u4e00\\u4e0b\\uff01\"},{\"type\":\"text\",\"text\":\"\\u6615\\u5c0f\\u8587\\uff1a\\u6211\\u4eec\\u77e5\\u9053\\u4f6012\\u5c81\\u7684\\u65f6\\u5019\\u5c31\\u72ec\\u81ea\\u6765\\u5230\\u5317\\u4eac\\u95ef\\u8361\\uff0c\\u73b0\\u5728\\u56de\\u60f3\\u8d77\\u6765\\u89c9\\u5f97\\u90a3\\u4e2a\\u5e74\\u5e7c\\u7684\\u81ea\\u5df1\\u8f9b\\u82e6\\u4e48\\uff1f\"},{\"type\":\"text\",\"text\":\"\\u5434\\u5ba3\\u4eea\\uff1a\\u6211\\u89c9\\u5f97\\u53ef\\u80fd\\u8fd8\\u662f\\u56e0\\u4eba\\u800c\\u5f02\\u5427\\uff0c\\u6211\\u4e2a\\u4eba\\u89c9\\u5f97\\u8fd8\\u597d\\u3002\\u6bd5\\u7adf\\u4e5f\\u662f\\u6211\\u81ea\\u5df1\\u9009\\u62e9\\u6765\\u5317\\u4eac\\u95ef\\u8361\\uff0c\\u6211\\u4f1a\\u89c9\\u5f97\\u6240\\u6709\\u7684\\u7ecf\\u5386\\u90fd\\u662f\\u503c\\u5f97\\u88ab\\u7ecf\\u5386\\u7684\\u3002\\u5982\\u679c\\u95ee\\u6211\\u5f53\\u521d\\u82e6\\u4e0d\\u82e6\\uff0c\\u53ef\\u662f\\u751f\\u6d3b\\u4e2d\\u54ea\\u4e00\\u4ef6\\u4e8b\\u4e0d\\u82e6\\u5462\\uff1f\\u4f46\\u662f\\u662f\\u6211\\u81ea\\u5df1\\u9009\\u62e9\\u7684\\u8def\\uff0c\\u8fd8\\u662f\\u8981\\u8ba9\\u81ea\\u5df1\\u6765\\u627f\\u62c5\\u4e00\\u5207\\u3002\\u800c\\u4e14\\u6211\\u76f8\\u4fe1\\u6211\\u4e4b\\u540e\\u7684\\u751f\\u6d3b\\u4f1a\\u8d8a\\u6765\\u8d8a\\u751c\\u7684\\uff01\"},{\"type\":\"text\",\"text\":\"\\u6615\\u5c0f\\u8587\\uff1a\\u4f60\\u5728\\u300a\\u6311\\u6218\\u5427\\uff01\\u592a\\u7a7a\\u300b\\u91cc\\u9762\\u6311\\u6218\\u4e86\\u5f88\\u591a\\u9ad8\\u96be\\u5ea6\\u7684\\u9879\\u76ee\\uff0c\\u4f60\\u672c\\u8eab\\u662f\\u4e00\\u4e2a\\u70ed\\u8877\\u6311\\u6218\\u7684\\u4eba\\u4e48\\uff1f\"},{\"type\":\"text\",\"text\":\"\\u5434\\u5ba3\\u4eea\\uff1a\\u6211\\u662f\\u4e00\\u4e2a\\u7279\\u522b\\u559c\\u6b22\\u6311\\u6218\\u7684\\u4eba\\uff0c\\u53ef\\u80fd\\u4e5f\\u662f\\u81ea\\u5df1\\u9047\\u5230\\u7684\\u4e8b\\u60c5\\u90fd\\u7279\\u522b\\u75af\\u72c2\\u5427\\uff0c\\u6240\\u4ee5\\u5c31\\u4e00\\u76f4\\u4e0d\\u505c\\u7684\\u6311\\u6218\\u4e00\\u4e9b\\u65b0\\u9c9c\\u7684\\u4e8b\\u60c5\\u3002\\u5176\\u5b9e\\u6211\\u6700\\u521d\\u662f\\u7279\\u522b\\u4e0d\\u4e60\\u60ef\\u81ea\\u5df1\\u5728\\u53f0\\u4e0a\\u8bb2\\u8bdd\\u7684\\uff0c\\u4f46\\u662f\\u7ecf\\u5386\\u8fc7\\u5f88\\u591a\\u4e8b\\u60c5\\u4e4b\\u540e\\u5c31\\u4f1a\\u53d1\\u73b0\\u81ea\\u5df1\\u4f1a\\u6162\\u6162\\u5730\\u8d8a\\u53d8\\u8d8a\\u597d\\uff0c\\u4e5f\\u7b97\\u662f\\u4e00\\u79cd\\u6311\\u6218\\u5427\\u3002\"},{\"type\":\"text\",\"text\":\"\\u6615\\u5c0f\\u8587\\uff1a\\u4f60\\u662f\\u4e00\\u4e2a\\u4f1a\\u5728\\u5de5\\u4f5c\\u4e2d\\u7ecf\\u5e38\\u53cd\\u601d\\u81ea\\u5df1\\uff0c\\u8ba9\\u81ea\\u5df1\\u8fdb\\u6b65\\u7684\\u4eba\\u5417\\uff1f\"},{\"type\":\"text\",\"text\":\"\\u5434\\u5ba3\\u4eea\\uff1a\\u6211\\u4f1a\\u7ecf\\u5e38\\u6027\\u7684\\u56de\\u987e\\u8fc7\\u53bb\\u8fd9\\u6bb5\\u65f6\\u95f4\\u91cc\\u81ea\\u5df1\\u505a\\u5230\\u4e86\\u4e9b\\u4ec0\\u4e48\\u4e8b\\u60c5\\uff0c\\u518d\\u53cd\\u601d\\u4e00\\u4e0b\\u81ea\\u5df1\\u4ec0\\u4e48\\u5730\\u65b9\\u6ca1\\u505a\\u5230\\u6216\\u8005\\u6ca1\\u505a\\u597d\\u3002\\u8fd8\\u662f\\u4f1a\\u7ecf\\u5e38\\u6027\\u7684\\u603b\\u7ed3\\u4e00\\u4e0b\\uff0c\\u8fd9\\u6837\\u7684\\u786e\\u662f\\u53ef\\u4ee5\\u8ba9\\u81ea\\u5df1\\u5728\\u4e0b\\u4e00\\u9636\\u6bb5\\u505a\\u7684\\u66f4\\u597d\\uff0c\\u4e5f\\u662f\\u6fc0\\u52b1\\u81ea\\u5df1\\u8fdb\\u6b65\\u7684\\u4e00\\u4e2a\\u65b9\\u5f0f\\u3002\"},{\"type\":\"text\",\"text\":\"\\u6615\\u5c0f\\u8587\\uff1a\\u548c\\u6211\\u4eec\\u5206\\u4eab\\u4e00\\u4e9b\\u5de5\\u4f5c\\u5e26\\u7ed9\\u4f60\\u7684\\u6539\\u53d8\\u5427\"},{\"type\":\"text\",\"text\":\"\\u5434\\u5ba3\\u4eea\\uff1a\\u8fc7\\u53bb\\u4e00\\u5e74\\u91cc\\uff0c\\u6211\\u7ecf\\u5386\\u7684\\u4e8b\\u60c5\\u7684\\u786e\\u662f\\u975e\\u5e38\\u591a\\u3002\\u4e00\\u5f00\\u59cb\\u7684\\u65f6\\u5019\\u6211\\u9047\\u5230\\u4e00\\u4e9b\\u4e8b\\u60c5\\u6709\\u4e9b\\u624b\\u8db3\\u65e0\\u63aa\\uff0c\\u4f46\\u662f\\u73b0\\u5728\\u771f\\u7684\\u662f\\u56e0\\u4e3a\\u7ecf\\u5386\\u5f97\\u591a\\u4e86\\u5c31\\u8d8a\\u6765\\u8d8a\\u719f\\u7ec3\\u3002\\u6211\\u5f00\\u59cb\\u9010\\u6e10\\u660e\\u767d\\u81ea\\u5df1\\u8be5\\u5982\\u4f55\\u5904\\u7406\\u8fd9\\u4e9b\\u4e8b\\u60c5\\u4e86\\uff0c\\u6211\\u89c9\\u5f97\\u8fd8\\u633a\\u6709\\u6210\\u5c31\\u611f\\u7684\\u3002\"},{\"type\":\"text\",\"text\":\"\\u6615\\u5c0f\\u8587\\uff1a\\u56de\\u987e2018\\u5e74\\uff0c\\u4f60\\u7684\\u751f\\u6d3b\\u5145\\u5b9e\\u53c8\\u4e30\\u5bcc\\uff0c\\u4f60\\u559c\\u6b22\\u8fd9\\u6837\\u5feb\\u8282\\u594f\\u7684\\u751f\\u6d3b\\u4e48\\uff1f\"},{\"type\":\"text\",\"text\":\"\\u5434\\u5ba3\\u4eea\\uff1a2018\\u5bf9\\u6211\\u6765\\u8bf4\\u4e5f\\u662f\\u4e00\\u4e2a\\u8f6c\\u6298\\u70b9\\u5427\\uff0c\\u5c31\\u662f\\u5f88\\u591a\\u65f6\\u5019\\u4f60\\u770b\\u5230\\u673a\\u4f1a\\u5728\\u4f60\\u9762\\u524d\\uff0c\\u4f60\\u662f\\u5426\\u80fd\\u591f\\u6293\\u5f97\\u4f4f\\u8fd8\\u662f\\u8981\\u9760\\u81ea\\u5df1\\u3002\\u6240\\u4ee5\\u4e0d\\u8981\\u5bb3\\u6015\\uff0c\\u5f80\\u524d\\u51b2\\u5c31\\u662f\\u5bf9\\u7684\\uff01\"},{\"type\":\"text\",\"text\":\"\\u6615\\u5c0f\\u8587\\uff1a\\u4f60\\u7406\\u60f3\\u4e2d\\u7684\\u751f\\u6d3b\\u72b6\\u6001\\u662f\\u600e\\u6837\\u7684\\uff1f\\u548c\\u73b0\\u5728\\u5fd9\\u788c\\u7684\\u8282\\u594f\\u53cd\\u5dee\\u5927\\u5417\\uff1f\"},{\"type\":\"text\",\"text\":\"\\u5434\\u5ba3\\u4eea\\uff1a\\u6211\\u4e2a\\u4eba\\u7684\\u79c1\\u4e0b\\u751f\\u6d3b\\u7279\\u522b\\u7684\\u65e0\\u804a\\uff0c\\u771f\\u7684\\u5f88\\u65e0\\u804a\\uff08\\u5f3a\\u8c03\\uff09\\uff01\\u6211\\u7684\\u5bb6\\u4eba\\u3001\\u670b\\u53cb\\u6709\\u65f6\\u5019\\u95ee\\u6211\\u5728\\u5e72\\u561b\\uff0c\\u6211\\u5c31\\u8bf4\\u6211\\u5728\\u5bb6\\u554a\\u4ec0\\u4e48\\u7684\\uff0c\\u5979\\u4eec\\u95ee\\u6211\\u4f60\\u600e\\u4e48\\u4e5f\\u4e0d\\u51fa\\u53bb\\uff0c\\u6211\\u8bf4\\u5c31\\u662f\\u4e0d\\u60f3\\u51fa\\u53bb\\u554a\\uff08\\u65e0\\u5948\\u7684\\u7b11\\uff09\\u3002\"},{\"type\":\"text\",\"text\":\"\\u6615\\u5c0f\\u8587\\uff1a\\u4f5c\\u4e3a\\u5076\\u50cf\\uff0c\\u4f60\\u662f\\u5982\\u4f55\\u7406\\u89e3\\u5076\\u50cf\\u8fd9\\u4e2a\\u6982\\u5ff5\\u7684\\u5462\\uff1f\"},{\"type\":\"text\",\"text\":\"\\u5434\\u5ba3\\u4eea\\uff1a\\u6211\\u89c9\\u5f97\\u5076\\u50cf\\u9996\\u5148\\u662f\\u8981\\u79ef\\u6781\\u5411\\u4e0a\\u7684\\uff0c\\u5e26\\u9886\\u5927\\u5bb6\\u4e00\\u8d77\\u8d70\\u5230\\u4e00\\u4e2a\\u7f8e\\u597d\\u7684\\u751f\\u6d3b\\u72b6\\u6001\\u3002\\u5176\\u6b21\\u5076\\u50cf\\u8981\\u80fd\\u591f\\u5e26\\u9886\\u559c\\u7231\\u5979\\u7684\\u4eba\\u52c7\\u4e8e\\u9762\\u5bf9\\u81ea\\u5df1\\uff0c\\u52c7\\u4e8e\\u6311\\u6218\\u81ea\\u5df1\\u3001\\u7a81\\u7834\\u81ea\\u5df1\\uff01\"},{\"type\":\"text\",\"text\":\"\\u6615\\u5c0f\\u8587\\uff1a\\u8ddf\\u6211\\u4eec\\u5206\\u4eab\\u4e00\\u4e0b\\u4f603\\u6708\\u6625\\u5b63\\u7684\\u7a7f\\u642d\\u6280\\u5de7\\u5427\"},{\"type\":\"text\",\"text\":\"\\u5434\\u5ba3\\u4eea\\uff1a3\\u6708\\u7684\\u8bdd\\u5176\\u5b9e\\u5927\\u90e8\\u5206\\u5730\\u533a\\u8fd8\\u662f\\u6bd4\\u8f83\\u5bd2\\u51b7\\u7684\\uff0c\\u6211\\u5efa\\u8bae\\u5927\\u5bb6\\u7a7f\\u725b\\u4ed4\\u957f\\u88e4\\uff0c\\u642d\\u914d\\u536b\\u8863\\u3002\\u536b\\u8863\\u5185\\u642d\\u767d\\u8272T\\u6064\\uff0c\\u975e\\u5e38\\u53ef\\u7231\\u54e6\\uff01\"},{\"type\":\"text\",\"text\":\"\\u6615\\u5c0f\\u8587\\uff1a\\u5206\\u4eab\\u4e00\\u4ef6\\u201c\\u5434\\u5ba3\\u4eeastyle\\u201d\\u5355\\u54c1\\u5427\\uff01\"},{\"type\":\"text\",\"text\":\"\\u5434\\u5ba3\\u4eea\\uff1a\\u9ad8\\u8170\\u725b\\u4ed4\\u957f\\u88e4\\uff01\\u6211\\u7684\\u6700\\u7231\\uff01\"},{\"type\":\"text\",\"text\":\"\\u6615\\u5c0f\\u8587\\uff1a\\u548c\\u5927\\u5bb6\\u5206\\u4eab\\u4e00\\u4e0b\\u4f60\\u4fdd\\u6301\\u5065\\u5eb7\\u7f8e\\u597d\\u72b6\\u6001\\u7684\\u5c0f\\u79d8\\u8bc0\\u5427\\uff01\"},{\"type\":\"text\",\"text\":\"\\u5434\\u5ba3\\u4eea\\uff1a\\u5c11\\u559d\\u5976\\u8336\\uff08\\u8ba4\\u771f\\u8138\\uff09\\uff01\\u65e9\\u9910\\u4e00\\u5b9a\\u8981\\u5403\\uff01\\u6211\\u4e5f\\u4f1a\\u5c11\\u559d\\u70b9\\u5976\\u8336\\u7684\\uff01\"},{\"type\":\"text\",\"text\":\"\\u6615\\u5c0f\\u8587\\uff1a\\u4f60\\u5bf9\\u672a\\u6765\\u7684\\u81ea\\u5df1\\u6709\\u4ec0\\u4e48\\u671f\\u5f85\\uff1f\"},{\"type\":\"text\",\"text\":\"\\u5434\\u5ba3\\u4eea\\uff1a\\u5173\\u4e8e\\u672a\\u6765\\u7684\\u8bdd\\uff0c\\u6211\\u5e0c\\u671b\\u81ea\\u5df1\\u53ef\\u4ee5\\u4e0d\\u8981\\u7740\\u6025\\uff0c\\u56e0\\u4e3a\\u6211\\u662f\\u4e2a\\u6025\\u6027\\u5b50\\u3002\\u6211\\u5e0c\\u671b\\u672a\\u6765\\u7684\\u8def\\u80fd\\u8e0f\\u8e0f\\u5b9e\\u5b9e\\u6162\\u6162\\u60a0\\u60a0\\u5730\\u8d70\\u4e0b\\u53bb\\uff0c\\u597d\\u597d\\u505a\\u81ea\\u5df1\\u559c\\u6b22\\u505a\\u7684\\u4e8b\\u60c5\\uff0c\\u63a2\\u7d22\\u5434\\u5ba3\\u4eea\\u66f4\\u591a\\u7684\\u53ef\\u80fd\\uff01\"}]', '17', '258', '16', '1', 'style,吴宣仪', '1', '1556525792', '1555206060', '1');
INSERT INTO `xw_news_info` VALUES ('6', '1', '3', '自带古典气质的优雅女孩——刘惜君', 'http://xinweifashion.test.yzjtech.com/uploads/20190414/3c575b70f28bd909bb85f45b0dc461bf.jpg', 'http://xinweifashion.test.yzjtech.com/uploads/20190414/c0da7142d89aceb71a3d46dee31bf3ad.jpg', '[{\"type\":\"text\",\"text\":\"\\u5218\\u60dc\\u541b\\u7684\\u821e\\u53f0\\u98ce\\u683c\\u6e29\\u5a49\\u6de1\\u5b9a\\uff0c\\u6c14\\u8d28\\u6e05\\u65b0\\u8c26\\u548c\\uff0c\\u6f14\\u5531\\u65b9\\u5f0f\\u88ab\\u79f0\\u4e3a\\u201c\\u4e2d\\u56fd\\u5f0f\\u5973\\u5b69\\u4f18\\u96c5\\u5531\\u201d\\u3002\\u4ece\\u51fa\\u9053\\u5230\\u73b0\\u5728\\u7684\\u6bcf\\u4e00\\u5f20\\u4e13\\u8f91\\u89c1\\u8bc1\\u4e86\\u5218\\u60dc\\u541b\\u5728\\u97f3\\u4e50\\u4e2d\\u7684\\u8715\\u53d8\\u3002\\u4ece\\u5355\\u4e00\\u7eaf\\u51c0\\u7684\\u97f3\\u4e50\\u98ce\\u683c\\u5230\\u73b0\\u5728\\u8131\\u5f00\\u65e2\\u5b9a\\u6d41\\u884c\\u6b4c\\u66f2\\u7684\\u5957\\u8def\\uff0c\\u4e2a\\u4eba\\u98ce\\u683c\\u53d8\\u5f97\\u66f4\\u52a0\\u9c9c\\u660e\\uff0c\\u662f\\u5bf9\\u81ea\\u6211\\u7684\\u8d85\\u8d8a\\u4e0e\\u98a0\\u8986\\uff0c\\u4e5f\\u8425\\u9020\\u51fa\\u4e86\\u5c5e\\u4e8e\\u5979\\u7684\\u5d2d\\u65b0\\u800c\\u591a\\u53d8\\u7684\\u97f3\\u4e50\\u5b87\\u5b99\\u3002\"},{\"type\":\"text\",\"text\":\"\\u5929\\u6c14\\u5fae\\u5fae\\u56de\\u6696\\uff0c\\u5973\\u5b69\\u5b50\\u4eec\\u5df2\\u7ecf\\u5fcd\\u4e0d\\u4f4f\\u8131\\u4e0b\\u539a\\u91cd\\u7684\\u68c9\\u670d\\uff0c\\u6362\\u4e0a\\u8f7b\\u76c8\\u7684\\u88d9\\u88c5\\u3002\\u5c31\\u8ba9\\u6211\\u4eec\\u8ddf\\u968f\\u5218\\u60dc\\u541b\\u5728\\u5404\\u5f0f\\u88d9\\u88c5\\u4e2d\\u63a2\\u7d22\\u4f18\\u96c5\\u7684\\u79d8\\u8bc0\\uff0c\\u4e00\\u540c\\u6253\\u9020\\u6e05\\u4e3d\\u53ef\\u4eba\\u7684\\u65e9\\u6625\\u65f6\\u5c1a\\u5427\\uff01\"},{\"type\":\"img\",\"src\":\"http:\\/\\/xinweifashion.test.yzjtech.com\\/uploads\\/20190414\\/f5bdca4657056801be751327bd4d367d.jpg\",\"width\":640,\"height\":427,\"name\":1},{\"type\":\"text\",\"text\":\"\\u7b80\\u7ea6OL\"},{\"type\":\"text\",\"text\":\"\\u85cf\\u84dd\\u8272\\u4e00\\u5b57\\u9886\\u8fde\\u8863\\u88d9\\/YE\\u2019SbyYESIR 3580\\u5143\"},{\"type\":\"text\",\"text\":\"\\u9ed1\\u8272PVC\\u8170\\u5305\\/ZARA \\u65b0\\u54c1\\u672a\\u5b9a\\u4ef7\"},{\"type\":\"text\",\"text\":\"\\u8033\\u9489\\u3001\\u9879\\u94fe\\u3001\\u6212\\u6307\\u3001\\u80f8\\u9488\\/\\u5468\\u5927\\u798f\\u835f\\u9986\\u201c\\u6881\\u201d\\u7cfb\\u5217\"},{\"type\":\"text\",\"text\":\"\\u85cf\\u84dd\\u8272\\u8fde\\u8863\\u88d9\\u7b80\\u7ea6\\u4e14\\u4e0d\\u4e4f\\u8bbe\\u8ba1\\u611f\\uff0c\\u4ece\\u767d\\u8272\\u7684\\u7ebf\\u6761\\u4e2d\\u6d41\\u9732\\u51fa\\u77e5\\u6027\\u7f8e\\uff0cPVC\\u8170\\u5305\\u4e3a\\u9020\\u578b\\u589e\\u6dfb\\u65f6\\u5c1a\\u611f\\uff0c\\u878d\\u5165\\u65b0\\u6750\\u8d28\\uff0c\\u540c\\u4e3a\\u7b80\\u7ea6\\u98ce\\u7684\\u914d\\u9970\\u70b9\\u7f00\\u5f97\\u6070\\u5230\\u597d\\u5904\"},{\"type\":\"img\",\"src\":\"http:\\/\\/xinweifashion.test.yzjtech.com\\/uploads\\/20190414\\/a25cbe5b4f2c2d191560798a780f6ded.jpg\",\"width\":640,\"height\":917,\"name\":2},{\"type\":\"text\",\"text\":\"\\u6e29\\u67d4\\u96ea\\u7eba\"},{\"type\":\"text\",\"text\":\"\\u82b1\\u6735\\u523a\\u7ee3\\u96ea\\u7eba\\u4e0a\\u8863\\/\\u65b0\\u54c1\\u672a\\u5b9a\\u4ef7\\u3001\\u6d41\\u82cf\\u534a\\u88d9\\/\\u65b0\\u54c1\\u672a\\u5b9a\\u4ef7\\uff08\\u5747\\u5c5eJEFEN BY FRANKIE\\uff09\"},{\"type\":\"text\",\"text\":\"\\u8170\\u5c01\\/PEACEBIRD \\u65b0\\u54c1\\u672a\\u5b9a\\u4ef7\"},{\"type\":\"text\",\"text\":\"\\u9ed1\\u8272\\u4e1d\\u7ed2\\u9ad8\\u8ddf\\u978b\\/JIMMY CHOO \\u65b0\\u54c1\\u672a\\u5b9a\\u4ef7\"},{\"type\":\"text\",\"text\":\"\\u8033\\u9489\\u3001\\u9879\\u94fe\\u3001\\u6212\\u6307\\/\\u5468\\u5927\\u798f\\u835f\\u9986\\u201c\\u6881\\u201d\\u7cfb\\u5217\"},{\"type\":\"text\",\"text\":\"\\u8f7b\\u67d4\\u7684\\u96ea\\u7eba\\u6253\\u9020\\u51fa\\u6dd1\\u5973\\u7684\\u98ce\\u683c\\uff0c\\u82b1\\u6735\\u523a\\u7ee3\\u66f4\\u663e\\u7cbe\\u81f4\\uff0c\\u7fbd\\u6bdb\\u88c5\\u9970\\u7684\\u6d41\\u82cf\\u534a\\u88d9\\u5305\\u88f9\\u8d77\\u4f18\\u7f8e\\u66f2\\u7ebf\\uff0c\\u73e0\\u5b9d\\u7684\\u7f8e\\u4e3d\\u5219\\u6d41\\u8f6c\\u4e8e\\u4e3e\\u624b\\u6295\\u8db3\\u4e4b\\u95f4\\u3002\"},{\"type\":\"img\",\"src\":\"http:\\/\\/xinweifashion.test.yzjtech.com\\/uploads\\/20190414\\/78cbaa27f96009faea80473bb1b40fbd.jpg\",\"width\":640,\"height\":909,\"name\":3},{\"type\":\"img\",\"src\":\"http:\\/\\/xinweifashion.test.yzjtech.com\\/uploads\\/20190414\\/4580c8d229b9fb3ec4c7e759be2cb573.jpg\",\"width\":640,\"height\":864,\"name\":4},{\"type\":\"text\",\"text\":\"\\u4f18\\u96c5\\u793c\\u670d\"},{\"type\":\"text\",\"text\":\"\\u6de1\\u7d2b\\u8272\\u793c\\u670d\\/JEFEN BY FRANKIE \\u65b0\\u54c1\\u672a\\u5b9a\\u4ef7\"},{\"type\":\"text\",\"text\":\"\\u8033\\u9489\\u3001\\u624b\\u94fe\\u3001\\u9879\\u94fe\\/\\u5468\\u5927\\u798f\\u835f\\u9986\\u201c\\u6881\\u201d\\u7cfb\\u5217\"},{\"type\":\"text\",\"text\":\"\\u4e00\\u88ad\\u4f18\\u96c5\\u957f\\u88d9\\u8fdb\\u4e00\\u6b65\\u886c\\u6258\\u51fa\\u5218\\u60dc\\u541b\\u8eab\\u4e0a\\u5b89\\u9759\\u53e4\\u5178\\u7684\\u6c14\\u8d28\\uff0c\\u62b9\\u80f8\\u8bbe\\u8ba1\\u9732\\u51fa\\u67d4\\u7f8e\\u80a9\\u7ebf\\uff0c\\u7cbe\\u81f4\\u7684\\u9879\\u94fe\\u88c5\\u70b9\\u5728\\u8116\\u9888\\u95f4\\uff0c\\u663e\\u5f97\\u9501\\u9aa8\\u6108\\u53d1\\u8ff7\\u4eba\\u3002\"},{\"type\":\"img\",\"src\":\"http:\\/\\/xinweifashion.test.yzjtech.com\\/uploads\\/20190414\\/6fc46d1b497d6d2261d8c4db2507d7a6.jpg\",\"width\":640,\"height\":807,\"name\":5},{\"type\":\"text\",\"text\":\"\\u6d6a\\u6f2b\\u5370\\u82b1\"},{\"type\":\"text\",\"text\":\"\\u5355\\u80a9\\u4e0d\\u5bf9\\u79f0\\u5370\\u82b1\\u8fde\\u8863\\u88d9\\/Black Spoon 2880\\u5143\"},{\"type\":\"text\",\"text\":\"\\u9ed1\\u8272\\u4e1d\\u7ed2\\u8170\\u5e26\\/\\u65b0\\u54c1\\u672a\\u5b9a\\u4ef7\\u3001\\u9ed1\\u8272\\u957f\\u7b52\\u9774\\/\\u65b0\\u54c1\\u672a\\u5b9a\\u4ef7\\uff08\\u5747\\u5c5eZARA\\uff09\"},{\"type\":\"text\",\"text\":\"\\u8033\\u9489\\/\\u5468\\u5927\\u798f\\u835f\\u9986\\u201c\\u6881\\u201d\\u7cfb\\u5217\"},{\"type\":\"text\",\"text\":\"\\u6d6a\\u6f2b\\u552f\\u7f8e\\u7684\\u5370\\u82b1\\u6781\\u5177\\u6625\\u65e5\\u7684\\u6c14\\u606f\\uff0c\\u4e9b\\u8bb8\\u7684\\u857e\\u4e1d\\u70b9\\u7f00\\u900f\\u9732\\u51fa\\u5c11\\u5973\\u60c5\\u6000\\uff0c\\u4e1d\\u7ed2\\u8170\\u5c01\\u63d0\\u5347\\u8d28\\u611f\\uff0c\\u6536\\u62e2\\u8eab\\u5f62\\uff0c\\u7cbe\\u7f8e\\u7684\\u8033\\u9970\\u5728\\u7ec6\\u8282\\u4e4b\\u5904\\u95ea\\u70c1\\u3002\"}]', '1', '34', '8', '1', 'style,吴宣仪', '1', '1555210195', '1555210195', '1');
INSERT INTO `xw_news_info` VALUES ('7', '1', '3', '炎亚纶：成长就是找到与这个世界最舒服的方式相处', 'http://xinweifashion.test.yzjtech.com/uploads/20190414/c5f74367572ebc0cd798c6672b8baf4f.jpg', 'http://xinweifashion.test.yzjtech.com/uploads/20190414/964c2e3d841f465219612b68ddc42d23.jpg', '[{\"type\":\"text\",\"text\":\"\\u708e\\u4e9a\\u7eb6\\u51fa\\u9053\\u591a\\u5e74\\u4f9d\\u65e7\\u4fdd\\u6301\\u7740\\u68f1\\u89d2\\u5206\\u660e\\u7684\\u82b1\\u6837\\u7f8e\\u989c\\uff0c\\u4ece\\u5076\\u50cf\\u9010\\u6e10\\u8d70\\u5411\\u5b9e\\u529b\\u6d3e\\u5076\\u50cf\\uff0c\\u8fd9\\u6bb5\\u65c5\\u7a0b\\u5bf9\\u4ed6\\u6765\\u8bf4\\uff0c\\u4e00\\u5b9a\\u662f\\u7b11\\u4e2d\\u6709\\u6cea\\u3002\"},{\"type\":\"img\",\"src\":\"http:\\/\\/xinweifashion.test.yzjtech.com\\/uploads\\/20190414\\/59ed1817ea7856a1d418e10d0b4f8c11.jpg\",\"width\":640,\"height\":853,\"name\":1},{\"type\":\"text\",\"text\":\"\\u62cd\\u6444\\u5f53\\u5929\\uff0c\\u5317\\u4eac\\u7684\\u5929\\u6c14\\u5bd2\\u51b7\\u800c\\u5e72\\u71e5\\uff0c\\u708e\\u4e9a\\u7eb6\\u6709\\u4e9b\\u611f\\u5192\\uff0c\\u4f46\\u662f\\u72b6\\u6001\\u4f9d\\u65e7\\u4e0d\\u9519\\u3002\\u62cd\\u6444\\u5927\\u7247\\u5bf9\\u51fa\\u9053\\u591a\\u5e74\\u7684\\u4ed6\\u6765\\u8bf4\\u6beb\\u65e0\\u538b\\u529b\\uff0c\\u62ff\\u8d77\\u9053\\u5177\\u5c31\\u662f\\u4e00\\u5206\\u949f\\u5341\\u51e0\\u4e2apose\\u7684\\u8282\\u594f\\uff0c\\u53ef\\u8c13\\u662f\\u975e\\u5e38\\u4e13\\u4e1a\\u4e86\\u3002\\u8fd9\\u4e9b\\u4e13\\u4e1a\\u7684\\u5076\\u50cf\\u7279\\u8d28\\u770b\\u4f3c\\u4e0e\\u751f\\u4ff1\\u6765\\uff0c\\u80cc\\u540e\\u4e5f\\u5c11\\u4e0d\\u4e86\\u52e4\\u594b\\u7684\\u94bb\\u7814\\u3002\"},{\"type\":\"text\",\"text\":\"2004\\u5e74\\uff0c\\u708e\\u4e9a\\u7eb6\\u88ab\\u661f\\u63a2\\u53d1\\u73b0\\uff0c\\u8fdb\\u5165\\u6f14\\u827a\\u5708\\uff0c\\u968f\\u540e\\u51fa\\u6f14\\u4e86\\u591a\\u90e8\\u5076\\u50cf\\u5267\\u4ee5\\u53ca\\u53d1\\u884c\\u4e86\\u591a\\u5f20\\u4e13\\u8f91\\u30022015\\u5e74\\u5728\\u65e5\\u672c\\u518d\\u6b21\\u51fa\\u9053\\uff0c\\u9996\\u5f20\\u65e5\\u672c\\u5355\\u66f2\\u300aMOISTURIZING\\u300b\\u7a7a\\u964d\\u65e5\\u672c\\u516c\\u4fe1\\u699c\\u524d\\u5341\\u4f4d\\u3002\\u4ed6\\u4e0d\\u4f46\\u662f\\u4e2a\\u5076\\u50cf\\uff0c\\u4e5f\\u662f\\u4f4d\\u6709\\u624d\\u534e\\u7684\\u5b9e\\u529b\\u6d3e\\u6b4c\\u624b\\uff012018\\u5e74\\uff0c\\u63a8\\u51fa\\u4e13\\u8f91\\u300a\\u4eb2\\u7231\\u7684\\u602a\\u7269\\u300b\\uff0c\\u820d\\u5f03\\u4e86\\u4ee5\\u5f80\\u6d41\\u884c\\u4e13\\u8f91\\u4e2d\\u7684\\u4f20\\u7edf\\u60c5\\u6b4c\\uff0c\\u575a\\u6301\\u81ea\\u6211\\u5bf9\\u4e16\\u754c\\u7684\\u770b\\u6cd5\\uff0c\\u7528\\u72ec\\u7279\\u7684\\u65b9\\u5f0f\\u4e0e\\u4e16\\u754c\\u4ea7\\u751f\\u4ea4\\u6d41\\u548c\\u601d\\u8003\\uff0c\\u4e3a\\u6211\\u4eec\\u5c55\\u73b0\\u4e86\\u4e00\\u4e2a\\u5076\\u50cf\\u7edd\\u7f8e\\u5bb9\\u989c\\u80cc\\u540e\\u7684\\u6df1\\u523b\\u601d\\u60f3\\u3002\"},{\"type\":\"text\",\"text\":\"\\u708e\\u4e9a\\u7eb6\\u81ea\\u5df1\\u5e76\\u4e0d\\u4ecb\\u610f\\u5916\\u754c\\u628a\\u4ed6\\u5b9a\\u4e49\\u4e3a\\u201c\\u5076\\u50cf\\u201d\\uff0c\\u5c3d\\u7ba1\\u8fd9\\u4e2a\\u65f6\\u4ee3\\uff0c\\u5076\\u50cf\\u5e76\\u4e0d\\u662f\\u4e2a\\u5b8c\\u5168\\u8912\\u4e49\\u7684\\u8bcd\\u6c47\\u3002\\u4f46\\u662f\\u5076\\u50cf\\u5728\\u8fd9\\u4e2a\\u65f6\\u4ee3\\u4f9d\\u65e7\\u53ef\\u4ee5\\u4fdd\\u6301\\u7740\\u5b83\\u539f\\u672c\\u7684\\u79ef\\u6781\\u542b\\u4e49\\uff0c\\u7cbe\\u795e\\u4e0a\\u7684\\u5f15\\u5bfc\\u3001\\u7075\\u9b42\\u4e0a\\u7684\\u4f9d\\u8d56\\u3001\\u884c\\u4e3a\\u4e0a\\u7684\\u6307\\u5f15\\u2026\\u2026\\u8fd9\\u4e00\\u5207\\uff0c\\u662f\\u708e\\u4e9a\\u7eb6\\u4f5c\\u4e3a\\u7c89\\u4e1d\\u7684\\u5076\\u50cf\\u4e00\\u76f4\\u4ee5\\u6765\\u5bf9\\u81ea\\u5df1\\u7684\\u4e25\\u683c\\u8981\\u6c42\\u3002\"},{\"type\":\"text\",\"text\":\"\\u63d0\\u8d77\\u300a\\u4eb2\\u7231\\u7684\\u602a\\u7269\\u300b\\u8fd9\\u5f20\\u4e13\\u8f91\\u7684\\u65f6\\u5019\\uff0c\\u4ed6\\u65e0\\u7591\\u662f\\u6ee1\\u610f\\u4e2d\\u5e26\\u6709\\u4e00\\u4e1d\\u4e1d\\u5c0f\\u9a84\\u50b2\\u7684\\u3002\\u4f5c\\u4e3a\\u5076\\u50cf\\uff0c\\u4ed6\\u5e0c\\u671b\\u8fd9\\u5f20\\u4e13\\u8f91\\u80fd\\u591f\\u8ba9\\u7c89\\u4e1d\\u4eec\\u66f4\\u52a0\\u76f8\\u4fe1\\u81ea\\u5df1\\uff0c\\u5373\\u4fbf\\u662f\\u4e0e\\u8fd9\\u4e2a\\u4e16\\u754c\\u5927\\u591a\\u6570\\u4eba\\u4e0d\\u540c\\uff0c\\u4e5f\\u8981\\u575a\\u5b9a\\u81ea\\u5df1\\u9009\\u62e9\\u7684\\u751f\\u6d3b\\u65b9\\u5f0f\\uff0c\\u4e0d\\u8981\\u968f\\u6ce2\\u9010\\u6d41\\u3002\\u6216\\u8bb8\\uff0c\\u4f60\\u4f1a\\u6709\\u4e00\\u5f20\\u548c\\u4e16\\u4eba\\u4e0d\\u592a\\u76f8\\u540c\\u7684\\u9762\\u5b54\\uff1b\\u53c8\\u6216\\u8bb8\\uff0c\\u4f60\\u601d\\u8003\\u4e16\\u754c\\u7684\\u903b\\u8f91\\u4e0e\\u522b\\u4eba\\u4e0d\\u540c\\u2026\\u2026\\u4f46\\u662f\\uff0c\\u4e0d\\u8981\\u5bb3\\u6015\\uff0c\\u4f60\\u8981\\u76f8\\u4fe1\\uff0c\\u8fd9\\u4e2a\\u4e16\\u754c\\u672c\\u5c31\\u6709\\u7740\\u65e0\\u6570\\u4e0d\\u540c\\u7684\\u4e2a\\u4f53\\uff0c\\u4ed6\\u4eec\\u4f1a\\u5728\\u5404\\u4e2a\\u89d2\\u843d\\u91cc\\u6563\\u53d1\\u7740\\u81ea\\u5df1\\u7684\\u5149\\u8292\\uff0c\\u4f60\\u603b\\u4f1a\\u627e\\u5230\\u4e0e\\u72ec\\u7279\\u7684\\u81ea\\u5df1\\u76f8\\u5904\\u7684\\u65b9\\u5f0f\\u3002\"},{\"type\":\"img\",\"src\":\"http:\\/\\/xinweifashion.test.yzjtech.com\\/uploads\\/20190414\\/df34740fe73911598438150d94e4dd09.jpg\",\"width\":640,\"height\":895,\"name\":2},{\"type\":\"text\",\"text\":\"\\u65e0\\u8bba\\u662fMV\\u4e2d\\u7684\\u6b4c\\u624b\\u708e\\u4e9a\\u7eb6\\uff0c\\u8fd8\\u662f\\u5927\\u7247\\u4e2d\\u7684\\u201c\\u6a21\\u7279\\u201d\\u708e\\u4e9a\\u7eb6\\uff0c\\u5145\\u6c9b\\u7684\\u7cbe\\u529b\\u3001\\u65fa\\u76db\\u7684\\u5c11\\u5e74\\u611f\\u5f88\\u96be\\u8ba9\\u6211\\u4eec\\u60f3\\u8c61\\u5f97\\u51fa\\uff0c\\u8fd9\\u662f\\u4e00\\u4f4d\\u5df2\\u7ecf\\u8fc7\\u4e86\\u800c\\u7acb\\u4e4b\\u5e74\\u7684\\u6210\\u719f\\u7537\\u6027\\u3002\\u5f53\\u6211\\u4eec\\u5f62\\u5bb9\\u4e00\\u4f4d\\u51bb\\u9f84\\u7f8e\\u4eba\\u7684\\u65f6\\u5019\\uff0c\\u6211\\u4eec\\u901a\\u5e38\\u4f1a\\u8bf4\\uff1a\\u201c\\u8fd9\\u662f\\u4e00\\u4f4d\\u88ab\\u65f6\\u95f4\\u9057\\u5fd8\\u7684\\u7f8e\\u4eba\\u3002\\u201d\\u4f46\\u662f\\u5bf9\\u4e8e\\u708e\\u4e9a\\u7eb6\\u6765\\u8bf4\\uff0c\\u662f\\u4ed6\\u9057\\u5fd8\\u4e86\\u65f6\\u95f4\\u3002\\u5373\\u4fbf\\u662f\\u8eab\\u4f53\\u673a\\u80fd\\u5df2\\u7ecf\\u8fbe\\u5230\\u800c\\u7acb\\u4e4b\\u5e74\\uff0c\\u4f46\\u662f\\u708e\\u4e9a\\u7eb6\\u7684\\u5fc3\\u6001\\u5e76\\u6ca1\\u6709\\u3002\\u9762\\u5bf9\\u81ea\\u5df1\\u559c\\u6b22\\u7684\\u6b4c\\u66f2\\u521b\\u4f5c\\u3001\\u5927\\u7247\\u62cd\\u6444\\u7b49\\u5de5\\u4f5c\\uff0c\\u4ed6\\u5766\\u8a00\\u81ea\\u5df1\\u5e76\\u6ca1\\u6709\\u611f\\u89c9\\u5230\\u75b2\\u52b3\\u6216\\u8005\\u538c\\u5026\\u3002\\u4ed6\\u4e5f\\u4e0d\\u592a\\u4f1a\\u5728\\u610f\\u65f6\\u95f4\\u7684\\u6d41\\u901d\\uff0c\\u53cd\\u800c\\u662f\\u5728\\u51fa\\u9053\\u5341\\u591a\\u5e74\\u540e\\uff0c\\u7531\\u8eab\\u8fb9\\u7684\\u4eba\\u63d0\\u8d77\\uff0c\\u4ed6\\u624d\\u4f1a\\u610f\\u8bc6\\u5230\\uff1a\\u5594\\uff1f\\u5df2\\u7ecf\\u8fd9\\u4e48\\u4e45\\u4e86\\uff1f\"},{\"type\":\"text\",\"text\":\"\\u4e0d\\u88ab\\u65f6\\u95f4\\u675f\\u7f1a\\uff0c\\u624d\\u4e0d\\u4f1a\\u611f\\u53d7\\u5230\\u65f6\\u95f4\\u6d41\\u901d\\u5e26\\u6765\\u7684\\u538b\\u529b\\u3002\\u8fd9\\u5e76\\u4e0d\\u662f\\u9003\\u907f\\u73b0\\u5b9e\\uff0c\\u66f4\\u4e0d\\u662f\\u4e0d\\u6562\\u9762\\u5bf9\\u5bb9\\u989c\\u7684\\u8001\\u53bb\\uff0c\\u800c\\u662f\\u4ed6\\u7684\\u6d3b\\u529b\\u3001\\u81ea\\u4fe1\\u8ba9\\u4ed6\\u66f4\\u52c7\\u4e8e\\u9762\\u5bf9\\u5149\\u9634\\u3002\\u5982\\u679c\\u8bf4\\uff0c\\u65f6\\u95f4\\u6ca1\\u6709\\u5e26\\u8d70\\u708e\\u4e9a\\u7eb6\\u8138\\u4e0a\\u7684\\u80f6\\u539f\\u86cb\\u767d\\u548c\\u5c11\\u5e74\\u822c\\u7684\\u6d3b\\u529b\\uff0c\\u90a3\\u65f6\\u95f4\\u5e26\\u7ed9\\u4e86\\u4ed6\\u4ec0\\u4e48\\u5462\\uff1f\\u5e94\\u8be5\\u662f\\u4e0e\\u8fd9\\u4e2a\\u4e16\\u754c\\u548c\\u5e73\\u76f8\\u5904\\u5427\\u3002\\u5e74\\u5c11\\u65f6\\u671f\\u7684\\u708e\\u4e9a\\u7eb6\\u662f\\u4e2a\\u6027\\u683c\\u7565\\u5fae\\u66b4\\u8e81\\u7684\\u5c11\\u5e74\\uff0c\\u4f46\\u662f\\u4ed6\\u53d1\\u73b0\\u4e0e\\u5176\\u60c5\\u7eea\\u6fc0\\u70c8\\u7684\\u8868\\u8fbe\\u81ea\\u5df1\\u7684\\u60f3\\u6cd5\\uff0c\\u5012\\u4e0d\\u5982\\u5fc3\\u5e73\\u6c14\\u548c\\u7684\\u8bb2\\u8ff0\\u81ea\\u5df1\\u7684\\u89c2\\u70b9\\u66f4\\u80fd\\u591f\\u8ba9\\u4eba\\u63a5\\u53d7\\u3002\\u65f6\\u95f4\\uff0c\\u6216\\u8bb8\\u6ca1\\u6709\\u78e8\\u5e73\\u4ed6\\u7684\\u68f1\\u89d2\\uff0c\\u4f46\\u662f\\u5374\\u8ba9\\u4ed6\\u627e\\u5230\\u4e86\\u4e0e\\u8fd9\\u4e2a\\u4e16\\u754c\\u66f4\\u8212\\u670d\\u7684\\u76f8\\u5904\\u65b9\\u5f0f\\u3002\"},{\"type\":\"img\",\"src\":\"http:\\/\\/xinweifashion.test.yzjtech.com\\/uploads\\/20190414\\/3ad921691550f60f2830ec461cd71f55.jpg\",\"width\":640,\"height\":796,\"name\":3},{\"type\":\"text\",\"text\":\"\\u6615\\u5c0f\\u8587\\uff1a\\u6211\\u4eec\\u4e86\\u89e3\\u5230\\u4f60\\u572819\\u5c81\\u7684\\u65f6\\u5019\\u8fdb\\u5165\\u6f14\\u827a\\u5708\\uff0c30\\u5c81\\u7684\\u65f6\\u5019\\u5728\\u65e5\\u672c\\u51fa\\u9053\\uff0c\\u80fd\\u5426\\u5206\\u4eab\\u4e00\\u4e0b\\u5728\\u8fd9\\u4e24\\u4e2a\\u5e74\\u9f84\\u51fa\\u9053\\u65f6\\uff0c\\u4f60\\u7684\\u5fc3\\u7406\\u53d8\\u5316\\uff1f\"},{\"type\":\"text\",\"text\":\"\\u708e\\u4e9a\\u7eb6\\uff1a\\u6211\\u901a\\u5e38\\u5bf9\\u8fd9\\u6837\\u7684\\u65e5\\u5b50\\u90fd\\u4e0d\\u4f1a\\u8bb0\\u5f97\\u592a\\u6e05\\u695a\\uff0c\\u786e\\u5b9e\\u6211\\u81ea\\u5df1\\u4e5f\\u53ea\\u662f\\u5927\\u6982\\u4e86\\u89e3\\u8fd9\\u4e2a\\u65f6\\u95f4\\u7684\\u957f\\u5ea6\\uff0c\\u4f46\\u662f\\u6211\\u4e2a\\u4eba\\u53c8\\u4e0d\\u592a\\u60f3\\u8981\\u88ab\\u65f6\\u95f4\\u675f\\u7f1a\\u3002\\u6211\\u8ba4\\u4e3a\\u5982\\u679c\\u6bcf\\u4e00\\u5929\\u90fd\\u8fc7\\u5f97\\u5145\\u5b9e\\u53c8\\u624e\\u5b9e\\uff0c\\u90a3\\u5c31\\u4e0d\\u7528\\u592a\\u5728\\u610f\\u65f6\\u95f4\\u5728\\u4f60\\u8eab\\u4e0a\\u7559\\u4e0b\\u4ec0\\u4e48\\u3002\\u53ef\\u80fd\\u4f60\\u5728\\u6ca1\\u6709\\u65f6\\u95f4\\u7684\\u675f\\u7f1a\\u548c\\u538b\\u529b\\u4e4b\\u4e0b\\uff0c\\u53cd\\u800c\\u80fd\\u591f\\u8ba9\\u81ea\\u5df1\\u66f4\\u81ea\\u5728\\u4e00\\u4e9b\\u3002\"},{\"type\":\"text\",\"text\":\"\\u6615\\u5c0f\\u8587\\uff1a\\u5927\\u5bb6\\u5e38\\u8bf4\\uff0c\\u4e09\\u5341\\u800c\\u7acb\\uff0c30\\u5c81\\u4e4b\\u540e\\u7684\\u81ea\\u5df1\\u6709\\u4ec0\\u4e48\\u53d8\\u5316\\uff1f\"},{\"type\":\"text\",\"text\":\"\\u708e\\u4e9a\\u7eb6\\uff1a\\u6211\\u89c9\\u5f97\\u5fc3\\u6001\\u4e00\\u5b9a\\u662f\\u6709\\u6539\\u53d8\\u7684\\uff0c\\u6bd5\\u7adf\\u4eba\\u6700\\u5bb3\\u6015\\u7684\\u5c31\\u662f\\u4e00\\u6210\\u4e0d\\u53d8\\u3002\\u6709\\u4e9b\\u56fa\\u6267\\u7684\\u60f3\\u6cd5\\u5728\\u9762\\u5bf9\\u4eba\\u751f\\u5f88\\u591a\\u9700\\u8981\\u6539\\u53d8\\u7684\\u5730\\u65b9\\u4e5f\\u5728\\u9010\\u6e10\\u6539\\u53d8\\u3002\\u572830\\u5c81\\u4e4b\\u540e\\uff0c\\u5e94\\u8be5\\u662f\\u8d8a\\u6765\\u8d8a\\u6ca1\\u6709\\u813e\\u6c14\\u5427\\u3002\\u5176\\u5b9e\\u5e74\\u8f7b\\u7684\\u65f6\\u5019\\u4e5f\\u4f1a\\u66b4\\u8e81\\uff0c\\u4f46\\u662f\\u73b0\\u5728\\u8d8a\\u6765\\u8d8a\\u53d1\\u73b0\\uff0c\\u66b4\\u8e81\\u53cd\\u800c\\u4e0d\\u80fd\\u591f\\u8ba9\\u522b\\u4eba\\u771f\\u6b63\\u7406\\u89e3\\u4f60\\u60f3\\u8981\\u8868\\u8fbe\\u7684\\u662f\\u4ec0\\u4e48\\u3002\\u9664\\u6b64\\u4e4b\\u5916\\uff0c\\u66b4\\u8e81\\u7684\\u60c5\\u7eea\\u5bf9\\u81ea\\u5df1\\u7684\\u5fc3\\u60c5\\u548c\\u8eab\\u4f53\\u4e5f\\u4f1a\\u4e0d\\u592a\\u597d\\uff0c\\u6240\\u4ee5\\u8fd9\\u4e9b\\u90fd\\u9700\\u8981\\u6539\\u53d8\\u3002\"},{\"type\":\"img\",\"src\":\"http:\\/\\/xinweifashion.test.yzjtech.com\\/uploads\\/20190414\\/6581c6e72e0cefd56905aa63f9a46fc6.jpg\",\"width\":640,\"height\":827,\"name\":4},{\"type\":\"text\",\"text\":\"\\u6615\\u5c0f\\u8587\\uff1a\\u4f60\\u5728\\u300a\\u4eb2\\u7231\\u7684\\u602a\\u7269\\u300b\\u91cc\\u5c55\\u73b0\\u4e86\\u4e00\\u4e2a\\u88ab\\u675f\\u7f1a\\u7684\\u6309\\u90e8\\u5c31\\u73ed\\u7684\\u89d2\\u8272\\uff0c\\u80fd\\u804a\\u804a\\u4f60\\u7406\\u60f3\\u7684\\u4e16\\u754c\\u548c\\u751f\\u6d3b\\u662f\\u4ec0\\u4e48\\u6837\\u5b50\\u5417\\uff1f\"},{\"type\":\"text\",\"text\":\"\\u708e\\u4e9a\\u7eb6\\uff1a\\u6211\\u771f\\u7684\\u5e0c\\u671b\\u4eba\\u4eba\\u90fd\\u80fd\\u591f\\u82e6\\u4ed6\\u4eba\\u4e4b\\u82e6\\uff0c\\u7ad9\\u5728\\u522b\\u4eba\\u7684\\u7acb\\u573a\\u53bb\\u601d\\u8003\\u3002\\u6211\\u4e0d\\u77e5\\u9053\\u662f\\u4e0d\\u662f\\u6211\\u7684\\u9519\\u89c9\\u548c\\u8bef\\u4f1a\\uff0c\\u6211\\u89c9\\u5f97\\u8fd9\\u4e2a\\u4e16\\u754c\\u6709\\u4e00\\u4e9b\\u4eba\\u53ea\\u4e3a\\u81ea\\u5df1\\u7740\\u60f3\\uff0c\\u5176\\u5b9e\\u662f\\u6709\\u4e9b\\u81ea\\u79c1\\u7684\\u3002\\u6211\\u89c9\\u5f97\\u81ea\\u79c1\\u662f\\u4e0d\\u5bb9\\u6613\\u5feb\\u4e50\\u7684\\uff0c\\u4f46\\u662f\\u5927\\u5bb6\\u53c8\\u90fd\\u5f88\\u60f3\\u8981\\u8ffd\\u6c42\\u5feb\\u4e50\\u3002\\u6240\\u4ee5\\u6211\\u5c31\\u7ecf\\u5e38\\u63d0\\u9192\\u81ea\\u5df1\\uff0c\\u4e0d\\u8981\\u8ba9\\u81ea\\u5df1\\u9677\\u5165\\u90a3\\u79cd\\u5ac9\\u5992\\u6216\\u8005\\u6500\\u6bd4\\u7684\\u72b6\\u6001\\u3002\\u56e0\\u4e3a\\u8fd9\\u6837\\u5c31\\u5f88\\u5bb9\\u6613\\u9677\\u5165\\u4e00\\u4e2a\\u5f88\\u8d1f\\u9762\\u7684\\u60c5\\u7eea\\u4e2d\\uff0c\\u8fd9\\u6837\\u662f\\u5f88\\u96be\\u5f97\\u5230\\u771f\\u6b63\\u7684\\u5feb\\u4e50\\u7684\\u3002\\u6211\\u89c9\\u5f97\\u4f60\\u53ea\\u6709\\u653e\\u4e0b\\u7684\\u8d8a\\u591a\\uff0c\\u624d\\u4f1a\\u5f97\\u5230\\u66f4\\u591a\\uff0c\\u8d8a\\u5bb9\\u6613\\u77e5\\u8db3\\uff0c\\u5c31\\u8d8a\\u5bb9\\u6613\\u4fdd\\u6301\\u5e74\\u8f7b\\u7684\\u72b6\\u6001\\u3002\"},{\"type\":\"text\",\"text\":\" \\u6615\\u5c0f\\u8587\\uff1a\\u5728\\u300a\\u6c89\\u7761\\u7684\\u5de8\\u4eba\\u300b\\u7684\\u6b4c\\u8bcd\\u91cc\\u6709\\u63d0\\u5230\\u201c\\u5bf9\\u4e3b\\u6d41\\u4e0d\\u518d\\u76f2\\u4ece\\u201d\\uff0c\\u4f60\\u662f\\u5982\\u4f55\\u7406\\u89e3\\u7684\\uff1f\"},{\"type\":\"text\",\"text\":\"\\u708e\\u4e9a\\u7eb6\\uff1a\\u6211\\u5e0c\\u671b\\u8fd9\\u5f20\\u4e13\\u8f91\\u53ef\\u4ee5\\u6709\\u4e00\\u4e9b\\u6c42\\u540c\\u5b58\\u5f02\\u7684\\u8868\\u73b0\\u3002\\u300a\\u6c89\\u7761\\u7684\\u5de8\\u4eba\\u300b\\u8fd9\\u9996\\u5355\\u66f2\\u8bb2\\u8ff0\\u7684\\u662f\\u4e00\\u4e2a\\u68a6\\u60f3\\u548c\\u7406\\u60f3\\u7684\\u6545\\u4e8b\\uff0c\\u5e0c\\u671b\\u5927\\u5bb6\\u575a\\u6301\\u81ea\\u6211\\uff0c\\u800c\\u4e0d\\u662f\\u5bb3\\u6015\\u81ea\\u5df1\\u8ddf\\u522b\\u4eba\\u4e0d\\u4e00\\u6837\\u800c\\u53bb\\u76f2\\u4ece\\u3002\"},{\"type\":\"text\",\"text\":\"\\u8fd9\\u5f20\\u4e13\\u8f91\\u4e2d\\u7684\\u300a\\u4eb2\\u7231\\u7684\\u602a\\u7269\\u300b\\u4e5f\\u662f\\u5e0c\\u671b\\u5927\\u5bb6\\u76f8\\u4fe1\\u81ea\\u5df1\\u7684\\u72ec\\u7279\\uff1b\\u300a\\u806a\\u660e\\u7684\\u50bb\\u74dc\\u300b\\u867d\\u7136\\u770b\\u4e0a\\u53bb\\u50cf\\u4e00\\u9996\\u60c5\\u6b4c\\uff0c\\u4f46\\u662f\\u4f60\\u4ed4\\u7ec6\\u770b\\u6b4c\\u8bcd\\u5c31\\u4f1a\\u53d1\\u73b0\\uff0c\\u5927\\u5bb6\\u5728\\u78b0\\u5230\\u7231\\u60c5\\u7684\\u65f6\\u5019\\u5176\\u5b9e\\u90fd\\u4f1a\\u53d8\\u6210\\u50bb\\u74dc\\uff0c\\u5373\\u4fbf\\u4f60\\u662f\\u518d\\u600e\\u4e48\\u806a\\u660e\\u7684\\u4eba\\u3002\\u4f46\\u662f\\u4f60\\u4e0d\\u8981\\u5bb3\\u6015\\uff0c\\u4f60\\u8981\\u63a5\\u53d7\\u8fd9\\u6837\\u9677\\u5165\\u7231\\u60c5\\u4e2d\\u7684\\u81ea\\u5df1\\uff0c\\u53cd\\u800c\\u80fd\\u591f\\u5728\\u7231\\u60c5\\u4e2d\\u5b66\\u4e60\\u5230\\u5f88\\u591a\\u3002\"},{\"type\":\"text\",\"text\":\"\\u6615\\u5c0f\\u8587\\uff1a\\u4f60\\u53c8\\u662f\\u5982\\u4f55\\u7406\\u89e3\\u5f53\\u4ee3\\u5076\\u50cf\\uff1f\\u4f60\\u89c9\\u5f97\\u5076\\u50cf\\u5728\\u8fd9\\u4e2a\\u65f6\\u4ee3\\u4f1a\\u7ed9\\u4eba\\u4ec0\\u4e48\\u6837\\u7684\\u5f71\\u54cd\\uff1f\"},{\"type\":\"text\",\"text\":\"\\u708e\\u4e9a\\u7eb6\\uff1a\\u5076\\u50cf\\u901a\\u5e38\\u8fd8\\u662f\\u6bd4\\u8f83\\u6b63\\u9762\\u7684\\u4e00\\u4e2a\\u5b58\\u5728\\uff0c\\u5f53\\u7136\\u5076\\u5c14\\u4e5f\\u4f1a\\u51fa\\u73b0\\u8d1f\\u9762\\u7684\\u60c5\\u51b5\\u3002\\u4f46\\u662f\\u65f6\\u4ee3\\u4e2d\\u4e0d\\u80fd\\u7f3a\\u5c11\\u5076\\u50cf\\u8fd9\\u79cd\\u7cbe\\u795e\\uff0c\\u56e0\\u4e3a\\u5f88\\u591a\\u4eba\\u9664\\u4e86\\u5b97\\u6559\\u4fe1\\u4ef0\\u4e4b\\u5916\\uff0c\\u53ef\\u80fd\\u5c31\\u662f\\u627e\\u4e00\\u4e2a\\u5076\\u50cf\\u3002\\u6211\\u81ea\\u5df1\\u4e5f\\u66fe\\u7ecf\\u6709\\u5076\\u50cf\\uff0c\\u6211\\u4e5f\\u4f1a\\u628a\\u4ed6\\u5f53\\u505a\\u4eba\\u751f\\u7684\\u699c\\u6837\\uff0c\\u5e76\\u4e14\\u975e\\u5e38\\u6b23\\u8d4f\\u4ed6\\u90a3\\u79cd\\u4e0a\\u8fdb\\u7684\\u3001\\u4e0d\\u670d\\u8f93\\u7684\\u7cbe\\u795e\\u3002\\u6211\\u7edd\\u5bf9\\u652f\\u6301\\u5e74\\u8f7b\\u4eba\\u6709\\u5076\\u50cf\\uff0c\\u5076\\u50cf\\u4f1a\\u5bf9\\u5e74\\u8f7b\\u4eba\\u4ea7\\u751f\\u975e\\u5e38\\u6df1\\u8fdc\\u7684\\u5f71\\u54cd\\uff0c\\u800c\\u4e14\\u5728\\u5e74\\u8f7b\\u65f6\\u4ee3\\u8ffd\\u968f\\u7684\\u5076\\u50cf\\u4f1a\\u5728\\u65e5\\u540e\\u5bf9\\u4ed6\\u4eec\\u7684\\u884c\\u4e3a\\u3001\\u5904\\u4e8b\\u65b9\\u5f0f\\u4ee5\\u53ca\\u5404\\u4e2a\\u65b9\\u9762\\u90fd\\u4ea7\\u751f\\u5f71\\u54cd\\u3002\"},{\"type\":\"text\",\"text\":\"\\u6615\\u5c0f\\u8587\\uff1a\\u5728\\u4f60\\u51fa\\u6f14\\u8fc7\\u7684\\u7535\\u89c6\\u5267\\u4e2d\\uff0c\\u4f60\\u89c9\\u5f97\\u54ea\\u4e2a\\u89d2\\u8272\\u548c\\u4f60\\u672c\\u4eba\\u7684\\u6027\\u683c\\u6700\\u7b26\\u5408\\uff1f\"},{\"type\":\"text\",\"text\":\"\\u708e\\u4e9a\\u7eb6\\uff1a\\u5e94\\u8be5\\u662f\\u300a\\u6b7b\\u795e\\u5c11\\u5973\\u300b\\uff0c\\u6bd4\\u8f83\\u4e0d\\u7231\\u8bb2\\u8bdd\\u7684\\u89d2\\u8272\\uff0c\\u8ddf\\u6211\\u6700\\u539f\\u59cb\\u7684\\u72b6\\u6001\\u5f88\\u63a5\\u8fd1\\u3002\\u6211\\u662f\\u56e0\\u4e3a\\u8fdb\\u5165\\u8fd9\\u4e2a\\u884c\\u4e1a\\u624d\\u5f00\\u59cb\\u5b66\\u4f1a\\u8981\\u5982\\u4f55\\u8bb2\\u8bdd\\uff0c\\u5982\\u4f55\\u8a00\\u4e4b\\u6709\\u7269\\uff0c\\u5982\\u4f55\\u8868\\u8fbe\\u6e05\\u695a\\u81ea\\u5df1\\u8981\\u8bb2\\u7684\\u4e3b\\u9898\\uff0c\\u5982\\u4f55\\u8ba9\\u5927\\u5bb6\\u660e\\u767d\\u6211\\u5728\\u8bf4\\u4ec0\\u4e48\\u3002\\u5f53\\u4e86\\u827a\\u4eba\\u4e4b\\u540e\\u624d\\u903c\\u8feb\\u81ea\\u5df1\\u6709\\u4e86\\u4f1a\\u8bb2\\u8bdd\\u7684\\u8fd9\\u4e2a\\u80fd\\u529b\\uff0c\\u4f46\\u662f\\u5728\\u8fd9\\u4e4b\\u524d\\u6211\\u5f88\\u5c11\\u4e3b\\u52a8\\u8bf4\\u8bdd\\u3002\\u4ee5\\u524d\\u79c1\\u4e0b\\u662f\\u6bd4\\u8f83\\u5185\\u5411\\u7684\\uff0c\\u4f46\\u662f\\u73b0\\u5728\\u56e0\\u4e3a\\u5de5\\u4f5c\\u4e45\\u4e86\\uff0c\\u5c31\\u4f1a\\u8ba9\\u81ea\\u5df1\\u7684\\u6027\\u683c\\u4ea7\\u751f\\u4e00\\u4e9b\\u6539\\u53d8\\u3002\"},{\"type\":\"text\",\"text\":\"\\u6615\\u5c0f\\u8587\\uff1a\\u4f60\\u4e4b\\u540e\\u8fd8\\u60f3\\u8981\\u5c1d\\u8bd5\\u4ec0\\u4e48\\u98ce\\u683c\\u7684\\u89d2\\u8272\\uff1f\"},{\"type\":\"text\",\"text\":\"\\u708e\\u4e9a\\u7eb6\\uff1a\\u6f14\\u4e2a\\u53cd\\u6d3e\\u5427\\uff0c\\u6bd4\\u8f83\\u6709\\u8ba1\\u8c0b\\u7684\\u90a3\\u79cd\\u89d2\\u8272\\uff0c\\u56e0\\u4e3a\\u6211\\u89c9\\u5f97\\u8fd9\\u7c7b\\u89d2\\u8272\\u548c\\u81ea\\u5df1\\u672c\\u6765\\u7684\\u6027\\u683c\\u5f88\\u76f8\\u53cd\\u3002\\u6211\\u662f\\u90a3\\u79cd\\u4e0d\\u7231\\u7b97\\u8ba1\\uff0c\\u4ea4\\u670b\\u53cb\\u4e5f\\u6ca1\\u6709\\u5fc3\\u773c\\u7684\\u90a3\\u79cd\\u4eba\\u3002\\u867d\\u7136\\u5927\\u5bb6\\u603b\\u8bf4\\u8ba9\\u6211\\u63d0\\u9632\\uff0c\\u53ef\\u662f\\u6211\\u89c9\\u5f97\\u5982\\u679c\\u4e00\\u5f00\\u59cb\\u5c31\\u5404\\u79cd\\u63d0\\u9632\\uff0c\\u90a3\\u4e0d\\u5982\\u4e0d\\u8981\\u4ea4\\u8fd9\\u4e2a\\u670b\\u53cb\\u4e86\\u3002\"},{\"type\":\"text\",\"text\":\"\\u6615\\u5c0f\\u8587\\uff1a\\u6211\\u4eec\\u7ee7\\u7eed\\u804a\\u56de\\u97f3\\u4e50\\uff0c\\u60f3\\u8bf7\\u4f60\\u5206\\u4eab\\u4e00\\u4e0b\\u4f60\\u5728\\u505a\\u97f3\\u4e50\\u7684\\u65f6\\u5019\\u4e00\\u822c\\u4f1a\\u4ece\\u54ea\\u91cc\\u5bfb\\u627e\\u7075\\u611f\\uff1f\"},{\"type\":\"text\",\"text\":\"\\u708e\\u4e9a\\u7eb6\\uff1a\\u6211\\u89c9\\u5f97\\u5927\\u591a\\u6570\\u7684\\u65f6\\u5019\\u662f\\u4ece\\u751f\\u6d3b\\u5bfb\\u627e\\u7075\\u611f\\uff0c\\u6211\\u89c9\\u5f97\\u751f\\u6d3b\\u5bf9\\u827a\\u4eba\\u8fd8\\u662f\\u5f88\\u91cd\\u8981\\u7684\\u3002\\u56e0\\u4e3a\\u5f88\\u591a\\u4eba\\u592a\\u5e74\\u8f7b\\u7684\\u65f6\\u5019\\u5c31\\u6210\\u4e3a\\u4e86\\u827a\\u4eba\\uff0c\\u53cd\\u800c\\u5fd8\\u8bb0\\u4e86\\u81ea\\u5df1\\u7684\\u751f\\u6d3b\\u624d\\u662f\\u7075\\u611f\\u7684\\u6765\\u6e90\\u3002\\u6240\\u4ee5\\u6211\\u89c9\\u5f97\\u5927\\u5bb6\\u8fd8\\u662f\\u8981\\u8ba4\\u771f\\u5730\\u751f\\u6d3b\\uff0c\\u65e0\\u8bba\\u662f\\u4f60\\u8c08\\u604b\\u7231\\u4e5f\\u597d\\uff0c\\u4ea4\\u670b\\u53cb\\u4e5f\\u597d\\uff0c\\u60c5\\u611f\\u4e0a\\u7684\\u51b2\\u51fb\\u548c\\u7075\\u611f\\u7684\\u8ff8\\u53d1\\u90fd\\u662f\\u751f\\u6d3b\\u5e26\\u6765\\u7684\\u3002\"}]', '1', '26', '0', '1', 'style,炎亚纶', '1', '1555210895', '1555210895', '1');
INSERT INTO `xw_news_info` VALUES ('8', '1', '3', '张俪：狠出来的美丽很美丽', 'http://xinweifashion.test.yzjtech.com/uploads/20190414/d52355210ad0011920240e46a55feaf7.jpg', 'http://xinweifashion.test.yzjtech.com/uploads/20190414/9b5e78436bf8f1542550bfdcf80c1f59.jpg', '[{\"type\":\"text\",\"text\":\"\\u5979\\u662f\\u5168\\u5458\\u5065\\u8eab\\u7684\\u5973\\u660e\\u661f\\u4e2d\\u5f53\\u4e4b\\u65e0\\u6127\\u7684\\u201c\\u5065\\u8eab\\u5927\\u5496\\u201d\\uff0cA4\\u8170\\u3001\\u8774\\u8776\\u80cc\\u3001\\u5927\\u957f\\u817f\\u3001\\u9ad8\\u96be\\u5ea6\\u745c\\u4f3d\\u52a8\\u4f5c\\u8f7b\\u677e\\u9a7e\\u9a6d\\uff1b\"},{\"type\":\"text\",\"text\":\"\\u5979\\u662f\\u6709\\u7740\\u4e00\\u81f4\\u516c\\u8ba4\\u201c\\u9ad8\\u7ea7\\u8138\\u201d\\u7684\\u201c\\u884c\\u8d70\\u8863\\u67b6\\u201d\\u3001\\u201c\\u65f6\\u88c5\\u7a7f\\u642d\\u6559\\u79d1\\u4e66\\u201d\\uff0c\\u4ece\\u8857\\u62cd\\u5230\\u7ea2\\u6bef\\uff0c\\u90fd\\u6709\\u81ea\\u5df1\\u7684\\u98ce\\u683c\\u3002\"},{\"type\":\"text\",\"text\":\"\\u5979\\u662f\\u8eab\\u4efd\\u591a\\u53d8\\u7684\\u5f71\\u89c6\\u5267\\u5927\\u5973\\u4e3b\\uff0c\\u4ece\\u6295\\u8d44\\u4eba\\u3001\\u5973\\u533b\\u751f\\u3001\\u5230\\u4e0a\\u6d77\\u5341\\u4e09\\u592a\\u4fdd\\u4e4b\\u4e00\\u5927\\u963f\\u59d0\\uff0c\\u518d\\u5230\\u4ece200\\u65a4\\u5065\\u8eab\\u51cf\\u80a5\\u6210\\u201c\\u597d\\u5973\\u4e0d\\u8fc7\\u767e\\u201d\\u7684\\u52b1\\u5fd7\\u80d6\\u5973\\u5b69\\u513f\\uff0c\\u5b8c\\u7f8e\\u7a7f\\u8d8a\\u591a\\u6837\\u4eba\\u751f\\u3002\\r\\n\\u5979\\u7231\\u73a9\\u673a\\u8f66\\uff0c\\u70ed\\u7231\\u65c5\\u884c\\uff0c\\u559c\\u6b22\\u5ba0\\u7269\\uff0c\\u8fd8\\u8bbe\\u8ba1\\u5e76\\u63a8\\u51fa\\u4e86\\u81ea\\u5df1\\u7684\\u65f6\\u88c5\\u54c1\\u724c\\uff1b\\r\\n\\u5979\\u662f\\u4e00\\u4e2a\\u4f1a\\u4e3a\\u53cb\\u597d\\u800c\\u771f\\u631a\\u7684\\u773c\\u795e\\u3001\\u4e3a\\u9012\\u6765\\u74f6\\u88c5\\u6c34\\u65f6\\u81ea\\u7136\\u5730\\u4e3a\\u522b\\u4eba\\u62e7\\u5f00\\u74f6\\u76d6\\u7684\\u52a8\\u4f5c\\u800c\\u611f\\u5230\\u6e29\\u6696\\u7684\\u5185\\u5fc3\\u7ec6\\u817b\\u7684\\u59d1\\u5a18\\uff1b\\r\\n\"},{\"type\":\"text\",\"text\":\"\\u5979\\u662f\\u6f14\\u5458\\u5f20\\u4fea\\u3002\"},{\"type\":\"text\",\"text\":\"\\u6e29\\u548c\\u7231\\u7b11\\u3001\\u5584\\u89e3\\u4eba\\u610f\\u7684\\u5979\\u6700\\u7a81\\u51fa\\u7684\\u7279\\u70b9\\u5c31\\u662f\\u2014\\u2014\\u5bf9\\u81ea\\u5df1\\u8981\\u6c42\\u4e25\\u683c\\uff0c\\u8db3\\u591f\\u201c\\u72e0\\u201d\\uff0c\\u8fd9\\u79cd\\u201c\\u72e0\\u201d\\u51fa\\u6765\\u7684\\u7f8e\\u4e3d\\uff0c\\u771f\\u7684\\u5f88\\u7f8e\\u3002\"},{\"type\":\"img\",\"src\":\"http:\\/\\/xinweifashion.test.yzjtech.com\\/uploads\\/20190414\\/63a07aa8b772bfdb86f01643efe96649.jpg\",\"width\":640,\"height\":860,\"name\":1},{\"type\":\"text\",\"text\":\"\\u7f51\\u7edc\\u4e0a\\uff0c\\u5f20\\u4fea\\u7684\\u5065\\u8eab\\u7167\\u5e7f\\u4e3a\\u4f20\\u64ad\\uff0c\\u6536\\u83b7\\u5927\\u7247\\u60ca\\u8273\\u8d5e\\u53f9\\uff1b\"},{\"type\":\"text\",\"text\":\"\\u53c2\\u52a0\\u7535\\u89c6\\u8282\\u76ee\\u5f55\\u5236\\uff0c\\u7a7a\\u4e2d\\u745c\\u4f3d\\u8f7b\\u677e\\u9a7e\\u9a6d\\uff0c\\u5927\\u957f\\u817f\\u6ee1\\u5c4f\\u98de\\uff0c\\u52a8\\u4f5c\\u4e4b\\u5230\\u4f4d\\u4f18\\u7f8e\\u582a\\u6bd4\\u4e13\\u4e1a\\u4eba\\u58eb\\uff1b\"},{\"type\":\"text\",\"text\":\"\\u708e\\u4e9a\\u7eb6\\u81ea\\u5df1\\u5e76\\u4e0d\\u4ecb\\u610f\\u5916\\u754c\\u628a\\u4ed6\\u5b9a\\u4e49\\u4e3a\\u201c\\u5076\\u50cf\\u201d\\uff0c\\u5c3d\\u7ba1\\u8fd9\\u4e2a\\u65f6\\u4ee3\\uff0c\\u5076\\u50cf\\u5e76\\u4e0d\\u662f\\u4e2a\\u5b8c\\u5168\\u8912\\u4e49\\u7684\\u8bcd\\u6c47\\u3002\\u4f46\\u662f\\u5076\\u50cf\\u5728\\u8fd9\\u4e2a\\u65f6\\u4ee3\\u4f9d\\u65e7\\u53ef\\u4ee5\\u4fdd\\u6301\\u7740\\u5b83\\u539f\\u672c\\u7684\\u79ef\\u6781\\u542b\\u4e49\\uff0c\\u7cbe\\u795e\\u4e0a\\u7684\\u5f15\\u5bfc\\u3001\\u7075\\u9b42\\u4e0a\\u7684\\u4f9d\\u8d56\\u3001\\u884c\\u4e3a\\u4e0a\\u7684\\u6307\\u5f15\\u2026\\u2026\\u8fd9\\u4e00\\u5207\\uff0c\\u662f\\u708e\\u4e9a\\u7eb6\\u4f5c\\u4e3a\\u7c89\\u4e1d\\u7684\\u5076\\u50cf\\u4e00\\u76f4\\u4ee5\\u6765\\u5bf9\\u81ea\\u5df1\\u7684\\u4e25\\u683c\\u8981\\u6c42\\u3002\"},{\"type\":\"text\",\"text\":\"\\u4e00\\u8eab\\u65d7\\u888d\\u51fa\\u6f14\\u4e0a\\u6d77\\u6ee9\\u5927\\u963f\\u59d0\\uff0c\\u8eab\\u6bb5\\u5b8c\\u7f8e\\uff0c\\u53c8\\u7f8e\\u53c8\\u9738\\u6c14\\uff1b\"},{\"type\":\"text\",\"text\":\"\\u8fd9\\u6837\\u7684\\u597d\\u8eab\\u6750\\u3001\\u597d\\u72b6\\u6001\\uff0c\\u662f\\u600e\\u4e48\\u6765\\u7684\\uff1f\\u575a\\u6301\\u5065\\u8eab\\uff0c\\u5bf9\\u81ea\\u5df1\\u201c\\u72e0\\u201d\\u3002\"},{\"type\":\"img\",\"src\":\"http:\\/\\/xinweifashion.test.yzjtech.com\\/uploads\\/20190414\\/61340628e2e46e9ea42ba9be8b6759db.jpg\",\"width\":640,\"height\":817,\"name\":2},{\"type\":\"text\",\"text\":\"\\u6615\\u5c0f\\u8587\\uff1a\\u4e00\\u5468\\u4e94\\u6b21\\u5065\\u8eab\\u623f\\uff0c\\u62cd\\u620f\\u81ea\\u5e26\\u5065\\u8eab\\u8bbe\\u5907\\uff0c\\u65c5\\u884c\\u9014\\u4e2d\\u575a\\u6301\\u5065\\u8eab\\u3002\\u4e00\\u5b57\\u9a6c\\u3001\\u5e73\\u677f\\u652f\\u6491\\u3001\\u5012\\u7acb\\u3001A4\\u8170\\u3001\\u7f8e\\u80cc\\u6740\\u2026\\u2026\\u8bb8\\u591a\\u4eba\\u90fd\\u77e5\\u9053\\u5065\\u8eab\\u53ef\\u4ee5\\u4fdd\\u6301\\u8eab\\u6750\\uff0c\\u4f46\\u5c31\\u662f\\u4e0d\\u80fd\\u5bf9\\u81ea\\u5df1\\u201c\\u72e0\\u201d\\u4e00\\u70b9\\uff0c\\u7f8e\\u4e3d\\u8d85\\u7fa4\\u7684\\u80cc\\u540e\\uff0c\\u662f\\u591a\\u5e74\\u7684\\u8f9b\\u82e6\\u575a\\u6301\\uff0c\\u662f\\u5bf9\\u81ea\\u5df1\\u7684\\u201c\\u72e0\\u201d\\uff0c\\u4f60\\u662f\\u5982\\u4f55\\u505a\\u5230\\u7684\\uff1f\"},{\"type\":\"text\",\"text\":\"\\u5f20\\u4fea\\uff1a\\u4ee5\\u524d\\u4e5f\\u4e00\\u76f4\\u5728\\u5065\\u8eab\\uff0c\\u4f46\\u90a3\\u65f6\\u5019\\u5065\\u8eab\\u5e76\\u4e0d\\u7b97\\u751f\\u6d3b\\u4e2d\\u5f88\\u91cd\\u8981\\u7684\\u4e00\\u90e8\\u5206\\u3002\\u62cd\\u300a\\u8774\\u8776\\u516c\\u5893\\u300b\\u7684\\u65f6\\u5019\\uff0c\\u5bfc\\u6f14\\u5e0c\\u671b\\u6211\\u4eec\\u6709\\u201c\\u5929\\u9e45\\u4e00\\u6837\\u7684\\u8eab\\u5f62\\u548c\\u4f53\\u6001\\u201d\\uff0c\\u5e0c\\u671b\\u6f14\\u5458\\u7684\\u8170\\u3001\\u80cc\\u3001\\u9501\\u9aa8\\u7684\\u7ebf\\u6761\\u90fd\\u201c\\u6765\\u771f\\u7684\\u201d\\uff0c\\u800c\\u4e0d\\u662f\\u753b\\u4e0a\\u9a6c\\u7532\\u7ebf\\u3001\\u901a\\u8fc7\\u540e\\u671f\\u62c9\\u62c9\\u8170\\u4ec0\\u4e48\\u7684\\u3002\\u6211\\u8bf4\\uff1a\\u597d\\uff0c\\u5bfc\\u6f14\\uff0c\\u6211\\u7ec3\\u5427\\uff01\"},{\"type\":\"text\",\"text\":\"\\u8fde\\u7eed40\\u5929\\uff0c\\u6bcf\\u5929\\u53ea\\u6709\\u5065\\u8eab\\u62cd\\u620f\\u3001\\u62cd\\u620f\\u5065\\u8eab\\uff0c\\u7279\\u522b\\u75db\\u82e6\\uff0c\\u572820\\u5929\\u7684\\u65f6\\u5019\\uff0c\\u7167\\u955c\\u5b50\\u65f6\\u770b\\u5230\\u81ea\\u5df1\\u7684\\u53d8\\u5316\\uff0c\\u771f\\u7684\\u53d1\\u73b0\\u4e86\\u660e\\u663e\\u7684\\u4e0d\\u540c\\uff0c\\u4f53\\u91cd\\u5e76\\u6ca1\\u6709\\u51cf\\u8f7b\\uff0c\\u4f46\\u6574\\u4e2a\\u4eba\\u662f\\u633a\\u62d4\\u5411\\u4e0a\\u7684\\uff0c\\u8138\\u8272\\u662f\\u81ea\\u7136\\u7ea2\\u6da6\\u7684\\uff0c\\u90a3\\u79cd\\u5065\\u5eb7\\u611f\\u662f\\u5316\\u5986\\u4fee\\u9970\\u65e0\\u6cd5\\u7ed9\\u4e88\\u7684\\u3002\\u8fd9\\u624d\\u53d1\\u73b0\\u5065\\u8eab\\u539f\\u6765\\u662f\\u8fd9\\u4e48\\u795e\\u5947\\u7684\\u4e00\\u4ef6\\u4e8b\\uff01\\u4e8e\\u662f\\u5c31\\u4e0a\\u763e\\u4e86\\u3002\\u6bcf\\u5f53\\u611f\\u5230\\u7279\\u522b\\u201c\\u75db\\u82e6\\u201d\\u96be\\u4ee5\\u575a\\u6301\\u7684\\u65f6\\u5019\\uff0c\\u6211\\u5c31\\u95ee\\u81ea\\u5df1\\uff1a\\u8fd8\\u60f3\\u56de\\u5230\\u8fc7\\u53bb\\u5417\\uff1f\\u56de\\u5230\\u4e00\\u79cdDOWN\\u7684\\u72b6\\u6001\\uff1f\\u4e0d\\u60f3\\uff1f\\u90a3\\u5c31\\u575a\\u6301\\u5427\\uff01\\u4f60\\u60f3\\u8981\\u4e00\\u4e2a\\u597d\\u7684\\u7ed3\\u679c\\uff0c\\u90a3\\u4e2d\\u95f4\\u7684\\u8fc7\\u7a0b\\u81ea\\u7136\\u662f\\u4f60\\u5fc5\\u987b\\u5f97\\u7ecf\\u5386\\u7684\\u3002\"},{\"type\":\"img\",\"src\":\"http:\\/\\/xinweifashion.test.yzjtech.com\\/uploads\\/20190414\\/61bc42c7af2d4e6905e2752f2c3511dd.jpg\",\"width\":640,\"height\":960,\"name\":3},{\"type\":\"text\",\"text\":\"\\u6615\\u5c0f\\u8587\\uff1a\\u65b0\\u7247\\u300a\\u6211\\u7684\\u5065\\u8eab\\u6559\\u7ec3\\u300b\\u4e2d\\uff0c\\u4f60\\u5b8c\\u6574\\u7ecf\\u5386\\u4e86\\u4e00\\u4e2a\\u5973\\u5b69\\u4ece200\\u65a4\\u5230\\u201c\\u4e0d\\u8fc7\\u767e\\u201d\\u7684\\u51cf\\u80a5\\u8fc7\\u7a0b\\uff0c\\u611f\\u53d7\\u5982\\u4f55\\uff1f\\u5982\\u4f55\\u5728\\u73b0\\u5b9e\\u751f\\u6d3b\\u4e2d\\u8ba9\\u7626\\u8eab\\u68a6\\u60f3\\u53d8\\u6210\\u73b0\\u5b9e\\uff0c\\u7ed9\\u300a\\u6615\\u8587\\u300b\\u7684\\u8bfb\\u8005\\u4eec\\u4e00\\u4e9b\\u5efa\\u8bae\\u5427\\uff01\"},{\"type\":\"text\",\"text\":\"\\u5f20\\u4fea\\uff1a\\u8fd9\\u662f\\u4e00\\u90e8\\u8ba9\\u4eba\\u62cd\\u5230\\u201c\\u60f3\\u6b7b\\u201d\\u7684\\u620f\\u3002\\u51e0\\u516c\\u65a4\\u91cd\\u7684\\u5927\\u7247\\u7845\\u80f6\\u8d34\\u5728\\u8138\\u4e0a\\uff0c\\u5b8c\\u5168\\u4e0d\\u900f\\u6c14\\uff0c\\u65e0\\u6cd5\\u6392\\u6c57\\uff0c\\u5de5\\u4f5c\\u65f6\\u4e0d\\u80fd\\u6458\\u4e0b\\u6765\\uff0c\\u6bcf\\u5929\\u8fde\\u7eed\\u62cd\\u6444\\u4e03\\u516b\\u4e2a\\u5c0f\\u65f6\\uff0c\\u62cd\\u5230\\u540e\\u6765\\uff0c\\u665a\\u4e0a\\u5378\\u5986\\u7684\\u65f6\\u5019\\uff0c\\u53d1\\u73b0\\u8138\\u548c\\u8116\\u5b50\\u5f00\\u59cb\\u6e83\\u70c2\\u2026\\u2026\\u62cd\\u523050\\u5929\\u7684\\u65f6\\u5019\\uff0c\\u6211\\u5fcd\\u4e0d\\u4f4f\\u95ee\\u5316\\u5986\\u8001\\u5e08\\uff1a\\u6709\\u6ca1\\u6709\\u4eba\\u8d34\\u7845\\u80f6\\u62cd\\u5d29\\u6e83\\u7684\\uff1f\\u8001\\u5e08\\u8bf4\\uff1a\\u8bb8\\u591a\\u201c\\u5996\\u602a\\u201d\\u62cd\\u5230\\u4e00\\u534a\\u5c31\\u53d7\\u4e0d\\u4e86\\u4e86\\uff0c\\u56e0\\u4e3a\\u5b9e\\u5728\\u592a\\u70ed\\u4e86\\uff01\\u8001\\u5e08\\u7ed9\\u4e86\\u6211\\u4e00\\u4e2a\\u5c16\\u5c3e\\u68b3\\uff0c\\u6211\\u7528\\u5b83\\u6bcf\\u5929\\u201c\\u6233\\u6233\\u6233\\u201d\\u6233\\u81ea\\u5df1\\u7684\\u8138\\u2026\\u2026\\u90a3\\u4e2a\\u9636\\u6bb5\\u771f\\u7684\\u5f88\\u6050\\u6016\\uff0c\\u4f46\\u65e2\\u7136\\u9009\\u62e9\\u4e86\\u8fd9\\u4e2a\\u89d2\\u8272\\uff0c\\u5c31\\u8981\\u628a\\u5979\\u5b8c\\u6210\\u3002\"},{\"type\":\"text\",\"text\":\"\\u8fd0\\u52a8\\u4e0d\\u96be\\uff0c\\u575a\\u6301\\u96be\\u3002\\u901a\\u8fc7Before\\u3001After\\u7684\\u5bf9\\u6bd4\\uff0c\\u53bb\\u770b\\u81ea\\u5df1\\u7684\\u6539\\u53d8\\uff0c\\u63d0\\u9192\\u81ea\\u5df1\\u575a\\u6301\\uff0c\\u4e0d\\u8981\\u9000\\u56de\\u5230\\u8fc7\\u53bb\\u7684\\u72b6\\u6001\\u3002\\u201c\\u4e00\\u4e2a\\u4eba\\u8981\\u7ba1\\u7406\\u597d\\u81ea\\u5df1\\u7684\\u8eab\\u4f53\\uff0c\\u5979\\u624d\\u80fd\\u591f\\u62ff\\u5230\\u4e16\\u754c\\u4e2d\\u5fc3\\u7684\\u5165\\u573a\\u5238\\u201d\\uff0c\\u8fd9\\u662f\\u620f\\u91cc\\u7684\\u4e00\\u53e5\\u53f0\\u8bcd\\uff0c\\u548c\\u5927\\u5bb6\\u5171\\u52c9\\u3002\"},{\"type\":\"text\",\"text\":\"\\u6615\\u5c0f\\u8587\\uff1a\\u9664\\u4e86\\u5065\\u8eab\\uff0c\\u4f60\\u5728\\u62cd\\u620f\\u4e0a\\u4e5f\\u975e\\u5e38\\u62fc\\u3001\\u5bf9\\u81ea\\u5df1\\u201c\\u72e0\\u201d\\uff0c\\u6bcf\\u4e00\\u4e2a\\u89d2\\u8272\\u90fd\\u5168\\u60c5\\u6295\\u5165\\u3001\\u8ba4\\u771f\\u63e3\\u6469\\uff0c\\u8fd9\\u6837\\u7684\\u4ed8\\u51fa\\u5e26\\u7ed9\\u4e86\\u4f60\\u600e\\u6837\\u7684\\u6536\\u83b7\\u5462\\uff1f\"},{\"type\":\"text\",\"text\":\"\\u6615\\u8587\\uff1a\\u6536\\u83b7\\u662f\\uff0c\\u6211\\u771f\\u7684\\u81ea\\u4fe1\\u4e86\\u3002\\u66fe\\u7ecf\\u4f53\\u9a8c\\u8fc7\\u4e0d\\u81ea\\u4fe1\\u7684\\u72b6\\u6001\\uff0c\\u5728\\u7247\\u573a\\u7ad9\\u4e5f\\u4e0d\\u662f\\u3001\\u5750\\u4e5f\\u4e0d\\u662f\\u3002\\u6211\\u5bf9\\u81ea\\u5df1\\u8bf4\\uff1a\\u5982\\u679c\\u6211\\u8fd8\\u7ee7\\u7eed\\u505a\\u6f14\\u5458\\uff0c\\u7edd\\u5bf9\\u4e0d\\u5141\\u8bb8\\u81ea\\u5df1\\u518d\\u6709\\u8fd9\\u6837\\u7684\\u72b6\\u6001\\u3002\\u5982\\u679c\\u6211\\u51b3\\u5b9a\\u63a5\\u8fd9\\u4e2a\\u89d2\\u8272\\uff0c\\u6211\\u5c31\\u4e00\\u5b9a\\u8981\\u628a\\u5979\\u6f14\\u597d\\uff0c\\u8ba9\\u89c2\\u4f17\\u5b8c\\u5168\\u5fd8\\u8bb0\\u6f14\\u5458\\u672c\\u4eba\\uff0c\\u5979\\u5c31\\u662f\\u5979\\u6240\\u6f14\\u7684\\u8fd9\\u4e2a\\u89d2\\u8272\\u3002\\u4e3a\\u4e86\\u62cd\\u300a\\u6211\\u7684\\u5065\\u8eab\\u6559\\u7ec3\\u300b\\uff0c\\u6211\\u770b\\u4e86\\u8bb8\\u591a\\u5173\\u4e8e\\u53ef\\u7231\\u7684\\u80d6\\u59d1\\u5a18\\u7684\\u620f\\uff0c\\u7ed3\\u675f\\u62cd\\u6444\\u56de\\u5230\\u623f\\u95f4\\uff0c\\u8fd8\\u4f1a\\u7a7f\\u4e0a\\u201c\\u80d6\\u80d6\\u88c5\\u201d\\uff0c\\u5728\\u955c\\u5b50\\u524d\\u7ec3\\u4e60\\u80d6\\u59d1\\u5a18\\u7684\\u59ff\\u6001\\u548c\\u52a8\\u4f5c\\u3002\\u4f60\\u523b\\u82e6\\u4e86\\uff0c\\u4f60\\u81ea\\u4fe1\\u4e86\\uff0c\\u5c31\\u4e0d\\u4f1a\\u6709\\u90a3\\u4e9b\\u5f77\\u5fa8\\u7684\\u77ac\\u95f4\\u4e86\\uff0c\\u5185\\u5fc3\\u5c31\\u4f1a\\u53d8\\u5f97\\u7279\\u522b\\u5f3a\\u5927\\u3002\"},{\"type\":\"img\",\"src\":\"http:\\/\\/xinweifashion.test.yzjtech.com\\/uploads\\/20190414\\/f278570f66a7ed0d4a4f6d1e13ea3e92.jpg\",\"width\":640,\"height\":960,\"name\":4},{\"type\":\"text\",\"text\":\"\\u5f20\\u4fea\\u8bf4\\uff1a\\u6211\\u6b23\\u8d4f\\u7684\\u7f8e\\uff0c\\u662f\\u4e00\\u79cd\\u6c14\\u8d28\\u3002\\u6bd4\\u8d77\\u95ea\\u8000\\u7684\\u4e2a\\u6027\\uff0c\\u6e29\\u548c\\u7684\\u6027\\u683c\\u7684\\u611f\\u67d3\\u529b\\u624d\\u66f4\\u4e3a\\u957f\\u4e45\\u3002\"},{\"type\":\"text\",\"text\":\"\\u5979\\u505a\\u6f14\\u5458\\uff0c\\u4e5f\\u505a\\u8bbe\\u8ba1\\u5e08\\uff0c\\u8fd9\\u4e24\\u4e2a\\u5de5\\u4f5c\\u6709\\u4e2a\\u5171\\u540c\\u70b9\\uff1a\\u7ed9\\u4eba\\u4eec\\u5e26\\u6765\\u7f8e\\u7684\\u611f\\u53d7\\u3002\"},{\"type\":\"text\",\"text\":\"\\u5bf9\\u4e8e\\u90a3\\u4e9b\\u72c2\\u70ed\\u8ffd\\u6c42\\u7f8e\\u7684\\u5973\\u5b69\\uff0c\\u5979\\u4e5f\\u5584\\u610f\\u5730\\u63d0\\u9192\\uff1a\\u5f53\\u4f60\\u6253\\u5f00\\u6b32\\u671b\\u7684\\u95f8\\u95e8\\u53bb\\u4e00\\u518d\\u5192\\u9669\\uff0c\\u5f88\\u53ef\\u80fd\\u4f1a\\u4e00\\u5e74\\u4e0d\\u5982\\u4e00\\u5e74\\u2026\\u2026\"},{\"type\":\"img\",\"src\":\"http:\\/\\/xinweifashion.test.yzjtech.com\\/uploads\\/20190414\\/d19f02c0a103917155a3e1fa3a2100bf.jpg\",\"width\":640,\"height\":470,\"name\":5},{\"type\":\"text\",\"text\":\"\\u6615\\u5c0f\\u8587\\uff1a\\u4f60\\u88ab\\u7c89\\u4e1d\\u4eec\\u516c\\u8ba4\\u4e3a\\u201c\\u9ad8\\u989c\\u503c\\u3001\\u9ad8\\u7ea7\\u8138\\u3001\\u5973\\u4e3b\\u5916\\u8868\\u201d\\u3002\\u90a3\\u4e48\\uff0c\\u5728\\u4f60\\u7684\\u5fc3\\u76ee\\u4e2d\\uff0c\\u4f60\\u89c9\\u5f97\\u600e\\u6837\\u7684\\u5973\\u4eba\\u662f\\u79f0\\u5f97\\u4e0a\\u7f8e\\u4e3d\\u7684\\uff1f\"},{\"type\":\"text\",\"text\":\"\\u5f20\\u4fea\\uff1a\\u6709\\u4e00\\u6b21\\u53c2\\u52a0\\u4e00\\u4e2a\\u6d3b\\u52a8\\uff0c\\u4e00\\u4e2a\\u5916\\u56fd\\u5973\\u5b69\\u9759\\u9759\\u5730\\u7ad9\\u5728\\u89d2\\u843d\\u91cc\\uff0c\\u5728\\u4f17\\u591a\\u660e\\u661f\\u5f53\\u4e2d\\uff0c\\u5979\\u5468\\u8eab\\u6563\\u53d1\\u51fa\\u6765\\u7684\\u6c14\\u8d28\\uff0c\\u8ba9\\u4eba\\u7279\\u522b\\u8212\\u670d\\uff0c\\u90a3\\u662f\\u4e00\\u79cd\\u72ec\\u7279\\u7684\\u9b45\\u529b\\u3002\"},{\"type\":\"text\",\"text\":\"\\u6709\\u4e9b\\u6bd4\\u8f83\\u6709\\u6027\\u683c\\u7684\\u4eba\\uff0c\\u53ef\\u80fd\\u4f1a\\u5feb\\u901f\\u201c\\u8df3\\u51fa\\u6765\\u201d\\uff0c\\u8ba9\\u4eba\\u773c\\u524d\\u4e00\\u4eae\\uff0c\\u89c9\\u5f97\\uff0c\\u54c7\\uff0c\\u8fd9\\u4e2a\\u4eba\\u592a\\u6709\\u8da3\\u4e86\\uff01\\r\\n\\u4f46\\u65f6\\u95f4\\u957f\\u4e86\\uff0c\\u4f60\\u4f1a\\u6162\\u6162\\u611f\\u53d7\\u5230\\uff0c\\u6e29\\u548c\\u7684\\u6027\\u683c\\u5e26\\u6765\\u7684\\u611f\\u67d3\\u529b\\u624d\\u66f4\\u4e3a\\u957f\\u4e45\\u3002\\u6c14\\u8d28\\u7684\\u9b45\\u529b\\u591a\\u8fc7\\u5bb9\\u8c8c\\uff0c\\u8fd9\\u6837\\u7684\\u5973\\u6027\\u662f\\u6211\\u6b23\\u8d4f\\u7684\\uff0c\\u4e5f\\u662f\\u6211\\u60f3\\u6d3b\\u6210\\u7684\\u6837\\u5b50\\u3002\\u4e00\\u4e2a\\u5973\\u4eba\\u7684\\u7f8e\\uff0c\\u4e0d\\u4f1a\\u56e0\\u4e3a\\u5979\\u773c\\u89d2\\u6709\\u591a\\u5c11\\u76b1\\u7eb9\\uff0c\\u5934\\u4e0a\\u6709\\u51e0\\u6839\\u767d\\u53d1\\u800c\\u6539\\u53d8\\uff0c\\u771f\\u6b63\\u5438\\u5f15\\u4eba\\u7684\\uff0c\\u8fd8\\u662f\\u90a3\\u4e9b\\u8010\\u4eba\\u5bfb\\u5473\\u7684\\u4e8b\\u60c5\\u3002\\r\\n\"},{\"type\":\"text\",\"text\":\"\\u6615\\u5c0f\\u8587\\uff1a\\u4f60\\u7684\\u8863\\u7740\\u7a7f\\u642d\\u88ab\\u8bc4\\u4ef7\\u4e3a\\u201c\\u6559\\u79d1\\u4e66\\u7ea7\\u7a7f\\u642d\\u201d\\u3002\\u65e5\\u5e38\\u751f\\u6d3b\\u4e2d\\u7684\\u4f60\\uff0c\\u6700\\u559c\\u6b22\\u7684\\u5355\\u54c1\\u662f\\uff1f\"},{\"type\":\"text\",\"text\":\"\\u5f20\\u4fea\\uff1a\\u6211\\u4e2a\\u4eba\\u6700\\u949f\\u7231\\u7684\\u4e24\\u4ef6\\u5355\\u54c1\\u5c31\\u662f\\u725b\\u4ed4\\u88e4\\u548c\\u58a8\\u955c\\uff0c\\u6bcf\\u6b21\\u901b\\u5e97\\u6700\\u5173\\u6ce8\\u7684\\u603b\\u662f\\u8fd9\\u4e24\\u6837\\u4e1c\\u897f\\uff0c\\u54c1\\u724c\\u65b9\\u9762\\u5e76\\u6ca1\\u6709\\u7279\\u522b\\u56fa\\u5b9a\\u7684\\u8981\\u6c42\\uff0c\\u6700\\u8fd1\\u5f88\\u559c\\u6b22ZARA\\uff0c\\u4e70\\u4e86\\u4e24\\u6761\\u6765\\u7a7f\\uff0c\\u7edd\\u5bf9\\u5927\\u957f\\u817f\\u6548\\u679c\\uff0c\\u8bbe\\u8ba1\\u5f88\\u4e0d\\u9519\\u3002\"},{\"type\":\"img\",\"src\":\"http:\\/\\/xinweifashion.test.yzjtech.com\\/uploads\\/20190414\\/6202b76c2f2133f462229099c96aa79e.jpg\",\"width\":640,\"height\":795,\"name\":6},{\"type\":\"text\",\"text\":\"\\u6615\\u5c0f\\u8587\\uff1a\\u4f60\\u53bb\\u5df4\\u9ece\\u5b66\\u4e60\\u4e86\\u65f6\\u88c5\\u8bbe\\u8ba1\\uff0c\\u8fd8\\u5f00\\u4e86\\u81ea\\u5df1\\u7684\\u8bbe\\u8ba1\\u5de5\\u4f5c\\u5ba4\\uff0c\\u521b\\u529e\\u4e86\\u81ea\\u5df1\\u7684\\u539f\\u521b\\u54c1\\u724c\\u3002\\u53ef\\u4ee5\\u4ecb\\u7ecd\\u4e00\\u4e0b\\u4f60\\u9009\\u62e9\\u8de8\\u754c\\u7684\\u521d\\u8877\\u4e48\\uff1f\\u4f60\\u7684\\u8bbe\\u8ba1\\u662f\\u7ed9\\u600e\\u6837\\u7684\\u4e00\\u7fa4\\u5973\\u6027\\u7a7f\\u7684\\uff1f\"},{\"type\":\"text\",\"text\":\"\\u5f20\\u4fea\\uff1a\\u6f14\\u620f\\u548c\\u8bbe\\u8ba1\\u65f6\\u88c5\\u5bf9\\u6211\\u6765\\u8bf4\\uff0c\\u662f\\u4e24\\u9879\\u6b63\\u5728\\u5e76\\u884c\\u53d1\\u5c55\\u7684\\u4e8b\\u4e1a\\u3002\\u6f14\\u620f\\u53ef\\u4ee5\\u7ed9\\u4eba\\u5e26\\u6765\\u7f8e\\u611f\\uff0c\\u65f6\\u88c5\\u8bbe\\u8ba1\\u4e5f\\u662f\\u4e00\\u79cd\\u521b\\u9020\\u7f8e\\u7684\\u89c6\\u89c9\\u827a\\u672f\\uff0c\\u5b83\\u4eec\\u90fd\\u5173\\u4e4e\\u7f8e\\u7684\\u4f53\\u9a8c\\u3002\\u4e00\\u4e2a\\u5973\\u4eba\\u7684\\u4e00\\u8f88\\u5b50\\u4e2d\\uff0c\\u5979\\u9009\\u8863\\u670d\\u3001\\u7a7f\\u9ad8\\u8ddf\\u978b\\u3001\\u7cbe\\u5fc3\\u8bbe\\u8ba1\\u53d1\\u578b\\u2026\\u2026\\u8fd9\\u4e9b\\u90fd\\u662f\\u5e0c\\u671b\\u81ea\\u5df1\\u8d8a\\u6765\\u8d8a\\u7f8e\\u3001\\u8d8a\\u6765\\u8d8a\\u597d\\uff0c\\u5c31\\u662f\\u8fd9\\u79cd\\u5e0c\\u6c42\\u201c\\u8d8a\\u6765\\u8d8a\\u597d\\u201d\\u7684\\u5411\\u4e0a\\u7684\\u5fc3\\uff0c\\u9a71\\u52a8\\u6211\\u4eec\\u4e0d\\u505c\\u5730\\u53bb\\u5b66\\u4e60\\u3001\\u53bb\\u5c1d\\u8bd5\\u3001\\u53bb\\u6539\\u53d8\\u3002\"},{\"type\":\"text\",\"text\":\"\\u6211\\u7684\\u4e2a\\u4eba\\u54c1\\u724c\\u670d\\u88c5\\u662f\\u8bbe\\u8ba1\\u7ed9\\u201c\\u6240\\u6709\\u9700\\u8981\\u4fee\\u9970\\u81ea\\u5df1\\u7684\\u5973\\u4eba\\u201d\\u7684\\u3002\\u6211\\u6ca1\\u6709\\u529e\\u6cd5\\u52a8\\u5458\\u6240\\u6709\\u4eba\\u53bb\\u5065\\u8eab\\u3001\\u53bb\\u6539\\u53d8\\u81ea\\u5df1\\u7684\\u8eab\\u6750\\u548c\\u72b6\\u6001\\uff0c\\u4f46\\u662f\\u6211\\u4f1a\\u5206\\u4eab\\u81ea\\u5df1\\u7684\\u6539\\u53d8\\uff0c\\u63d0\\u9192\\u5927\\u5bb6\\uff0c\\u4f60\\u5176\\u5b9e\\u53ef\\u4ee5\\u66f4\\u5e74\\u8f7b\\u3001\\u7cbe\\u795e\\u72b6\\u6001\\u66f4\\u597d\\u3002\\u9009\\u62e9\\u5408\\u9002\\u7684\\u670d\\u88c5\\u548c\\u642d\\u914d\\u65b9\\u6cd5\\u662f\\u201c\\u53e6\\u4e00\\u6761\\u8def\\u201d\\uff1a\\u6ca1\\u6709\\u5b8c\\u7f8e\\u5927\\u957f\\u817f\\u4e0d\\u8981\\u7d27\\uff0c\\u9614\\u817f\\u88e4\\u4f1a\\u8ba9\\u817f\\u90e8\\u7ebf\\u6761\\u66f4\\u4fee\\u957f\\uff1b\\u80f3\\u818a\\u6709\\u8d58\\u8089\\uff0c\\u53ef\\u4ee5\\u9009\\u6ce1\\u6ce1\\u8896\\u7684\\u8863\\u670d\\uff0c\\u540c\\u65f6\\u5e26\\u6765\\u51cf\\u9f84\\u7684\\u5c11\\u5973\\u611f\\u3002\\u8bbe\\u8ba1\\u5e08\\u53ef\\u4ee5\\u8ba9\\u4e0d\\u540c\\u7684\\u4eba\\u627e\\u5230\\u9002\\u5408\\u81ea\\u5df1\\u7684\\u3001\\u53ef\\u4ee5\\u66f4\\u597d\\u5730\\u4fee\\u9970\\u81ea\\u5df1\\u7684\\u670d\\u9970\\u3002\\u6211\\u7684\\u54c1\\u724c\\u60f3\\u4f20\\u8fbe\\u7684\\u7406\\u5ff5\\u5c31\\u662f\\uff1a\\u4f60\\u5176\\u5b9e\\u6bd4\\u81ea\\u5df1\\u60f3\\u8c61\\u7684\\u66f4\\u7f8e\\u597d\\uff0c\\u53ea\\u662f\\u4f60\\u8fd8\\u6ca1\\u6709\\u53d1\\u73b0\\u3002\"},{\"type\":\"img\",\"src\":\"http:\\/\\/xinweifashion.test.yzjtech.com\\/uploads\\/20190414\\/65e868807e40c062285914f6e595734c.jpg\",\"width\":640,\"height\":960,\"name\":7},{\"type\":\"text\",\"text\":\"\\u60f3\\u53bb\\u571f\\u8033\\u5176\\u4e58\\u5750\\u70ed\\u6c14\\u7403\\uff0c\\u5e0c\\u671b\\u4e00\\u5e74\\u91cc\\u6709\\u4e09\\u4e2a\\u6708\\u65f6\\u95f4\\u7528\\u6765\\u548c\\u81ea\\u5df1\\u3001\\u548c\\u4e16\\u754c\\u76f8\\u5904\\uff1b\\r\\n\\u559c\\u6b22\\u9a91\\u673a\\u8f66\\u4eb2\\u8fd1\\u81ea\\u7136\\uff0c\\u559c\\u6b22\\u548c\\u5ba0\\u7269\\u72d7\\u5171\\u4eab\\u6e29\\u99a8\\u5c0f\\u65f6\\u5149\\uff0c\\u5e0c\\u671b\\u5728\\u5de5\\u4f5c\\u4e4b\\u5916\\uff0c\\u628a\\u66f4\\u591a\\u7684\\u65f6\\u95f4\\u7559\\u7ed9\\u81ea\\u5df1\\u3001\\u4eb2\\u4eba\\u548c\\u670b\\u53cb\\uff1b\\r\\n\"},{\"type\":\"text\",\"text\":\"\\u5149\\u68cd\\u8282\\u5c06\\u81f3\\uff0c\\u8bf4\\u8d77\\u201c\\u660e\\u661f\\u5206\\u624b\\u70ed\\u201d\\u8fd9\\u4e2a\\u201c\\u654f\\u611f\\u8bdd\\u9898\\u201d\\uff0c\\u5f20\\u4fea\\u8bf4\\uff1a\\u5927\\u5bb6\\u90fd\\u8d8a\\u6765\\u8d8a\\u6e05\\u695a\\u81ea\\u5df1\\u8981\\u4ec0\\u4e48\\uff0c\\u5176\\u5b9e\\u6ca1\\u6709\\u5c06\\u5c31\\u7684\\u5fc5\\u8981\\uff0c\\u5408\\u5f97\\u6765\\u5c31\\u76f8\\u5904\\uff0c\\u5408\\u4e0d\\u6765\\u5206\\u5f00\\u4e5f\\u597d\\u3002\"},{\"type\":\"img\",\"src\":\"http:\\/\\/xinweifashion.test.yzjtech.com\\/uploads\\/20190414\\/bc4a3e3f8cbe2fee414d460973d6710e.jpg\",\"width\":640,\"height\":837,\"name\":8},{\"type\":\"text\",\"text\":\"\\u6615\\u5c0f\\u8587\\uff1a\\u559c\\u6b22\\u73a9\\u673a\\u8f66\\u7684\\u5973\\u5b69\\u4e0d\\u591a\\uff0c\\u4e3a\\u4ec0\\u4e48\\u8fd9\\u4e48\\u559c\\u6b22\\u673a\\u8f66\\uff1f\"},{\"type\":\"text\",\"text\":\"\\u5f20\\u4fea\\uff1a\\u7231\\u597d\\u4e0d\\u5206\\u7537\\u5973\\uff0c\\u559c\\u6b22\\u7684\\u4e8b\\u60c5\\u5c31\\u53bb\\u505a\\u3002\\u73a9\\u673a\\u8f66\\u6211\\u5e76\\u4e0d\\u8ffd\\u6c42\\u901f\\u5ea6\\uff0c\\u6211\\u53ea\\u662f\\u89c9\\u5f97\\u4eba\\u548c\\u81ea\\u7136\\u96f6\\u8ddd\\u79bb\\u63a5\\u89e6\\u7684\\u611f\\u53d7\\uff0c\\u662f\\u975e\\u5e38\\u96be\\u5f97\\u3001\\u975e\\u5e38\\u6709\\u8da3\\u7684\\u4f53\\u9a8c\\u3002\\u5de5\\u4f5c\\u4e0d\\u5fd9\\u7684\\u65f6\\u5019\\uff0c\\u6211\\u4f1a\\u548c\\u670b\\u53cb\\u4e00\\u8d77\\u628a\\u673a\\u8f66\\u8fd0\\u5230\\u5c71\\u811a\\u4e0b\\uff0c\\u7136\\u540e\\u9a91\\u673a\\u8f66\\u4e0a\\u5c71\\uff0c\\u547c\\u5438\\u5c71\\u9876\\u7684\\u7a7a\\u6c14\\uff0c\\u611f\\u53d7\\u4e00\\u8def\\u7684\\u98ce\\u666f\\uff0c\\u6574\\u4e2a\\u4eba\\u90fd\\u653e\\u7a7a\\u4e86\\u3001\\u653e\\u677e\\u4e86\\u3002\\u5fd9\\u788c\\u4e4b\\u540e\\uff0c\\u8fd8\\u662f\\u8981\\u56de\\u5230\\u751f\\u6d3b\\u3002\"},{\"type\":\"text\",\"text\":\"\\u6615\\u5c0f\\u8587\\uff1a\\u559c\\u6b22\\u65c5\\u884c\\u7684\\u4f60\\u4eca\\u5e74\\u8fd8\\u6709\\u4ec0\\u4e48\\u8ba1\\u5212\\uff1f\"},{\"type\":\"text\",\"text\":\"\\u5f20\\u4fea\\uff1a\\u6211\\u60f3\\u53bb\\u571f\\u8033\\u5176\\u5750\\u70ed\\u6c14\\u7403\\u3002\\u65c5\\u884c\\u5bf9\\u6211\\u975e\\u5e38\\u91cd\\u8981\\uff0c\\u8ba9\\u6211\\u4f53\\u4f1a\\u5230\\uff0c\\u4eba\\u7684\\u89c1\\u8bc6\\u591a\\u4e86\\uff0c\\u5fc3\\u80f8\\u4e5f\\u4f1a\\u53d8\\u5f97\\u8c41\\u8fbe\\uff0c\\u8bb8\\u591a\\u8ba9\\u4f60\\u201c\\u71e5\\u8d77\\u6765\\u201d\\u3001\\u4e0d\\u5e73\\u9759\\u7684\\u4e1c\\u897f\\uff0c\\u4e5f\\u53ef\\u4ee5\\u6162\\u6162\\u53bb\\u63a5\\u53d7\\u3002\\u89c1\\u8fc7\\u4e0d\\u540c\\u7684\\u4e16\\u754c\\u3001\\u9047\\u5230\\u8bb8\\u591a\\u4eba\\u548c\\u4e8b\\u4e4b\\u540e\\uff0c\\u4f60\\u7684\\u6c14\\u8d28\\u4e5f\\u4f1a\\u81ea\\u7136\\u63d0\\u5347\\u3002\\u6211\\u60f3\\u8981\\u7684\\u751f\\u6d3b\\u662f\\uff0c\\u4e00\\u5e74\\u6709\\u4e5d\\u4e2a\\u6708\\u62cd\\u620f\\uff0c\\u6709\\u4e09\\u4e2a\\u6708\\u7559\\u7ed9\\u81ea\\u5df1\\uff0c\\u53bb\\u548c\\u4e16\\u754c\\u76f8\\u5904\\u3002\"},{\"type\":\"text\",\"text\":\"\\u6615\\u5c0f\\u8587\\uff1a\\u559c\\u6b22\\u7684\\u7537\\u751f\\u662f\\u600e\\u6837\\u7684\\u7c7b\\u578b\\uff1f\"},{\"type\":\"text\",\"text\":\"\\u5f20\\u4fea\\uff1a\\u5f88\\u96be\\u53bb\\u5212\\u5206\\u7c7b\\u578b\\u3002\\u6211\\u53ea\\u80fd\\u8bf4\\uff1a\\u7b2c\\u4e00\\u773c\\u611f\\u89c9\\u5bf9\\u4e86\\uff0c\\u624d\\u6709\\u53d1\\u5c55\\u4e0b\\u53bb\\u7684\\u53ef\\u80fd\\u3002\\u7ec6\\u8282\\u662f\\u975e\\u5e38\\u91cd\\u8981\\u7684\\uff0c\\u6bd4\\u5982\\uff0c\\u7b2c\\u4e00\\u6b21\\u89c1\\u9762\\u65f6\\u4ed6\\u770b\\u4f60\\u7684\\u773c\\u795e\\uff0c\\u662f\\u5fae\\u7b11\\u76f4\\u89c6\\u4f60\\u7684\\u773c\\u775b\\uff0c\\u8fd8\\u662f\\u4ece\\u4e0a\\u5230\\u4e0b\\u626b\\u89c6\\u4f60\\u7684\\u8eab\\u4f53\\uff1b\\u5e2e\\u4f60\\u9012\\u4e00\\u74f6\\u6c34\\uff0c\\u662f\\u4e0d\\u662f\\u4f1a\\u5f88\\u81ea\\u7136\\u5730\\u5e2e\\u4f60\\u628a\\u74f6\\u76d6\\u62e7\\u5f00\\u2026\\u2026\\u8fd9\\u4e9b\\u5c0f\\u7ec6\\u8282\\u90fd\\u4f1a\\u5f88\\u52a0\\u5206\\u3002\"},{\"type\":\"text\",\"text\":\"\\u6615\\u5c0f\\u8587\\uff1a\\u8bf4\\u8bf4\\u522b\\u4eba\\u4e0d\\u4e86\\u89e3\\u7684\\u4f60\\u5427\\uff0c\\u7528\\u4e94\\u4e2a\\u8bcd\\u6765\\u6982\\u62ec\\u4e00\\u4e0b\\u81ea\\u5df1\\u7684\\u6027\\u683c\\u7279\\u70b9\\uff1f\"},{\"type\":\"text\",\"text\":\"\\u5f20\\u4fea\\uff1a\\u8d2b\\u3001\\u591a\\u53d8\\u3001\\u6e29\\u548c\\uff0c\\u6709\\u65f6\\u5019\\u5e05\\u9177\\uff0c\\u6709\\u65f6\\u5019\\u50bb\\u840c\\u3002\"}]', '1', '35', '0', '1', 'style,张俪', '1', '1555213723', '1555213723', '1');
INSERT INTO `xw_news_info` VALUES ('9', '1', '1', '演艺圈“资深人士”关晓彤——希望你很幸福', 'http://xinweifashion.test.yzjtech.com/uploads/20190414/c3a49210b986f1654b971a5839b9ee41.jpg', 'http://xinweifashion.test.yzjtech.com/uploads/20190414/b9ae5bf3c30270d46d8401ee78de602d.jpg', '[{\"type\":\"text\",\"text\":\"\\u7ae5\\u661f\\u5982\\u4f55\\u6210\\u957f\\uff0c\\u4f3c\\u4e4e\\u662f\\u4eba\\u4eec\\u5f88\\u5173\\u5fc3\\u7684\\u8bdd\\u9898\\u3002\\u8fc7\\u5f80\\u7684\\u7ecf\\u5386\\u3001\\u5f53\\u4e0b\\u7684\\u72b6\\u6001\\u3001\\u672a\\u6765\\u7684\\u53d1\\u5c55\\uff0c\\u4ef6\\u4ef6\\u90fd\\u8981\\u7d27\\u3002\\u5173\\u6653\\u5f64\\u53d7\\u5230\\u7684\\u5173\\u6ce8\\uff0c\\u5c24\\u5176\\u591a\\u3002\\u5df2\\u7ecf\\u6f14\\u4e86\\u5341\\u591a\\u5e74\\u620f\\u7684\\u5173\\u6653\\u5f64\\uff0c\\u8fd8\\u4e0d\\u523022\\u5c81\\uff0c\\u53ef\\u662f\\u559c\\u6b22\\u5979\\u7684\\u4eba\\u4eec\\uff0c\\u90fd\\u89c9\\u5f97\\u5979\\u957f\\u5927\\u5f97\\u592a\\u5feb\\u4e86\\uff0c\\u820d\\u4e0d\\u5f97\\u3002\\u5979\\u81ea\\u5df1\\u5012\\u662f\\u6ee1\\u6000\\u671f\\u5f85\\u3002\\u73b0\\u5e74\\u5927\\u4e09\\u7684\\u5979\\u8bf4\\uff0c\\u5728\\u7535\\u5f71\\u5b66\\u9662\\u6c42\\u5b66\\u5c31\\u662f\\u5e0c\\u671b\\u53ef\\u4ee5\\u5b8c\\u6210\\u81ea\\u6211\\u91cd\\u5851\\u2014\\u2014\\u4e0d\\u662f\\u8981\\u63a8\\u7ffb\\u8fc7\\u53bb\\uff0c\\u800c\\u662f\\u5728\\u8fc7\\u53bb\\u7684\\u57fa\\u7840\\u4e0a\\u6dfb\\u7816\\u52a0\\u74e6\\uff0c\\u6210\\u4e3a\\u66f4\\u597d\\u7684\\u81ea\\u5df1\\u3002\"},{\"type\":\"img\",\"src\":\"http:\\/\\/xinweifashion.test.yzjtech.com\\/uploads\\/20190414\\/aa9cdfc7ecec23865731301f87b4fe7e.jpg\",\"width\":640,\"height\":807,\"name\":1},{\"type\":\"text\",\"text\":\"\\u4e00\\u65b9\\u6c34\\u571f\\u517b\\u4e00\\u65b9\\u4eba\\uff0c\\u8fd9\\u53e5\\u8bdd\\u7528\\u5728\\u5173\\u6653\\u5f64\\u8eab\\u4e0a\\u7279\\u522b\\u5230\\u4f4d\\uff0c\\u5c24\\u5176\\u662f\\u5979\\u8bf4\\u8bdd\\u7684\\u65b9\\u5f0f\\u2014\\u2014\\u5317\\u4eac\\u7279\\u8272\\u7684\\u513f\\u5316\\u97f3\\uff0c\\u8bed\\u901f\\u5f88\\u5feb\\uff0c\\u5bfb\\u5e38\\u804a\\u5929\\u8fd8\\u597d\\uff0c\\u4e00\\u9047\\u4e0a\\u5f00\\u5fc3\\u7684\\u8bdd\\u9898\\u6216\\u8005\\u548c\\u5de5\\u4f5c\\u4eba\\u5458\\u5f00\\u8d77\\u73a9\\u7b11\\u6765\\uff0c\\u8bed\\u901f\\u52a0\\u500d\\uff0c\\u60f3\\u8ffd\\u4e0a\\u5979\\u7684\\u8282\\u594f\\u90fd\\u96be\\u3002\"},{\"type\":\"text\",\"text\":\"\\u5979\\u8bf4\\u8fd9\\u662f\\u751f\\u6027\\u4f7f\\u7136\\uff0c\\u6253\\u5c0f\\u5c31\\u8fd9\\u6837\\u3002\\u672c\\u8eab\\u6027\\u5b50\\u5c31\\u76f4\\u723d\\uff0c\\u987a\\u5e26\\u517b\\u6210\\u4e86\\u76f4\\u8a00\\u76f4\\u8bed\\u7684\\u4e60\\u60ef\\u3002\\u5979\\u8bf4\\u73b0\\u5728\\u597d\\u591a\\u4e86\\uff0c\\u5df2\\u7ecf\\u52a0\\u4e86\\u5f88\\u591a\\u7406\\u6027\\u7684\\u6210\\u5206\\uff0c\\u4ee5\\u524d\\u53ef\\u662f\\u767e\\u5206\\u767e\\u611f\\u6027\\u7684\\u4eba\\uff0c\\u73b0\\u5728\\u7684\\u81ea\\u5df1\\uff0c\\u6027\\u683c\\u6ca1\\u53d8\\uff0c\\u4f46\\u601d\\u8003\\u65b9\\u5f0f\\u6bd4\\u4ee5\\u524d\\u6210\\u719f\\u4e86\\uff0c\\u4f1a\\u5b66\\u7740\\u8bbe\\u8eab\\u5904\\u5730\\u7ad9\\u5728\\u5ba2\\u89c2\\u89d2\\u5ea6\\u770b\\u95ee\\u9898\\u3002\"},{\"type\":\"text\",\"text\":\"\\u63d0\\u8d77\\u5173\\u6653\\u5f64\\uff0c\\u76f8\\u4fe1\\u5927\\u591a\\u6570\\u4eba\\u7684\\u7b2c\\u4e00\\u53cd\\u5e94\\u662f\\u7ae5\\u661f\\uff0c\\u4e14\\u662f\\u4e00\\u4e2a\\u751f\\u5f97\\u5c24\\u5176\\u53ef\\u7231\\u3001\\u8ba8\\u4eba\\u559c\\u6b22\\u7684\\u7ae5\\u661f\\u3002\\u6709\\u4e9b\\u7ae5\\u661f\\uff0c\\u89c2\\u4f17\\u4e0d\\u613f\\u610f\\u4ed6\\/\\u5979\\u957f\\u5927\\uff1b\\u6709\\u4e9b\\u7ae5\\u661f\\uff0c\\u89c2\\u4f17\\u4e0d\\u76f8\\u4fe1\\u4ed6\\/\\u5979\\u5df2\\u7ecf\\u957f\\u5927\\u4e86\\u3002\\u5173\\u6653\\u5f64\\u5c31\\u5c5e\\u4e8e\\u540e\\u8005\\u3002\\u597d\\u50cf\\u6ca1\\u591a\\u4e45\\u4e4b\\u524d\\uff0c\\u5979\\u8fd8\\u662f\\u300a\\u4e00\\u4ec6\\u4e8c\\u4e3b\\u300b\\u91cc\\u5634\\u76ae\\u5b50\\u5229\\u843d\\u7684\\u4e2d\\u5b66\\u751f\\uff0c\\u518d\\u5f80\\u524d\\u63a8\\u4e00\\u63a8\\uff0c\\u5979\\u8fd8\\u5728\\u955c\\u5934\\u91cc\\u624e\\u7740\\u4e24\\u6839\\u957f\\u8fab\\u5b50\\u5462\\uff0c\\u600e\\u4e48\\u4e00\\u6643\\uff0c\\u5df2\\u7ecf\\u662f\\u5927\\u5b66\\u4e09\\u5e74\\u7ea7\\u7684\\u5b66\\u751f\\u4e86\\u3002\"},{\"type\":\"text\",\"text\":\"\\u91c7\\u8bbf\\u5979\\u7684\\u8fc7\\u7a0b\\u4e2d\\uff0c\\u8fd9\\u6837\\u7684\\u611f\\u89c9\\u4e0d\\u65ad\\u6d8c\\u4e0a\\u6765\\u3002\\u628a\\u8fd9\\u611f\\u89c9\\u8bf4\\u7ed9\\u5979\\u542c\\uff0c\\u5979\\u4fbf\\u987a\\u52bf\\u5f00\\u8d77\\u4e86\\u81ea\\u5df1\\u7684\\u73a9\\u7b11\\u3002\\u5979\\u8bf4\\uff0c\\u8eab\\u8fb9\\u7684\\u4eb2\\u4eba\\u3001\\u5408\\u4f5c\\u7684\\u957f\\u8f88\\u5230\\u73b0\\u5728\\u90fd\\u8fd8\\u62ff\\u5979\\u5f53\\u5c0f\\u5b69\\u5b50\\u6765\\u7167\\u987e\\uff0c\\u5de5\\u4f5c\\u4e2d\\u5904\\u5904\\u4fdd\\u62a4\\u5979\\u3002\\u201c\\u53ef\\u80fd\\u56e0\\u4e3a\\u6211\\u5f88\\u5c0f\\u5c31\\u51fa\\u6765\\u62cd\\u620f\\u4e86\\uff0c\\u2018\\u6211\\u662f\\u4e2a\\u5c0f\\u5b69\\u2019\\u8fd9\\u4e00\\u5370\\u8c61\\u6df1\\u5165\\u4eba\\u5fc3\\uff0c\\u6015\\u662f\\u4e00\\u4e0b\\u5b50\\u6539\\u4e0d\\u4e86\\u54c8\\u54c8\\uff01\\u201d\"},{\"type\":\"text\",\"text\":\"\\u5bf9\\u4e8e\\u6765\\u81ea\\u5916\\u754c\\u7684\\u4e60\\u60ef\\u6027\\u7684\\u7167\\u987e\\uff0c\\u5173\\u6653\\u5f64\\u6ca1\\u6709\\u6025\\u7740\\u53bb\\u5ba3\\u5e03\\u201c\\u6211\\u957f\\u5927\\u4e86\\u201d\\u3002\\u5979\\u6ca1\\u6709\\u523b\\u610f\\u53bb\\u60f3\\u8981\\u600e\\u4e48\\u7a81\\u7834\\u56fa\\u6709\\u7684\\u8212\\u9002\\u5708\\uff0c\\u800c\\u662f\\u4ee5\\u6bd4\\u8f83\\u5f00\\u653e\\u7684\\u5fc3\\u6001\\u53bb\\u63a5\\u53d7\\u66f4\\u591a\\u53ef\\u80fd\\u6027\\uff0c\\u4f5c\\u54c1\\u9700\\u8981\\u5979\\u5f53\\u5c0f\\u5b69\\u5c31\\u5f53\\u5c0f\\u5b69\\uff0c\\u4f5c\\u54c1\\u9700\\u8981\\u5979\\u957f\\u5927\\u5c31\\u957f\\u5927\\u3002\\u201c\\u54ce\\uff1f\\u5176\\u5b9e\\u8fd9\\u6837\\u60f3\\u60f3\\uff0c\\u987a\\u5176\\u81ea\\u7136\\u5730\\u8d70\\u4e0b\\u6765\\uff0c\\u65e0\\u5f62\\u4e2d\\u7ec8\\u6709\\u4e00\\u5929\\u4f1a\\u6253\\u7834\\u8212\\u9002\\u5708\\u7684\\u5427\\uff01\\u201d\\u5173\\u6653\\u5f64\\u50cf\\u53d1\\u73b0\\u4e86\\u4e00\\u4e2a\\u60ca\\u5929\\u5927\\u79d8\\u5bc6\\u90a3\\u822c\\u559c\\u4e0d\\u81ea\\u7981\\u3002\"},{\"type\":\"text\",\"text\":\"\\u5176\\u5b9e\\u5979\\u8bf4\\u7684\\u201c\\u65e0\\u5f62\\u4e2d\\u6253\\u7834\\u8212\\u9002\\u5708\\u201d\\u5df2\\u7ecf\\u53d1\\u751f\\u4e86\\u3002\\u53bb\\u5e74\\uff0c\\u7531\\u5f20\\u827a\\u8c0b\\u5bfc\\u6f14\\u3001\\u6709\\u5979\\u53c2\\u4e0e\\u6f14\\u51fa\\u7684\\u7535\\u5f71\\u300a\\u5f71\\u300b\\u4e0a\\u6620\\uff0c\\u91cc\\u9762\\u5173\\u6653\\u5f64\\u5851\\u9020\\u4e86\\u6027\\u683c\\u521a\\u70c8\\u7684\\u9752\\u840d\\uff0c\\u5176\\u5f62\\u8c61\\u548c\\u4ee5\\u5f80\\u7559\\u7ed9\\u5927\\u5bb6\\u7684\\u5370\\u8c61\\u5f88\\u4e0d\\u540c\\u3002\\u5173\\u6653\\u5f64\\u8bf4\\uff0c\\u505a\\u6f14\\u5458\\u975e\\u5e38\\u5e78\\u8fd0\\u7684\\u4e8b\\u60c5\\u4e4b\\u4e00\\uff0c\\u5c31\\u662f\\u80fd\\u5728\\u4f5c\\u54c1\\u91cc\\u8ddf\\u4e0d\\u540c\\u7684\\u4eba\\u7269\\u76f8\\u9047\\uff0c\\u4f53\\u9a8c\\u5404\\u8272\\u4eba\\u751f\\uff0c\\u751f\\u6d3b\\u91cc\\u65e0\\u6cd5\\u6210\\u4e3a\\u7684\\u4eba\\uff0c\\u5c31\\u5728\\u5f71\\u89c6\\u4f5c\\u54c1\\u95ee\\u4e00\\u58f0\\u597d\\u3002\\u201c\\u63a5\\u4e0b\\u6765\\u80af\\u5b9a\\u8fd8\\u4f1a\\u7ee7\\u7eed\\u5c1d\\u8bd5\\u4e0d\\u540c\\u7684\\u89d2\\u8272\\u3002\\u201d\\u5979\\u8bf4\\u3002\"},{\"type\":\"text\",\"text\":\"\\u6211\\u4eec\\u5148\\u505c\\u4e00\\u505c\\uff0c\\u4e0d\\u7740\\u6025\\u5f80\\u524d\\u8d70\\uff0c\\u5148\\u56de\\u8fc7\\u5934\\u770b\\u770b\\u5173\\u6653\\u5f64\\u7684\\u6765\\u65f6\\u8def\\u3002\"},{\"type\":\"img\",\"src\":\"http:\\/\\/xinweifashion.test.yzjtech.com\\/uploads\\/20190414\\/2515656c8625b1e14510f3331ecbfe1b.jpg\",\"width\":640,\"height\":427,\"name\":2},{\"type\":\"img\",\"src\":\"http:\\/\\/xinweifashion.test.yzjtech.com\\/uploads\\/20190414\\/be068365655ab831df6377d65b5d5be8.jpg\",\"width\":640,\"height\":427,\"name\":3},{\"type\":\"text\",\"text\":\"\\u5173\\u6653\\u5f64\\u5f88\\u5c0f\\u5c31\\u201c\\u6df7\\u201d\\u6a2a\\u5e97\\u4e86\\u3002\\u90a3\\u65f6\\u5019\\uff0c\\u5de5\\u4f5c\\u65b9\\u9762\\u57fa\\u672c\\u5c31\\u662f\\u7238\\u7238\\u5988\\u5988\\u63a5\\u4e86\\u620f\\uff0c\\u7136\\u540e\\u5e26\\u7740\\u5979\\u53bb\\u62cd\\u3002\\u5979\\u7684\\u7ae5\\u5e74\\u5f88\\u5c11\\u6709\\u5b8c\\u6574\\u7684\\u5047\\u671f\\u3002\\u4e3a\\u4e86\\u4e0d\\u803d\\u8bef\\u5b66\\u4e60\\uff0c\\u62cd\\u620f\\u5de5\\u4f5c\\u5c3d\\u91cf\\u90fd\\u4f1a\\u6392\\u5728\\u5bd2\\u6691\\u5047\\uff0c\\u201c\\u7b97\\u662f\\u534a\\u4e2a\\u6a2a\\u5e97\\u7559\\u5b88\\u513f\\u7ae5\\uff0c\\u54c8\\u54c8\\uff01\\u201d\\u5979\\u81ea\\u6211\\u6253\\u8da3\\u9053\\u3002\"},{\"type\":\"text\",\"text\":\"\\u751f\\u6d3b\\u548c\\u5de5\\u4f5c\\u4e2d\\u91cd\\u8981\\u7684\\u8f6c\\u6298\\u70b9\\uff0c\\u53d1\\u751f\\u57282016\\u5e74\\u3002\\u90a3\\u5e74\\uff0c\\u5173\\u6653\\u5f64\\u53c2\\u52a0\\u9ad8\\u8003\\uff0c\\u5e76\\u4ee5\\u6587\\u5316\\u3001\\u4e13\\u4e1a\\u53cc\\u7b2c\\u4e00\\u7684\\u6210\\u7ee9\\u8003\\u5165\\u5317\\u4eac\\u7535\\u5f71\\u5b66\\u9662\\uff1b\\u90a3\\u5e74\\uff0c\\u5979\\u7531\\u201c\\u5b69\\u5b50\\u201d\\u8fc8\\u5411\\u6210\\u5e74\\uff0c\\u7531\\u7ae5\\u661f\\u5411\\u4e13\\u4e1a\\u9662\\u6821\\u5b66\\u751f\\u8f6c\\u53d8\\u3002\\u65b0\\u7684\\u9636\\u6bb5\\u5f00\\u59cb\\u4e86\\uff0c\\u8fce\\u9762\\u800c\\u6765\\u5f85\\u6539\\u53d8\\u7684\\u4e8b\\u9879\\uff0c\\u5979\\u8981\\u4e00\\u4ef6\\u4e00\\u4ef6\\u53bb\\u5b8c\\u6210\\u3002\"},{\"type\":\"text\",\"text\":\"\\u867d\\u7136\\u4ece\\u5c0f\\u62cd\\u620f\\uff0c\\u7ed9\\u4eba\\u611f\\u89c9\\u5df2\\u662f\\u6f14\\u827a\\u5708\\u7684\\u201c\\u8d44\\u6df1\\u4eba\\u58eb\\u201d\\uff0c\\u4f46\\u5173\\u6653\\u5f64\\u8bf4\\u81ea\\u5df1\\u8fdb\\u5165\\u7535\\u5f71\\u5b66\\u9662\\u8fd8\\u662f\\u6709\\u4e00\\u5b9a\\u538b\\u529b\\u7684\\uff0c\\u8fd9\\u538b\\u529b\\u6765\\u81ea\\u4e8e\\u5bf9\\u81ea\\u6211\\u7684\\u91cd\\u5851\\u2014\\u2014\\u4e0d\\u662f\\u8981\\u63a8\\u7ffb\\u8fc7\\u53bb\\uff0c\\u800c\\u662f\\u5728\\u8fc7\\u53bb\\u7684\\u57fa\\u7840\\u4e0a\\u6dfb\\u7816\\u52a0\\u74e6\\u2014\\u2014\\u5bf9\\u5185\\uff0c\\u662f\\u4e25\\u683c\\u8981\\u6c42\\u81ea\\u5df1\\uff1b\\u5bf9\\u5916\\uff0c\\u662f\\u5b66\\u7740\\u66f4\\u52a0\\u72ec\\u7acb\\u5730\\u81ea\\u6211\\u8868\\u8fbe\\u3002\"},{\"type\":\"img\",\"src\":\"http:\\/\\/xinweifashion.test.yzjtech.com\\/uploads\\/20190414\\/fd465bada2b45128330ef4c109e3406c.jpg\",\"width\":640,\"height\":427,\"name\":4},{\"type\":\"text\",\"text\":\"\\u5979\\u662f\\u7ae5\\u661f\\uff0c\\u5927\\u5bb6\\u7684\\u76ee\\u5149\\u90fd\\u5173\\u6ce8\\u7740\\u5979\\uff0c\\u671f\\u5f85\\u7740\\u5c5e\\u4e8e\\u5979\\u7684\\u6210\\u957f\\u4fee\\u70bc\\u624b\\u518c\\u3002\\u800c\\u5979\\uff0c\\u591a\\u591a\\u5c11\\u5c11\\u662f\\u6709\\u5e95\\u6c14\\u7684\\u3002\\u8fd9\\u5e95\\u6c14\\uff0c\\u6765\\u81ea\\u8fc7\\u5f80\\u7684\\u7ecf\\u5386\\uff0c\\u6765\\u81ea\\u5bb6\\u4eba\\u3001\\u524d\\u8f88\\u4eec\\u3002\\u5f88\\u591a\\u4eba\\u90fd\\u7fa1\\u6155\\u5173\\u6653\\u5f64\\u4ece\\u5c0f\\u5c31\\u6709\\u673a\\u4f1a\\u4e0e\\u975e\\u5e38\\u4f18\\u79c0\\u7684\\u4e1a\\u5185\\u524d\\u8f88\\u5408\\u4f5c\\u975e\\u5e38\\u4f18\\u79c0\\u7684\\u620f\\u3002\\u5bf9\\u6b64\\uff0c\\u5173\\u6653\\u5f64\\u81ea\\u5df1\\u90fd\\u6709\\u51e0\\u5206\\u9a84\\u50b2\\u3002\\u8fd9\\u9a84\\u50b2\\u53ef\\u4e0d\\u662f\\u7ed9\\u81ea\\u5df1\\u7684\\uff0c\\u800c\\u662f\\u7ed9\\u90a3\\u4e9b\\u5728\\u5979\\u6210\\u957f\\u9053\\u8def\\u4e0a\\u7ed9\\u8fc7\\u5979\\u5e2e\\u52a9\\u3001\\u6559\\u5bfc\\u7684\\u4eba\\u4eec\\u3002\\u5979\\u8bf4\\u81ea\\u5df1\\u9047\\u5230\\u7684\\u6bcf\\u4e2a\\u4eba\\u90fd\\u662f\\u90a3\\u4e48\\u65e0\\u79c1\\uff0c\\u6beb\\u65e0\\u4fdd\\u7559\\u4e0e\\u81ea\\u5df1\\u5206\\u4eab\\u5de5\\u4f5c\\u7ecf\\u9a8c\\u3002\\u201c\\u4ed6\\u4eec\\u90fd\\u662f\\u6211\\u7684\\u8001\\u5e08\\u3002\\u201d\\u5173\\u6653\\u5f64\\u8bf4\\u3002\\u5979\\u56de\\u5fc6\\u8d77\\u548c\\u5f20\\u827a\\u8c0b\\u62cd\\u7535\\u5f71\\u7684\\u7ecf\\u5386\\uff0c\\u5f20\\u827a\\u8c0b\\u6559\\u7ed9\\u5979\\u7684\\u4ece\\u6765\\u4e0d\\u662f\\u5927\\u9053\\u7406\\uff0c\\u800c\\u662f\\u7ec6\\u81f4\\u5230\\u9488\\u5bf9\\u4e00\\u4ef6\\u4ef6\\u5177\\u4f53\\u4e8b\\u60c5\\u7684\\u5224\\u65ad\\u3001\\u9009\\u62e9\\u3002\\u201c\\u62cd\\u6444\\u300a\\u5f71\\u300b\\u7684\\u65f6\\u5019\\uff0c\\u5bfc\\u6f14\\u6559\\u4e86\\u6211\\u5f88\\u591a\\u8868\\u6f14\\u7684\\u5e72\\u8d27\\uff0c\\u6740\\u9752\\u540e\\u4e5f\\u4e00\\u76f4\\u7ed9\\u6211\\u5f88\\u591a\\u53ee\\u5631\\uff0c\\u8ba9\\u6211\\u7ee7\\u7eed\\u52a0\\u5f3a\\u5f62\\u4f53\\u953b\\u70bc\\u3001\\u52a0\\u5f3a\\u82f1\\u8bed\\u5b66\\u4e60\\uff0c\\u7535\\u5f71\\u5ba3\\u4f20\\u671f\\u78b0\\u5230\\u4e5f\\u4f1a\\u7ed9\\u6211\\u5f88\\u591a\\u672a\\u6765\\u53d1\\u5c55\\u7684\\u5efa\\u8bae\\u3002\\u4ed6\\u662f\\u5927\\u5bfc\\u6f14\\uff0c\\u6211\\u53ea\\u662f\\u4e2a\\u5927\\u5b66\\u751f\\uff0c\\u4f46\\u4ed6\\u5374\\u613f\\u610f\\u548c\\u6211\\u5206\\u4eab\\u6700\\u7ec6\\u5fae\\u3001\\u6700\\u8d34\\u5fc3\\u7684\\u7ecf\\u9a8c\\u3002\\u201d\"},{\"type\":\"text\",\"text\":\"\\u7ad9\\u5728\\u65c1\\u89c2\\u8005\\u7684\\u89d2\\u5ea6\\uff0c\\u6211\\u4eec\\u4e0d\\u6000\\u7591\\u5173\\u6653\\u5f64\\u4e00\\u8def\\u8d70\\u6765\\u7684\\u89c1\\u591a\\u8bc6\\u5e7f\\uff08\\u76f8\\u5bf9\\u4e8e\\u5979\\u7684\\u5e74\\u7eaa\\uff09\\uff0c\\u4f46\\u6211\\u4eec\\u597d\\u5947\\uff0c\\u8fd9\\u6837\\u4e00\\u4f4d\\u4ece\\u5c0f\\u88ab\\u957f\\u8f88\\u7167\\u987e\\u7740\\u3001\\u4fdd\\u62a4\\u7740\\u7684\\u5a03\\u5a03\\uff0c\\u5728\\u5979\\u957f\\u5927\\u540e\\uff0c\\u5f53\\u5979\\u9762\\u5bf9\\u6446\\u5728\\u9762\\u524d\\u7684\\u5404\\u9879\\u9009\\u62e9\\u65f6\\uff0c\\u4f1a\\u5982\\u4f55\\u4e3a\\u81ea\\u5df1\\u53d1\\u58f0\\uff1f\"},{\"type\":\"text\",\"text\":\"\\u201c\\u73b0\\u5728\\u6536\\u5230\\u5de5\\u4f5c\\u9080\\u7ea6\\u6211\\u90fd\\u4f1a\\u5148\\u548c\\u5bb6\\u4eba\\u3001\\u5de5\\u4f5c\\u4eba\\u5458\\u4e00\\u8d77\\u8ba8\\u8bba\\u3002\\u5982\\u679c\\u6709\\u5206\\u6b67\\uff0c\\u4e0d\\u662f\\u4ed6\\u4eec\\u8bf4\\u670d\\u6211\\uff0c\\u5c31\\u662f\\u6211\\u8bf4\\u670d\\u4ed6\\u4eec\\u3002\\u201d\\u5173\\u6653\\u5f64\\u56de\\u7b54\\u5f97\\u5f88\\u81ea\\u4fe1\\u3002\\u800c\\u8fd9\\uff0c\\u4e5f\\u662f\\u7236\\u6bcd\\u5e0c\\u671b\\u5979\\u505a\\u7684\\u3002\\u4ece\\u5c0f\\u5230\\u5927\\u90fd\\u662f\\u7236\\u6bcd\\u5728\\u5e2e\\u5979\\u628a\\u63a7\\u5de5\\u4f5c\\uff0c\\u4ed6\\u4eec\\u6709\\u4e00\\u5957\\u4e25\\u683c\\u7684\\u3001\\u9488\\u5bf9\\u5c0f\\u5b69\\u5b50\\u7684\\u63a5\\u620f\\u6807\\u51c6\\uff1a\\u9996\\u5148\\u662f\\u8981\\u9002\\u5408\\u5173\\u6653\\u5f64\\u7684\\u5e74\\u9f84\\uff08\\u5c0f\\u5b69\\u5b50\\u957f\\u5f97\\u5feb\\uff0c\\u9694\\u6bb5\\u65f6\\u95f4\\u6362\\u4e00\\u79cd\\u6210\\u957f\\u72b6\\u6001\\uff09\\uff1b\\u7136\\u540e\\u89d2\\u8272\\u8981\\u6709\\u4eae\\u70b9\\uff1b\\u6700\\u540e\\u8fd8\\u5f97\\u8ddf\\u5173\\u6653\\u5f64\\u7684\\u5b66\\u4e1a\\u80fd\\u6709\\u5e73\\u8861\\u3002\\u73b0\\u5728\\uff0c\\u5173\\u6653\\u5f64\\u8bf4\\u7236\\u6bcd\\u4f1a\\u8d8a\\u6765\\u8d8a\\u5c0a\\u91cd\\u5979\\u7684\\u610f\\u89c1\\uff0c\\u9f13\\u52b1\\u5979\\u5728\\u5de5\\u4f5c\\u65b9\\u9762\\u81ea\\u4e3b\\u9009\\u62e9\\u3002\\u4e60\\u60ef\\u6027\\u7684\\u4fdd\\u62a4\\u4f9d\\u7136\\u8fd8\\u5728\\uff0c\\u53ea\\u4e0d\\u8fc7\\u9002\\u5f53\\u7684\\u653e\\u624b\\u4e5f\\u5df2\\u7ecf\\u5230\\u6765\\u3002\"},{\"type\":\"img\",\"src\":\"http:\\/\\/xinweifashion.test.yzjtech.com\\/uploads\\/20190414\\/6c3b0fa5a60ee45eb4e4fa048f362b94.jpg\",\"width\":640,\"height\":854,\"name\":5},{\"type\":\"text\",\"text\":\"\\u8868\\u6f14\\u662f\\u4e00\\u4e2a\\u7531\\u7ecf\\u9a8c\\u3001\\u76f4\\u89c9\\u3001\\u521b\\u610f\\u3001\\u60f3\\u8c61\\u7b49\\u7efc\\u5408\\u56e0\\u7d20\\u6784\\u5efa\\u8d77\\u7684\\u4e16\\u754c\\uff0c\\u548c\\u771f\\u5b9e\\u751f\\u6d3b\\u9694\\u7740\\u4e00\\u5b9a\\u8ddd\\u79bb\\u3002\\u5c0f\\u65f6\\u5019\\uff0c\\u5173\\u6653\\u5f64\\u88ab\\u5e26\\u7740\\u5f80\\u8fd4\\u4e8e\\u4e24\\u8005\\u4e4b\\u95f4\\uff1b\\u800c\\u4eca\\uff0c\\u5979\\u9700\\u8981\\u5b66\\u7740\\u72ec\\u7acb\\u524d\\u884c\\u4e86\\u3002\"},{\"type\":\"text\",\"text\":\"\\u201c\\u6211\\u73b0\\u5728\\u62cd\\u620f\\u524d\\u671f\\u81ea\\u5df1\\u4f1a\\u6295\\u5165\\u5f88\\u591a\\u7cbe\\u529b\\uff0c\\u53bb\\u6311\\u9009\\u5267\\u672c\\uff0c\\u52aa\\u529b\\u5b66\\u4e60\\u3001\\u8ba9\\u89d2\\u8272\\u7684\\u53d1\\u6325\\u7a7a\\u95f4\\u66f4\\u5927\\u3002\\u201d\\u5979\\u786e\\u5b9e\\u662f\\u957f\\u5927\\u4e86\\uff0c\\u5728\\u5de5\\u4f5c\\u73b0\\u573a\\u4e5f\\u4f1a\\u8bd5\\u7740\\u4e3b\\u52a8\\u548c\\u5bfc\\u6f14\\u3001\\u5de5\\u4f5c\\u4eba\\u5458\\u63a2\\u8ba8\\u8868\\u6f14\\u4e86\\u3002\\u201c\\u6211\\u771f\\u7684\\u597d\\u4eab\\u53d7\\u62cd\\u620f\\u7684\\u8fc7\\u7a0b\\u3002\\u201d\\u5979\\u8bf4\\uff0c\\u201c\\u8ddf\\u5408\\u4f5c\\u6f14\\u5458\\u5bf9\\u620f\\uff0c\\u8ba8\\u8bba\\u5982\\u4f55\\u642d\\u620f\\uff0c\\u8ddf\\u5bfc\\u6f14\\u4e00\\u8d77\\u8ba8\\u8bba\\u5267\\u672c\\uff0c\\u770b\\u76d1\\u89c6\\u5668\\u56de\\u653e\\uff0c\\u8fd9\\u4e9b\\u5f88\\u65e5\\u5e38\\u7684\\u6d41\\u7a0b\\uff0c\\u6bcf\\u4e00\\u6b21\\u6211\\u90fd\\u7279\\u522b\\u671f\\u5f85\\u3001\\u7279\\u522b\\u73cd\\u60dc\\u3002\\u201d\"},{\"type\":\"text\",\"text\":\"\\u201c\\u542c\\u7ecf\\u9a8c\\u201d\\u548c\\u201c\\u8868\\u6001\\u5ea6\\u201d\\uff0c\\u662f\\u5173\\u6653\\u5f64\\u4e60\\u60ef\\u7684\\uff0c\\u4e5f\\u662f\\u5979\\u64c5\\u957f\\u7684\\u2014\\u2014\\u8fd9\\u548c\\u5979\\u81ea\\u8eab\\u7684\\u6210\\u957f\\u5386\\u7a0b\\u606f\\u606f\\u76f8\\u5173\\u3002\\u8bed\\u901f\\u5feb\\u3001\\u53c8\\u81ea\\u5e26\\u5e7d\\u9ed8\\u611f\\u7684\\u5173\\u6653\\u5f64\\u5176\\u5b9e\\u662f\\u4e00\\u4e2a\\u5f88\\u4f18\\u79c0\\u7684\\u503e\\u542c\\u8005\\u3002\\u548c\\u670b\\u53cb\\u804a\\u5929\\u7684\\u8fc7\\u7a0b\\u4e2d\\uff0c\\u5979\\u603b\\u662f\\u665a\\u4e00\\u4e9b\\u53d1\\u8a00\\u7684\\u90a3\\u4e2a\\u4eba\\u3002\\u5979\\u4f1a\\u5148\\u542c\\u5bf9\\u65b9\\u8bf4\\uff0c\\u7b49\\u5230\\u5408\\u9002\\u7684\\u65f6\\u5019\\u81ea\\u5df1\\u518d\\u8868\\u8fbe\\u2014\\u2014\\u4e0e\\u5979\\u4e00\\u8def\\u8d70\\u6765\\u7684\\u3001\\u5bf9\\u5f85\\u8868\\u6f14\\u7684\\u6001\\u5ea6\\u9887\\u6709\\u51e0\\u5206\\u76f8\\u4f3c\\u3002\\u201c\\u6211\\u89c9\\u5f97\\u4ea4\\u6d41\\u8fc7\\u7a0b\\u5c31\\u5e94\\u8be5\\u76f8\\u4e92\\u503e\\u542c\\u3001\\u76f8\\u4e92\\u8868\\u8fbe\\uff0c\\u8fd9\\u6837\\u4f1a\\u6bd4\\u8f83\\u8212\\u670d\\u3002\\u4e0d\\u80fd\\u5355\\u65b9\\u9762\\u8fdb\\u884c\\u3002\\u201d\\u5173\\u6653\\u5f64\\u8bf4\\u3002\\u6216\\u8bb8\\u5c31\\u662f\\u8fd9\\u6837\\u5584\\u4e8e\\u5e73\\u8861\\u83b7\\u53d6\\u4e0e\\u4ed8\\u51fa\\uff0c\\u5173\\u6653\\u5f64\\u624d\\u7a33\\u7a33\\u5f53\\u5f53\\u5730\\u63a8\\u8fdb\\u7740\\u81ea\\u5df1\\u7684\\u5de5\\u4f5c\\u4e0e\\u5b66\\u4e60\\u3002\"},{\"type\":\"text\",\"text\":\"\\u65b0\\u7684\\u9636\\u6bb5\\u624d\\u521a\\u521a\\u5f00\\u59cb\\uff0c\\u672a\\u6765\\u53ef\\u671f\\u3002\\u7ee7\\u7eed\\u957f\\u5927\\u5427\\uff0c\\u5173\\u6653\\u5f64\\u3002\"},{\"type\":\"img\",\"src\":\"http:\\/\\/xinweifashion.test.yzjtech.com\\/uploads\\/20190414\\/127a912ee0f1f4f333829b648df78c6d.jpg\",\"width\":640,\"height\":888,\"name\":6},{\"type\":\"text\",\"text\":\"\\u6211\\u4eec\\u548c\\u957f\\u5927\\u4e86\\u7684\\u5173\\u6653\\u5f64\\u804a\\u4e86\\u804a\\u5de5\\u4f5c\\u4e4b\\u5916\\u7684\\u90a3\\u4e9b\\u4e8b\\uff0c\\u6bd4\\u5982\\u65f6\\u5c1a\\uff0c\\u6bd4\\u5982\\u8eab\\u9ad8\\uff0c\\u8fd8\\u6709\\u5173\\u4e8e\\u5982\\u4f55\\u5728\\u7279\\u522b\\u7684\\u65e5\\u5b50\\u91cc\\u4e3a\\u4ed6\\u4eba\\u5236\\u9020\\u60ca\\u559c\\u3002\"},{\"type\":\"text\",\"text\":\"\\u4f60\\u662f\\u5584\\u4e8e\\u8868\\u8fbe\\u611f\\u60c5\\u7684\\u4eba\\u5417\\uff1f\"},{\"type\":\"text\",\"text\":\"\\u770b\\u4ec0\\u4e48\\u60c5\\u51b5\\u5427~\\u6211\\u548c\\u5988\\u5988\\u4f1a\\u6bd4\\u8f83\\u76f4\\u63a5\\u5730\\u8868\\u8fbe\\u60c5\\u7eea\\uff0c\\u6709\\u65f6\\u751a\\u81f3\\u662f\\u8086\\u65e0\\u5fcc\\u60ee\\u3002\"},{\"type\":\"text\",\"text\":\"\\u5982\\u679c\\u56e0\\u4e3a\\u81ea\\u5df1\\u7684\\u539f\\u56e0\\u60f9\\u5bb6\\u4eba\\u751f\\u6c14\\uff0c\\u4f60\\u4f1a\\u5982\\u4f55\\u9053\\u6b49\\uff1f\"},{\"type\":\"text\",\"text\":\"\\u53d1\\u5fae\\u4fe1\\u9053\\u6b49\\u3002\"},{\"type\":\"text\",\"text\":\"\\u7279\\u522b\\u7684\\u65e5\\u5b50\\u91cc\\uff0c\\u4f60\\u4f1a\\u4e3a\\u81ea\\u5df1\\u5728\\u610f\\u7684\\u4eba\\u505a\\u4e9b\\u4ec0\\u4e48\\u7279\\u522b\\u7684\\u4e8b\\u60c5\\u5417\\uff1f\"},{\"type\":\"text\",\"text\":\"\\u6211\\u559c\\u6b22\\u5236\\u9020\\u60ca\\u559c\\u3002\\u4e0d\\u8fc7\\u6211\\u597d\\u50cf\\u4e0d\\u592a\\u64c5\\u4e8e\\u5236\\u9020\\u60ca\\u559c\\uff0c\\u56e0\\u4e3a\\u6bcf\\u4e00\\u6b21\\u90fd\\u4f1a\\u88ab\\u63d0\\u524d\\u8bc6\\u7834\\uff01\"},{\"type\":\"text\",\"text\":\"\\u4f60\\u6700\\u60f3\\u4e3a\\u81ea\\u5df1\\u73cd\\u60dc\\u7684\\u4eba\\u505a\\u4e00\\u4ef6\\u600e\\u6837\\u7684\\u4e8b\\uff1f\"},{\"type\":\"text\",\"text\":\"\\u5f88\\u60f3\\u548c\\u7238\\u7238\\u5988\\u5988\\u4e00\\u8d77\\u53bb\\u5f88\\u8fdc\\u7684\\u5730\\u65b9\\u65c5\\u884c\\u3002\\u6211\\u4eec\\u4e00\\u5bb6\\u4eba\\u5e73\\u65f6\\u51fa\\u884c\\u5927\\u591a\\u90fd\\u662f\\u56e0\\u4e3a\\u5de5\\u4f5c\\u539f\\u56e0\\uff0c\\u6240\\u4ee5\\u6211\\u5f88\\u60f3\\u548c\\u4ed6\\u4eec\\u6765\\u4e00\\u573a\\u7eaf\\u7cb9\\u7684\\u65c5\\u884c\\u3002\"},{\"type\":\"text\",\"text\":\"\\u6615\\u5c0f\\u8587\\uff1a\\u559c\\u6b22\\u7684\\u7537\\u751f\\u662f\\u600e\\u6837\\u7684\\u7c7b\\u578b\\uff1f\"},{\"type\":\"text\",\"text\":\"\\u4f60\\u4e2a\\u5b50\\u5f88\\u9ad8\\uff0c\\u89c9\\u5f97\\u81ea\\u5df1\\u6700\\u9002\\u5408\\u90a3\\u79cd\\u7c7b\\u578b\\u7684\\u6253\\u626e\\uff1f\\u8863\\u6a71\\u91cc\\u6700\\u591a\\u7684\\u5355\\u54c1\\u662f\\u4ec0\\u4e48\\uff1f\"},{\"type\":\"text\",\"text\":\"\\u6211\\u89c9\\u5f97\\u6211\\u86ee\\u9002\\u5408\\u7a0d\\u5fae\\u9177\\u4e00\\u70b9\\u7684\\u6253\\u626e\\u3002\\u6211\\u6709\\u5f88\\u591a\\u5e3d\\u886b\\u3001\\u5c0f\\u897f\\u670d\\u3002\"},{\"type\":\"text\",\"text\":\"\\u6709\\u6ca1\\u6709\\u56e0\\u4e3a\\u4e2a\\u5b50\\u9ad8\\u800c\\u906d\\u9047\\u4e00\\u4e9b\\u201c\\u70e6\\u607c\\u201d\\uff1f\"},{\"type\":\"text\",\"text\":\"\\u5176\\u5b9e\\u8fd8\\u597d\\uff0c\\u9664\\u4e86\\u88ab\\u4eba\\u8bef\\u4f20\\u6210\\u662f\\u8eab\\u9ad81\\u7c738\\u4ee5\\u5916\\u54c8\\u54c8\\u54c8~\"},{\"type\":\"text\",\"text\":\"\\u89c9\\u5f97\\u81ea\\u7a7f\\u4ec0\\u4e48\\u989c\\u8272\\u6700\\u597d\\u770b\\uff1f\"},{\"type\":\"text\",\"text\":\"\\u6211\\u4e2a\\u4eba\\u5f88\\u559c\\u6b22\\u7c89\\u8272\\u3002\\u4e0d\\u8fc7\\u6211\\u89c9\\u5f97\\u6211\\u7a7f\\u9ed1\\u3001\\u7070\\u4e5f\\u4e0d\\u9519\\u3002\"},{\"type\":\"text\",\"text\":\"\\u8bf7\\u5206\\u522b\\u5bf9\\u5341\\u5e74\\u524d\\u7684\\u5173\\u6653\\u5f64\\u548c\\u5341\\u540e\\u7684\\u5173\\u6653\\u5f64\\u8bf4\\u4e00\\u53e5\\u8bdd\\u3002\"},{\"type\":\"text\",\"text\":\"\\u5341\\u5e74\\u524d\\u7684\\u5173\\u6653\\u5f64\\uff0c\\u8c22\\u8c22\\u4f60\\u90a3\\u4e48\\u76f4\\u723d\\u3002\"},{\"type\":\"text\",\"text\":\"\\u5341\\u5e74\\u540e\\u7684\\u5173\\u6653\\u5f64\\uff0c\\u5e0c\\u671b\\u4f60\\u5f88\\u5e78\\u798f\\u3002\"}]', '26', '147', '14', '1', 'style,关晓彤', '1', '1555214784', '1555214784', '1');
INSERT INTO `xw_news_info` VALUES ('10', '1', '3', '许魏洲：对自己，了然于心', 'http://xinweifashion.test.yzjtech.com/uploads/20190414/802f34dce28ec0a99172b4d19772f3be.jpg', 'http://xinweifashion.test.yzjtech.com/uploads/20190414/e08c19cbf4d7a82cf4edf4d088fb5379.jpg', '[{\"type\":\"text\",\"text\":\"\\u548c\\u8bb8\\u9b4f\\u6d32\\u7ea6\\u5728\\u5317\\u4eac\\u89c1\\u9762\\u3002\\u4ed6\\u6574\\u6574\\u63d0\\u524d\\u4e00\\u4e2a\\u5c0f\\u65f6\\u5230\\u8fbe\\u62cd\\u6444\\u73b0\\u573a\\u3002\\u539f\\u56e0\\u5766\\u8bda\\u5f97\\u53ef\\u7231\\uff1a\\u4e0a\\u4e00\\u4efd\\u901a\\u544a\\u63d0\\u524d\\u7ed3\\u675f\\uff0c\\u90a3\\u5c31\\u81ea\\u7136\\u65e9\\u4e9b\\u6765\\u5230\\u4e0b\\u4e00\\u4efd\\u5de5\\u4f5c\\u54af\\uff01\"},{\"type\":\"text\",\"text\":\"\\u6216\\u8bb8\\u5e74\\u7eaa\\u4f7f\\u7136\\uff0c\\u6216\\u8bb8\\u5fc3\\u6027\\u4f7f\\u7136\\uff0c\\u8bb8\\u9b4f\\u6d32\\u5c31\\u8fd9\\u6837\\u4e0d\\u505a\\u4efb\\u4f55\\u4fee\\u9970\\u5730\\u5c06\\u81ea\\u5df1\\u5448\\u73b0\\u5728\\u4ed6\\u4eba\\u9762\\u524d\\uff0c\\u662f\\u600e\\u6837\\u5c31\\u600e\\u6837\\uff0c\\u5e26\\u4e86\\u70b9\\u201c\\u7c97\\u91ce\\u201d\\u3002\\u8fd9\\u201c\\u7c97\\u91ce\\u201d\\u7ed9\\u4e86\\u4ed6\\u4e00\\u4e9b\\u4e0d\\u90a3\\u4e48\\u5728\\u610f\\u81ea\\u5df1\\u7684\\u52c7\\u6c14\\u3002\\u62cd\\u6444\\u8fc7\\u7a0b\\u4e2d\\u4ed6\\u722c\\u4e0a\\u4e00\\u53ea\\u9053\\u5177\\u90ae\\u7b52\\uff0c\\u7ad9\\u7a33\\u90fd\\u56f0\\u96be\\uff0c\\u8fd8\\u4e0d\\u7ba1\\u4e0d\\u987e\\uff0c\\u542c\\u51ed\\u6444\\u5f71\\u5e08\\u7684\\u63d0\\u8bae\\u6446\\u51fa\\u5404\\u79cd\\u9020\\u578b\\uff0c\\u65c1\\u4eba\\u62c5\\u5fc3\\u4ed6\\u6454\\u4e0b\\u6765\\uff0c\\u4ed6\\u81ea\\u5df1\\u5012\\u5c3d\\u5174\\u3002\"},{\"type\":\"img\",\"src\":\"http:\\/\\/xinweifashion.test.yzjtech.com\\/uploads\\/20190414\\/052767e418040b197a8fd63f77aa2c5d.jpg\",\"width\":640,\"height\":809,\"name\":1},{\"type\":\"text\",\"text\":\"\\u4ed6\\u8bf4\\uff0c\\u4e0d\\u8bba\\u505a\\u4ec0\\u4e48\\u90fd\\u8981\\u52aa\\u529b\\u554a\\uff01\\u4e0d\\u4ec5\\u8981\\u52aa\\u529b\\uff0c\\u8fd8\\u8981\\u5f3a\\u8feb\\u81ea\\u5df1\\u7a81\\u7834\\u8212\\u9002\\u533a\\u300224\\u5c81\\uff0c\\u5df2\\u6210\\u540d\\uff0c\\u82e5\\u9002\\u5ea6\\u8d2a\\u604b\\u8d5e\\u8a89\\u3001\\u6682\\u65f6\\u6c89\\u9189\\u5176\\u4e2d\\u4e0d\\u613f\\u9192\\u6765\\uff0c\\u65c1\\u4eba\\u4e5f\\u662f\\u4e0d\\u5fcd\\u5fc3\\u8fc7\\u591a\\u8d23\\u602a\\u7684\\u3002\\u4f46\\u4ed6\\u5374\\u4e0d\\u8fd9\\u6837\\uff0c\\u8b66\\u7701\\u5f97\\u5f88\\uff0c\\u81ea\\u5df1\\u628a\\u91cc\\u91cc\\u5916\\u5916\\u90fd\\u770b\\u5f97\\u6e05\\u695a\\u3002\\u4ed6\\u8bf4\\u6700\\u6015\\u4e60\\u60ef\\u4e86\\u201c\\u5f97\\u5fc3\\u5e94\\u624b\\u201d\\uff0c\\u6700\\u6015\\u957f\\u671f\\u5904\\u5728\\u4e0d\\u906d\\u9047\\u96be\\u5ea6\\u7684\\u72b6\\u6001\\u4e0b\\uff0c\\u7531\\u6b64\\u751f\\u51fa\\u60f0\\u6027\\u3002\\u6240\\u4ee5\\u4ed6\\u603b\\u662f\\u201c\\u5f3a\\u8feb\\u201d\\u7740\\u81ea\\u5df1\\u53bb\\u505a\\u4e00\\u4e9b\\u9700\\u8981\\u7a81\\u7834\\u7684\\u4e8b\\u3002\"},{\"type\":\"text\",\"text\":\"\\u8fd9\\u53ef\\u4e0d\\u5bb9\\u6613\\u3002\\u9ad8\\u5f3a\\u5ea6\\u7684\\u5de5\\u4f5c\\u3001\\u5fd9\\u788c\\u7684\\u884c\\u7a0b\\u3001\\u6536\\u83b7\\u7684\\u6210\\u7ee9\\uff0c\\u4ee5\\u53ca\\u56f4\\u7ed5\\u5728\\u8eab\\u8fb9\\u7684\\u534e\\u7f8e\\uff0c\\u5f53\\u8fd9\\u4e9b\\u5143\\u7d20\\u586b\\u6ee1\\u4e86\\u751f\\u6d3b\\uff0c\\u5f80\\u5f80\\u4ee4\\u4eba\\u6ca1\\u6709\\u8db3\\u591f\\u7684\\u65f6\\u95f4\\u548c\\u610f\\u8bc6\\u505c\\u4e0b\\u6765\\u8fdb\\u884c\\u81ea\\u6211\\u5ba1\\u89c6\\u3002\\u8bb8\\u9b4f\\u6d32\\u5766\\u8a00\\uff0c\\u5f53\\u521d\\u4ece\\u4e00\\u540d\\u666e\\u901a\\u7684\\u5927\\u5b66\\u751f\\u5ffd\\u7136\\u53d8\\u6210\\u516c\\u4f17\\u4eba\\u7269\\uff0c\\u4e5f\\u7ecf\\u5386\\u8fc7\\u832b\\u7136\\uff0c\\u9762\\u5bf9\\u5ffd\\u5982\\u5176\\u6765\\u7684\\u805a\\u5149\\u706f\\uff0c\\u4e5f\\u66fe\\u4e00\\u5ea6\\u627e\\u4e0d\\u5230\\u6700\\u4f73\\u5e94\\u5bf9\\u65b9\\u5f0f\\uff0c\\u5e78\\u8fd0\\u7684\\u662f\\uff0c\\u987a\\u987a\\u5f53\\u5f53\\u8d70\\u8fc7\\u6765\\u4e86\\u3002\\u975e\\u8981\\u5206\\u4eab\\u4e2a\\u4e2d\\u65b9\\u6cd5\\uff0c\\u4ed6\\u81ea\\u5df1\\u90fd\\u89c9\\u5f97\\u96be\\u4ee5\\u5177\\u4f53\\u4e3e\\u4f8b\\uff0c\\u8fd9\\u4e0d\\u662f\\u4e00\\u5929\\u4e24\\u5929\\u80fd\\u5b8c\\u6210\\u7684\\uff0c\\u4e5f\\u4e0d\\u662f\\u51ed\\u7740\\u51e0\\u53e5\\u91d1\\u7389\\u826f\\u8a00\\u80fd\\u5316\\u89e3\\u7684\\uff0c\\u5fc3\\u91cc\\u5f97\\u4e0d\\u5fd8\\u6765\\u65f6\\u8def\\uff0c\\u4ea6\\u8981\\u770b\\u5f97\\u6e05\\u524d\\u65b9\\u3002\"},{\"type\":\"img\",\"src\":\"http:\\/\\/xinweifashion.test.yzjtech.com\\/uploads\\/20190414\\/2667cf66fc18bf75fa45e4ac3a095a13.jpg\",\"width\":640,\"height\":829,\"name\":2},{\"type\":\"text\",\"text\":\"\\u4e0d\\u8fc7\\u4ed6\\u5012\\u662f\\u8c03\\u76ae\\uff0c\\u7ed9\\u4e86\\u4e00\\u4e2a\\u5de7\\u5999\\u7684\\u5efa\\u8bae\\uff1a\\u591a\\u7761\\u89c9\\u3002\\u201c\\u4e0d\\u662f\\u5f00\\u73a9\\u7b11\\u54e6\\uff0c\\u82e5\\u60f3\\u4fdd\\u6301\\u597d\\u7684\\u72b6\\u6001\\uff0c\\u7761\\u89c9\\u771f\\u7684\\u5f88\\u91cd\\u8981\\u3002\\u201d\\u8bb8\\u9b4f\\u6d32\\u8bf4\\u81ea\\u5df1\\u662f\\u90a3\\u79cd\\u4f1a\\u6293\\u4f4f\\u5404\\u79cd\\u673a\\u4f1a\\u597d\\u597d\\u7761\\u89c9\\u7684\\u4eba\\uff0c\\u4e0d\\u4f1a\\u65e0\\u6545\\u71ac\\u591c\\uff08\\u5f53\\u7136\\uff0c\\u5de5\\u4f5c\\u9700\\u8981\\u9664\\u5916\\uff09\\u3002\\u201c\\u4ece\\u4e8b\\u6f14\\u827a\\u5de5\\u4f5c\\u96be\\u514d\\u4f5c\\u606f\\u4e0d\\u89c4\\u5f8b\\uff0c\\u8fd9\\u5c31\\u9700\\u8981\\u81ea\\u6211\\u8c03\\u6574\\uff0c\\u53bb\\u505a\\u53d6\\u820d\\u3002\\u5de5\\u4f5c\\u4e5f\\u597d\\uff0c\\u751f\\u6d3b\\u4e5f\\u597d\\uff0c\\u90fd\\u4e0d\\u8981\\u505a\\u65e0\\u8c13\\u7684\\u6d6a\\u8d39\\u3002\\u201d\"},{\"type\":\"text\",\"text\":\"\\u81ea\\u5df1\\u53bb\\u8c03\\u6574\\u3002\\u5bf9\\u4e8e\\u4f5c\\u606f\\u5982\\u6b64\\uff0c\\u5bf9\\u4e8e\\u4e3a\\u4eba\\u5904\\u4e16\\u7684\\u5fc3\\u6001\\uff0c\\u66f4\\u662f\\u5982\\u6b64\\u3002\\u8bb8\\u9b4f\\u6d32\\u8bf4\\uff0c\\u80fd\\u591f\\u575a\\u6301\\u4e0b\\u6765\\u3001\\u80fd\\u591f\\u627f\\u62c5\\u5f97\\u8d77\\u6f14\\u827a\\u5708\\u5fc5\\u8981\\u7ecf\\u5386\\u7684\\u4eba\\u4eec\\uff0c\\u57fa\\u672c\\u4e0a\\u90fd\\u80fd\\u5b8c\\u597d\\u5730\\u8fc8\\u5165\\u65b0\\u9636\\u6bb5\\u3002\\u201c\\u8981\\u61c2\\u5f97\\u5982\\u4f55\\u81ea\\u6211\\u628a\\u63a7\\uff0c\\u5fc3\\u91cc\\u8981\\u6709\\u4e00\\u80a1\\u7cbe\\u6c14\\u795e\\uff0c\\u8fd8\\u8981\\u6709\\u8d23\\u4efb\\u611f\\u3002\\u201d\\u4ed6\\u8bf4\\u5f97\\u771f\\u8bda\\uff0c\\u7edd\\u4e0d\\u662f\\u4f5c\\u4e3a\\u4e00\\u540d\\u827a\\u4eba\\u5728\\u8bb2\\u5ba2\\u5957\\u8bdd\\uff0c\\u800c\\u662f\\u5b9e\\u5b9e\\u5728\\u5728\\u7684\\u81ea\\u6211\\u8981\\u6c42\\u3002\\u4efb\\u4f55\\u884c\\u4e1a\\u90fd\\u9700\\u8981\\u8d23\\u4efb\\u611f\\uff0c\\u800c\\u6709\\u8d23\\u4efb\\u611f\\u7684\\u4eba\\uff0c\\u591a\\u534a\\u5fc3\\u91cc\\u660e\\u6717\\u3002\"},{\"type\":\"img\",\"src\":\"http:\\/\\/xinweifashion.test.yzjtech.com\\/uploads\\/20190414\\/46e40e7b1d4567cd81e884ccbd0075b8.jpg\",\"width\":640,\"height\":427,\"name\":3},{\"type\":\"text\",\"text\":\"\\u8fd9\\u4efd\\u8d23\\u4efb\\u611f\\u56e0\\u7740\\u5de5\\u4f5c\\u672c\\u8eab\\uff0c\\u8bb0\\u8005\\u52aa\\u529b\\u91c7\\u8bbf\\u3001\\u7a0b\\u5e8f\\u5458\\u52aa\\u529b\\u5199\\u4ee3\\u7801\\u3001\\u827a\\u4eba\\u52aa\\u529b\\u6f14\\u620f\\u505a\\u97f3\\u4e50\\uff0c\\u90fd\\u662f\\u4e00\\u56de\\u4e8b\\uff0c\\u5927\\u5bb6\\u90fd\\u8981\\u5bf9\\u81ea\\u5df1\\u7684\\u5de5\\u4f5c\\u548c\\u6240\\u5728\\u7684\\u56e2\\u961f\\u8d1f\\u8d23\\u3002\\u8fd9\\u4efd\\u8d23\\u4efb\\u611f\\u56e0\\u7740\\u559c\\u6b22\\u81ea\\u5df1\\u7684\\u4eba\\uff0c\\u201c\\u90a3\\u4e48\\u591a\\u4eba\\u652f\\u6301\\u6211\\u3001\\u9f13\\u52b1\\u6211\\uff0c\\u7ed9\\u6211\\u52a8\\u529b\\uff0c\\u770b\\u6211\\u6f14\\u7684\\u620f\\uff0c\\u542c\\u6211\\u7684\\u6f14\\u5531\\u4f1a\\uff0c\\u90a3\\u6211\\u4e0d\\u80fd\\u628a\\u81ea\\u8fc7\\u5f97\\u4e71\\u4e03\\u516b\\u7cdf\\u554a\\uff0c\\u6211\\u8981\\u8ba9\\u81ea\\u5df1\\u53d8\\u5f97\\u66f4\\u597d\\uff0c\\u600e\\u4e48\\u624d\\u80fd\\u66f4\\u597d\\uff1f\\u5c31\\u662f\\u4e3b\\u52a8\\u8981\\u6c42\\u81ea\\u5df1\\u4e0d\\u65ad\\u8fdb\\u6b65\\u3002\\u201d\\u8fd9\\u4efd\\u8d23\\u4efb\\u611f\\uff0c\\u8fd8\\u56e0\\u7740\\u5bb6\\u4eba\\uff0c\\u7528\\u8bb8\\u9b4f\\u6d32\\u81ea\\u5df1\\u7684\\u8bdd\\u8bf4\\uff0c24\\u5c81\\uff0c\\u5230\\u4e86\\u4e00\\u4e2a\\u8be5\\u6210\\u719f\\u3001\\u8be5\\u62c5\\u5f53\\u7684\\u5e74\\u7eaa\\u4e86\\uff0c\\u5e94\\u8be5\\u4e3b\\u52a8\\u53bb\\u627f\\u62c5\\u968f\\u7740\\u5e74\\u7eaa\\u800c\\u6765\\u7684\\u8d23\\u4efb\\uff0c\\u5176\\u4e2d\\u6700\\u91cd\\u8981\\u7684\\uff0c\\u5c31\\u662f\\u7236\\u6bcd\\u3002\\u201c\\u5bf9\\u4e8e\\u7236\\u6bcd\\u7684\\u8d23\\u4efb\\u5fc3\\u662f\\u5f88\\u5947\\u5999\\u7684\\uff0c\\u5c0f\\u65f6\\u5019\\u6211\\u4eec\\u5f80\\u5f80\\u610f\\u8bc6\\u4e0d\\u5230\\u8fd9\\u4efd\\u8d23\\u4efb\\u5fc3\\uff0c\\u90a3\\u65f6\\u6211\\u4eec\\u80fd\\u611f\\u53d7\\u5230\\u5e78\\u798f\\u3001\\u5feb\\u4e50\\u3001\\u4eb2\\u5bc6\\uff0c\\u4f46\\u662f\\u4e0d\\u4f1a\\u610f\\u8bc6\\u5230\\u8d23\\u4efb\\u5fc3\\u3002\\u5230\\u4e86\\u4e00\\u5b9a\\u5e74\\u7eaa\\uff0c\\u4e0d\\u7528\\u4eba\\u63d0\\u9192\\uff0c\\u8d23\\u4efb\\u5fc3\\u81ea\\u5df1\\u5c31\\u627e\\u4e0a\\u95e8\\u6765\\u4e86\\u3002\\u201d\"},{\"type\":\"text\",\"text\":\"\\u5f53\\u4e0b\\u7684\\u8bb8\\u9b4f\\u6d32\\uff0c\\u628a\\u4e00\\u5207\\u90fd\\u68b3\\u7406\\u5f97\\u6e05\\u695a\\u3002\\u5e74\\u5c11\\u6210\\u540d\\u53ca\\u5176\\u643a\\u5e26\\u800c\\u6765\\u7684\\u8d5e\\u8a89\\u548c\\u6279\\u8bc4\\uff0c\\u6743\\u5f53\\u662f\\u6628\\u65e5\\u8bdd\\u9898\\uff0c\\u4ed6\\u4e0d\\u4e3b\\u52a8\\u5173\\u6ce8\\uff0c\\u4e5f\\u4e0d\\u523b\\u610f\\u56de\\u907f\\u3002\\u201c\\u6211\\u4ece\\u6765\\u6ca1\\u6709\\u523b\\u610f\\u56de\\u907f\\u8fc7\\u4efb\\u4f55\\u6807\\u7b7e\\u3002\\u6211\\u6240\\u6536\\u83b7\\u7684\\uff0c\\u90fd\\u662f\\u6211\\u8fd9\\u4e00\\u8def\\u8d70\\u6765\\u7559\\u4e0b\\u7684\\uff0c\\u5766\\u5766\\u8361\\u8361\\u505a\\u4e8b\\u60c5\\uff0c\\u6ca1\\u6709\\u5fc5\\u8981\\u53bb\\u56de\\u907f\\u4ec0\\u4e48\\u3002\\u8e0f\\u8e0f\\u5b9e\\u5b9e\\u505a\\u4e00\\u4e2a\\u597d\\u4eba\\uff0c\\u5c31\\u597d\\u4e86\\u3002\\u201d\"},{\"type\":\"img\",\"src\":\"http:\\/\\/xinweifashion.test.yzjtech.com\\/uploads\\/20190414\\/7fcc4bfe37b7aa55861830737adbe181.jpg\",\"width\":640,\"height\":427,\"name\":4},{\"type\":\"text\",\"text\":\"\\u620f\\u91cc\\u3001\\u97f3\\u4e50\\u91cc\\u3001\\u751f\\u6d3b\\u4e2d\\uff0c\\u597d\\u4eba\\u8bb8\\u9b4f\\u6d32\\u6709\\u7740\\u4e0d\\u540c\\u7684\\u81ea\\u6211\\u8868\\u8fbe\\u65b9\\u5f0f\\u3002\\u751f\\u6d3b\\u4e2d\\u7684\\u4ed6\\u968f\\u6027\\uff0c\\u4ece\\u5c0f\\u5230\\u5927\\uff0c\\u662f\\u4ec0\\u4e48\\u6837\\u5c31\\u662f\\u4ec0\\u4e48\\u6837\\uff0c\\u73b0\\u5728\\u4ea6\\u5982\\u6b64\\uff1b\\u97f3\\u4e50\\u91cc\\uff0c\\u4e5f\\u662f\\u505a\\u81ea\\u5df1\\uff0c\\u4e0d\\u8fc7\\u662f\\u4ee5\\u4e0d\\u540c\\u7684\\u6837\\u8c8c\\u5448\\u73b0\\u2014\\u2014\\u5f20\\u626c\\u4e9b\\u3001\\u9177\\u4e00\\u4e9b\\uff0c\\u628a\\u6709\\u522b\\u4e8e\\u65e5\\u5e38\\u751f\\u6d3b\\u7684\\u7279\\u8d28\\u90fd\\u91ca\\u653e\\u5728\\u97f3\\u4e50\\u91cc\\uff1b\\u6f14\\u620f\\uff0c\\u90a3\\u5c31\\u66f4\\u591a\\u6837\\u4e86\\uff0c\\u662f\\u81ea\\u5df1\\u53c8\\u4e0d\\u662f\\u81ea\\u5df1\\uff0c\\u88ab\\u4ee3\\u5165\\u4e0d\\u540c\\u89d2\\u8272\\u3001\\u8be0\\u91ca\\u964c\\u751f\\u4eba\\u7684\\u6545\\u4e8b\\uff0c\\u96be\\u602a\\u8bb8\\u9b4f\\u6d32\\u5f3a\\u8c03\\uff0c\\u5bf9\\u5f85\\u8868\\u6f14\\u9700\\u8981\\u4e00\\u5b9a\\u7684\\u65b9\\u6cd5\\u548c\\u79ef\\u7d2f\\uff0c\\u8981\\u4e0d\\u65ad\\u6478\\u7d22\\u3001\\u5b66\\u4e60\\u3002\\u201c\\u4f60\\u77e5\\u9053\\u6211\\u4e3a\\u4ec0\\u4e48\\u90a3\\u4e48\\u559c\\u6b22\\u65c5\\u884c\\u5417\\uff1f\\u56e0\\u4e3a\\u65c5\\u884c\\u53ef\\u4ee5\\u62d3\\u5bbd\\u89c6\\u91ce\\uff0c\\u8fd8\\u6709\\u52a9\\u4e8e\\u8868\\u6f14\\u3002\\u867d\\u7136\\u73b0\\u5728\\u7f51\\u7edc\\u5f88\\u53d1\\u8fbe\\uff0c\\u8d44\\u8baf\\u4e0e\\u77e5\\u8bc6\\u7684\\u83b7\\u53d6\\u975e\\u5e38\\u4fbf\\u6377\\uff0c\\u4f46\\u6211\\u4eec\\u8fd8\\u662f\\u9700\\u8981\\u4eb2\\u81ea\\u8d70\\u51fa\\u53bb\\uff0c\\u53bb\\u611f\\u53d7\\u4e0d\\u540c\\u7684\\u98ce\\u571f\\u4eba\\u60c5\\uff0c\\u53bb\\u628a\\u964c\\u751f\\u7684\\u4e8b\\u7269\\u53d8\\u6210\\u81ea\\u5df1\\u7684\\u4eb2\\u8eab\\u7ecf\\u5386\\uff0c\\u6211\\u7684\\u5de5\\u4f5c\\u66f4\\u662f\\u9700\\u8981\\u6211\\u8fd9\\u4e48\\u505a\\uff0c\\u53bb\\u4f53\\u9a8c\\u522b\\u4eba\\u7684\\u751f\\u6d3b\\uff0c\\u7136\\u540e\\u518d\\u8f6c\\u6362\\u4e3a\\u81ea\\u5df1\\u7684\\u517b\\u5206\\u3002\\u201d\"},{\"type\":\"text\",\"text\":\"\\u5bf9\\u5f85\\u5de5\\u4f5c\\u3001\\u5bf9\\u5f85\\u751f\\u6d3b\\u3001\\u5bf9\\u5f85\\u81ea\\u5df1\\uff0c\\u8bb8\\u9b4f\\u6d32\\u771f\\u7684\\u662f\\u4e86\\u7136\\u4e8e\\u5fc3\\uff0c\\u514b\\u5236\\u5730\\u6e05\\u9192\\u7740\\u3002\\u4ed6\\u4ece\\u4e0d\\u8bb2\\u4ec0\\u4e48\\u5927\\u9053\\u7406\\uff0c\\u751a\\u81f3\\u81ea\\u5632\\u80f8\\u65e0\\u5927\\u5fd7\\uff0c\\u8fde\\u804c\\u4e1a\\u751f\\u6daf\\u5341\\u5e74\\u89c4\\u5212\\u4e4b\\u7c7b\\u7684\\u90fd\\u4e0d\\u505a\\uff0c\\u56e0\\u4e3a\\u53ea\\u8ba4\\u5b9a\\u4e00\\u4e2a\\u76ee\\u6807\\u2014\\u2014\\u5e0c\\u671b\\u81ea\\u5df1\\u88ab\\u8ba4\\u53ef\\u3002\\u201c\\u5982\\u679c\\u5728\\u8fd9\\u4efd\\u5e0c\\u671b\\u9762\\u524d\\u52a0\\u4e00\\u4e2a\\u671f\\u9650\\uff0c\\u6211\\u5e0c\\u671b\\u662f......\\u4e00\\u76f4\\u4e00\\u76f4\\uff0c\\u56e0\\u4e3a\\u6240\\u6709\\u5b8f\\u4f1f\\u7684\\u76ee\\u6807\\u6700\\u540e\\u90fd\\u662f\\u843d\\u5230\\u2018\\u88ab\\u8ba4\\u53ef\\u2019\\u4e0a\\u3002\\u4e00\\u5b9a\\u8981\\u6e05\\u695a\\u81ea\\u5df1\\u5728\\u505a\\u4ec0\\u4e48\\uff0c\\u5343\\u4e07\\u4e0d\\u8981\\u753b\\u86c7\\u6dfb\\u8db3\\u3002\\u6240\\u4ee5\\uff0c\\u4e0d\\u7740\\u6025\\uff0c\\u6162\\u6162\\u6765\\u5427\\uff01\\u201d\"},{\"type\":\"text\",\"text\":\"\\u662f\\u5440\\uff0c\\u6162\\u6162\\u6765\\u5427\\u3002\\u8fd8\\u5e74\\u8f7b\\u5462\\uff0c\\u624d24\\u5c81\\uff0c\\u65f6\\u5149\\u8fd8\\u5f88\\u957f\\uff0c\\u8fd8\\u6709\\u5f88\\u591a\\u620f\\u7b49\\u7740\\u4ed6\\u6765\\u6f14\\u3001\\u5f88\\u591a\\u6b4c\\u7b49\\u7740\\u4ed6\\u6765\\u5531\\u3002\\u8bb8\\u9b4f\\u6d32\\u534a\\u5f00\\u73a9\\u7b11\\u5730\\u8bf4\\uff0c\\u81ea\\u5df1\\u6700\\u5927\\u7684\\u4f18\\u70b9\\u662f\\u4e50\\u89c2\\uff0c\\u6700\\u5927\\u7684\\u7f3a\\u70b9\\u662f\\u592a\\u4e50\\u89c2\\u3002\\u56e0\\u4e3a\\u4e50\\u89c2\\uff0c\\u4ed6\\u63a5\\u53d7\\u4e86\\u8fd9\\u6837\\u90a3\\u6837\\u7684\\u53ef\\u80fd\\u6027\\uff0c\\u628a\\u81ea\\u5df1\\u6253\\u78e8\\u5f97\\u575a\\u6bc5\\uff1b\\u56e0\\u4e3a\\u592a\\u4e50\\u89c2\\uff0c\\u4ed6\\u4e60\\u60ef\\u4e86\\u9ad8\\u6807\\u51c6\\uff0c\\u751a\\u81f3\\u90fd\\u4e0d\\u61c2\\u5f97\\u8981\\u600e\\u6837\\u4e0d\\u4e25\\u683c\\u8981\\u6c42\\u81ea\\u5df1\\u3002\\u4e0d\\u8fc7\\u8fd9\\u6837\\u4e5f\\u597d\\uff0c\\u5bf9\\u4e8e\\u64c5\\u957f\\u81ea\\u7701\\u4e14\\u5fc3\\u5982\\u660e\\u955c\\u7684\\u4ed6\\u800c\\u8a00\\uff0c\\u4f55\\u4e50\\u800c\\u4e0d\\u4e3a\\u5462\\uff1f\"},{\"type\":\"img\",\"src\":\"http:\\/\\/xinweifashion.test.yzjtech.com\\/uploads\\/20190414\\/171ffa36379f34f0588d30db922df356.jpg\",\"width\":640,\"height\":984,\"name\":5},{\"type\":\"text\",\"text\":\"\\u65b0\\u5e74\\u65b0\\u6c14\\u8c61\\u3002\\u6bcf\\u4e00\\u6b21\\u8fce\\u65b0\\uff0c\\u6211\\u4eec\\u90fd\\u6ee1\\u6000\\u671f\\u5f85\\u80fd\\u591f\\u4e0e\\u672a\\u77e5\\u7684\\u7f8e\\u597d\\u649e\\u4e2a\\u6ee1\\u6000\\u3002\\u5728\\u5d2d\\u65b0\\u76842019\\u5e74\\uff0c\\u6615\\u5c0f\\u8587\\u63d0\\u95ee\\u4e86\\u8bb8\\u9b4f\\u6d32\\u51e0\\u4e2a\\u6e29\\u6696\\u7684\\u95ee\\u9898\\uff0c\\u4e00\\u8d77\\u6765\\u770b\\u770b\\u4ed6\\u662f\\u600e\\u4e48\\u56de\\u7b54\\u7684\\u5427\\u3002\"},{\"type\":\"text\",\"text\":\"\\u4f60\\u4f1a\\u5728\\u610f\\u751f\\u6d3b\\u4e2d\\u7684\\u4e00\\u4e9b\\u4eea\\u5f0f\\u611f\\u5417\\uff1f\"},{\"type\":\"text\",\"text\":\"\\u4f1a\\u7684\\uff0c\\u6211\\u89c9\\u5f97\\u751f\\u6d3b\\u9700\\u8981\\u4eea\\u5f0f\\u611f\\u3002\\u62ff\\u6700\\u5bfb\\u5e38\\u7684\\u5403\\u996d\\u8bb2\\uff0c\\u6211\\u4eec\\u7684\\u56db\\u83dc\\u4e00\\u6c64\\uff0c\\u7897\\u789f\\u7b77\\u5b50\\u7528\\u5fc3\\u6446\\u653e\\uff1b\\u5916\\u56fd\\u4eba\\u7684\\u70db\\u5149\\u665a\\u9910\\uff0c\\u4ece\\u9910\\u5177\\u5230\\u7a7f\\u7740\\u90fd\\u8bb2\\u7a76\\uff1b\\u5f88\\u591a\\u70ed\\u95e8\\u9910\\u5385\\u9700\\u8981\\u9884\\u5b9a\\uff0c\\u6709\\u4eba\\u5acc\\u9884\\u5b9a\\u9ebb\\u70e6\\uff0c\\u6211\\u5012\\u662f\\u89c9\\u5f97\\u201c\\u9884\\u5b9a\\u201d\\u672c\\u8eab\\u4e5f\\u662f\\u4eea\\u5f0f\\u611f\\u7684\\u4e00\\u90e8\\u5206\\uff0c\\u5f88\\u6709\\u610f\\u601d\\u3002\\u6b63\\u56e0\\u4e3a\\u4eea\\u5f0f\\u611f\\u7684\\u5b58\\u5728\\uff0c\\u624d\\u4f1a\\u5e26\\u7ed9\\u751f\\u6d3b\\u66f4\\u591a\\u671f\\u5f85\\u3002\"},{\"type\":\"text\",\"text\":\"\\u4e2d\\u56fd\\u4eba\\u6700\\u5bcc\\u4eea\\u5f0f\\u611f\\u7684\\u8282\\u65e5\\u4e4b\\u4e00\\u5c31\\u662f\\u6625\\u8282\\u3002\\u4e0e\\u6211\\u4eec\\u5206\\u4eab\\u4e00\\u4e0b\\u4f60\\u6bcf\\u5e74\\u8fc7\\u6625\\u8282\\u7684\\u4e60\\u60ef\\u548c\\u671f\\u5f85\\u5427~\"},{\"type\":\"text\",\"text\":\"\\u6211\\u51fa\\u9053\\u4e4b\\u540e\\u7684\\u6625\\u8282\\u90fd\\u5f88\\u5e78\\u8fd0\\uff0c\\u90fd\\u662f\\u966a\\u4f34\\u5728\\u5bb6\\u4eba\\u8eab\\u8fb9\\u7684\\u3002\\u4e00\\u6b21\\u662f\\u5168\\u5bb6\\u4eb2\\u621a\\u8001\\u5c0f\\u5728\\u4e0a\\u6d77\\u8fc7\\u5e74\\uff0c\\u6b22\\u805a\\u4e00\\u5802\\uff0c\\u5403\\u6700\\u4f20\\u7edf\\u7684\\u5e74\\u591c\\u996d\\uff1b\\u8fd8\\u6709\\u4e00\\u6b21\\u662f\\u6211\\u548c\\u7238\\u5988\\u53bb\\u65e5\\u672c\\u65c5\\u884c\\u3002\\u6211\\u89c9\\u5f97\\u6625\\u8282\\u662f\\u9700\\u8981\\u56e2\\u5706\\u6c14\\u6c1b\\u7684\\uff0c\\u8fd9\\u662f\\u4f20\\u7edf\\u3002\\u6211\\u5bf9\\u4e8e\\u5f88\\u591a\\u4f20\\u7edf\\u662f\\u975e\\u5e38\\u575a\\u6301\\u7684\\uff0c\\u597d\\u7684\\u4f20\\u7edf\\u4e00\\u5b9a\\u8981\\u4fdd\\u7559\\u3002\"},{\"type\":\"text\",\"text\":\"\\u5206\\u4eab\\u4e00\\u4e0b\\u548c\\u5bb6\\u4eba\\u5728\\u4e00\\u8d77\\u65f6\\u7684\\u751c\\u871c\\u7f8e\\u597d\\u5427~\"},{\"type\":\"text\",\"text\":\"\\u548c\\u5bb6\\u4eba\\u4e00\\u8d77\\u5403\\u987f\\u996d\\uff0c\\u5c31\\u5f88\\u5f00\\u5fc3\\u3002\\u7ed3\\u675f\\u5de5\\u4f5c\\uff0c\\u56de\\u5230\\u5bb6\\uff0c\\u4e00\\u5bb6\\u4eba\\u4e00\\u8d77\\u770b\\u770b\\u65b0\\u95fb\\u3001\\u7535\\u89c6\\u5267\\uff0c\\u5403\\u7740\\u5bb6\\u5e38\\u83dc\\uff0c\\u5c31\\u975e\\u5e38\\u7f8e\\u597d\\u3002\\u6700\\u5e73\\u5e38\\u7684\\u5c31\\u662f\\u6700\\u5e78\\u798f\\u7684\\u3002\\u6211\\u5988\\u5988\\u70e7\\u7684\\u83dc\\u5f88\\u597d\\u5403\\u3002\\u4e0a\\u6d77\\u4eba\\u505a\\u83dc\\u5f88\\u559c\\u6b22\\u653e\\u70b9\\u7cd6\\uff0c\\u7092\\u9752\\u83dc\\u3001\\u716e\\u6392\\u9aa8\\u3001\\u7096\\u6c64\\u90fd\\u4e0d\\u4f8b\\u5916\\u3002\\u554a\\uff0c\\u6240\\u4ee5\\u548c\\u5bb6\\u4eba\\u7684\\u7f8e\\u597d\\uff0c\\u662f\\u751c\\u751c\\u7684\\u3002\"},{\"type\":\"text\",\"text\":\"\\u6700\\u60f3\\u4e3a\\u5bb6\\u4eba\\u505a\\u7684\\u4e8b\\u60c5\\u662f\\u4ec0\\u4e48\\uff1f\"},{\"type\":\"text\",\"text\":\"\\u613f\\u4ed6\\u4eec\\u8eab\\u4f53\\u5065\\u5eb7\\uff0c\\u6bcf\\u5929\\u5f00\\u5f00\\u5fc3\\u5fc3\\u3002\\u6323\\u94b1\\u517b\\u5bb6\\u7684\\u4e8b\\u5c31\\u4ea4\\u7ed9\\u6211\\u5566\\uff0c\\u4ed6\\u4eec\\u8d1f\\u8d23\\u5f00\\u5fc3\\u5c31\\u597d\\u3002\"},{\"type\":\"text\",\"text\":\"\\u8c01\\u662f\\u4f60\\u5fc3\\u91cc\\u7684\\u699c\\u6837\\uff1f\"},{\"type\":\"text\",\"text\":\"\\u6211\\u7684\\u5916\\u5a46\\u3002\\u6211\\u5c0f\\u7684\\u65f6\\u5019\\uff0c\\u7236\\u6bcd\\u5de5\\u4f5c\\u5f88\\u5fd9\\uff0c\\u6211\\u662f\\u5916\\u5a46\\u5e26\\u5927\\u7684\\uff0c\\u4ece\\u5979\\u8eab\\u4e0a\\u6211\\u5b66\\u5230\\u5f88\\u591a\\u3002\\u6211\\u5916\\u5a46\\u975e\\u5e38\\u8282\\u4fed\\uff0c\\u4ece\\u5c0f\\u8ddf\\u5728\\u5979\\u8eab\\u8fb9\\uff0c\\u6211\\u517b\\u6210\\u4e86\\u4e00\\u4e2a\\u4e60\\u60ef\\uff0c\\u5c31\\u662f\\u968f\\u624b\\u5173\\u706f\\u3002\\u6211\\u89c1\\u4e0d\\u5f97\\u706f\\u88ab\\u968f\\u4fbf\\u5f00\\u7740\\uff0c\\u770b\\u5230\\u706f\\u4eae\\u7740\\u5c31\\u60f3\\u5173\\uff0c\\u79bb\\u5f00\\u4e00\\u4e2a\\u623f\\u95f4\\u5c31\\u672c\\u80fd\\u5730\\u4f38\\u624b\\u53bb\\u5173\\u706f\\uff0c\\u54c8\\u54c8\\u3002\"},{\"type\":\"text\",\"text\":\"2019\\u5e74\\u4f60\\u6709\\u54ea\\u4e9b\\u65b0\\u8ba1\\u5212\\uff1f\\u548c\\u6211\\u4eec\\u5206\\u4eab\\u4e00\\u4e0b\\u5427~\"},{\"type\":\"text\",\"text\":\"\\u65b0\\u7684\\u4e00\\u5e74\\u6211\\u4f1a\\u66f4\\u4fa7\\u91cd\\u6f14\\u620f\\uff0c\\u4e89\\u53d6\\u591a\\u79ef\\u7d2f\\u4e00\\u4e9b\\u5f71\\u89c6\\u4f5c\\u54c1\\uff0c\\u591a\\u5b66\\u4e60\\uff1b\\u97f3\\u4e50\\u65b9\\u9762\\uff0c\\u4f1a\\u7ee7\\u7eed\\u575a\\u6301\\u6211\\u7231\\u7684\\u6447\\u6eda\\u3002\"}]', '2', '40', '0', '1', 'style,许魏洲', '1', '1556151751', '1555216139', '1');
INSERT INTO `xw_news_info` VALUES ('18', '1', '1', '资讯标题', '', 'http://xinweifashion.test.yzjtech.com/uploads/20190419/0687589425b652c6dede89fee21659ad.jpg', '[{\"type\":\"img\",\"src\":\"http://www.xinwei.tv/uploadfile/2018/1015/thumb_380_251_20181015050326595.png\",\"width\":\"380\",\"height\":\"380\"},{\"type\":\"text\",\"text\":\"这是第一段的文本内容\"},{\"type\":\"img\",\"src\":\"http://www.xinwei.tv/uploadfile/2018/1015/thumb_380_251_20181015050326595.png\",\"width\":\"380\",\"height\":\"380\"},{\"type\":\"text\",\"text\":\"这是第二段文本内容，文本内容\"},{\"type\":\"text\",\"text\":\"这是第三段文本内容，文本内容\"}]', '0', '0', '0', '1', '标签', '-1', '1555668855', '1555657508', '1');
INSERT INTO `xw_news_info` VALUES ('11', '1', '1', '资讯标题', '', '1.jpg', '[{\"type\":\"text\",\"text\":\"这是第一段的文本内容\"},{\"type\":\"text\",\"text\":\"这是第二段文本内容，文本内容\"},{\"type\":\"img\",\"src\":\"http://www.xinwei.tv/uploadfile/2018/1015/thumb_380_251_20181015050326595.png\\\" height=\\\"241\\\" width=\\\"380\\\">这是第三段文本内容，文本内容\"}]', '0', '0', '0', '1', '标签', '-1', '1555496418', '1555495366', '1');
INSERT INTO `xw_news_info` VALUES ('12', '1', '1', '资讯标题', '', '1.jpg', '[{\"type\":\"img\",\"src\":\"http://www.xinwei.tv/uploadfile/2018/1015/thumb_380_251_20181015050326595.png\\\" height=\\\"241\\\" width=\\\"380\\\">这是第一段的文本内容\"},{\"type\":\"img\",\"src\":\"http://www.xinwei.tv/uploadfile/2018/1015/thumb_380_251_20181015050326595.png\\\" height=\\\"241\\\" width=\\\"380\\\">这是第二段文本内容，文本内容\"},{\"type\":\"text\",\"text\":\"这是第三段文本内容，文本内容11\"}]', '0', '0', '0', '5', '标签', '-1', '1555496909', '1555496520', '1');
INSERT INTO `xw_news_info` VALUES ('13', '1', '1', '资讯标题', '', '1.jpg', '[{\"type\":\"img\",\"src\":\"http://www.xinwei.tv/uploadfile/2018/1015/thumb_380_251_20181015050326595.png\\\" height=\\\"241\\\" width=\\\"380\\\">这是第一段的文本内容\"},{\"type\":\"img\",\"src\":\"http://www.xinwei.tv/uploadfile/2018/1015/thumb_380_251_20181015050326595.png\\\" height=\\\"241\\\" width=\\\"380\\\">这是第二段文本内容，文本内容\"},{\"type\":\"text\",\"text\":\"这是第三段文本内容，文本内容\"}]', '0', '0', '0', '5', '标签', '-1', '1555497409', '1555496978', '1');
INSERT INTO `xw_news_info` VALUES ('14', '1', '1', '资讯标题', '', '1.jpg', '[{\"type\":\"img\",\"src\":\"http://www.xinwei.tv/uploadfile/2018/1015/thumb_380_251_20181015050326595.png\\\" height=\\\"241\\\" width=\\\"380\"},{\"type\":\"text\",\"text\":\"这是第一段的文本内容\"},{\"type\":\"img\",\"src\":\"http://www.xinwei.tv/uploadfile/2018/1015/thumb_380_251_20181015050326595.png\\\" height=\\\"241\\\" width=\\\"380\"},{\"type\":\"text\",\"text\":\"这是第二段文本内容，文本内容\"},{\"type\":\"text\",\"text\":\"这是第三段文本内容，文本内容\"}]', '0', '0', '0', '5', '标签', '-1', '1555497378', '1555497117', '1');
INSERT INTO `xw_news_info` VALUES ('15', '1', '1', '资讯标题', '', '1.jpg', '[{\"type\":\"img\",\"src\":\"http://www.xinwei.tv/uploadfile/2018/1015/thumb_380_251_20181015050326595.png\\\" height=\\\"241\\\" width=\\\"380\"},{\"type\":\"text\",\"text\":\"这是第一段的文本内容\"},{\"type\":\"img\",\"src\":\"http://www.xinwei.tv/uploadfile/2018/1015/thumb_380_251_20181015050326595.png\\\" height=\\\"241\\\" width=\\\"380\"},{\"type\":\"text\",\"text\":\"这是第二段文本内容，文本内容\"},{\"type\":\"text\",\"text\":\"这是第三段文本内容，文本内容11\"}]', '0', '0', '0', '5', '标签', '-1', '1555497316', '1555497156', '1');
INSERT INTO `xw_news_info` VALUES ('16', '1', '1', '资讯标题', '', '1.jpg', '[{\"type\":\"img\",\"src\":\"http://www.xinwei.tv/uploadfile/2018/1015/thumb_380_251_20181015050326595.png\\\" height=\\\"241\\\" width=\\\"380\"},{\"type\":\"text\",\"text\":\"这是第一段的文本内容\"},{\"type\":\"img\",\"src\":\"http://www.xinwei.tv/uploadfile/2018/1015/thumb_380_251_20181015050326595.png\\\" height=\\\"241\\\" width=\\\"380\"},{\"type\":\"text\",\"text\":\"这是第二段文本内容，文本内容\"},{\"type\":\"text\",\"text\":\"这是第三段文本内容，文本内容11\"}]', '0', '0', '0', '5', '标签', '-1', '1555497874', '1555497446', '1');
INSERT INTO `xw_news_info` VALUES ('17', '1', '1', '资讯标题', '', 'http://xinweifashion.test.yzjtech.com/uploads/20190419/3af848d8ca562b1c937d44a758ef179e.jpg', '[{\"type\":\"img\",\"src\":\"http://www.xinwei.tv/uploadfile/2018/1015/thumb_380_251_20181015050326595.png\",\"width\":\"380\",\"height\":\"380\"},{\"type\":\"text\",\"text\":\"这是第一段的文本内容\"},{\"type\":\"img\",\"src\":\"http://www.xinwei.tv/uploadfile/2018/1015/thumb_380_251_20181015050326595.png\",\"width\":\"380\",\"height\":\"380\"},{\"type\":\"text\",\"text\":\"这是第二段文本内容，文本内容\"},{\"type\":\"text\",\"text\":\"这是第三段文本内容，文本内容\"}]', '0', '0', '0', '1', '标签', '-1', '1555668851', '1555498686', '1');
INSERT INTO `xw_news_info` VALUES ('20', '1', '1', '这是一条', '', '', '[{\"type\":\"text\",\"text\":\"这是一条这是一条\"},{\"type\":\"img\",\"src\":\"http://xinweifashion.test.yzjtech.com/uploads/20190419/9cbcfbc200b8b656aacb3fc9a9981737.jpg\",\"width\":0,\"height\":0}]', '0', '0', '0', '1', '标签', '-1', '1555668824', '1555668449', '1');
INSERT INTO `xw_news_info` VALUES ('19', '1', '1', '资讯标题', '', 'http://xinweifashion.test.yzjtech.com/uploads/20190419/9836eff583852dac953f2479186a201c.jpg', '[{\"type\":\"img\",\"src\":\"http://www.xinwei.tv/uploadfile/2018/1015/thumb_380_251_20181015050326595.png\",\"width\":\"380\",\"height\":\"380\"},{\"type\":\"text\",\"text\":\"这是第一段的文本内容\"},{\"type\":\"img\",\"src\":\"http://www.xinwei.tv/uploadfile/2018/1015/thumb_380_251_20181015050326595.png\",\"width\":\"380\",\"height\":\"380\"},{\"type\":\"text\",\"text\":\"这是第二段文本内容，文本内容\"},{\"type\":\"text\",\"text\":\"这是第三段文本内容，文本内容\"}]', '0', '0', '0', '1', '标签', '-1', '1555668803', '1555657690', '1');
INSERT INTO `xw_news_info` VALUES ('21', '1', '1', '这是一条新的资讯', '', '', '[{\"type\":\"text\",\"text\":\"这是一张图\"},\"<img src=\\\"http://xinweifashion.test.yzjtech.com/uploads/20190419/6e76fccaa3c3064bbfc8a39b3e1f8234.jpg\\\">\",{\"type\":\"text\",\"text\":\"\"}]', '0', '0', '0', '1', '标签', '-1', '1555673200', '1555673006', '1');
INSERT INTO `xw_news_info` VALUES ('22', '1', '4', '技术测试，如有报错请忽略', 'http://xinweifashion.test.yzjtech.com/uploads/20190426/6a5379116a0ef3b25e462cb0bd3a1632.png', 'http://xinweifashion.test.yzjtech.com/uploads/20190426/5f4a8dd4d395c2a8a7d2eed8ade6dacd.png', '[{\"type\":\"img\",\"src\":\"http://xinweifashion.test.yzjtech.com/uploads/20190426/1f9f441a3004939eb391af225f16acbf.png\",\"width\":\"1333\",\"height\":\"518\"},{\"type\":\"text\",\"text\":\"测试测试\"}]', '0', '3', '0', '2', '测试,bug', '-1', '1556263895', '1556263415', '1');
INSERT INTO `xw_news_info` VALUES ('23', '1', '4', '立体小颜养成法则', 'http://xinwei-oss-aliyun.oss-cn-beijing.aliyuncs.com/community/201904280855501876_300_600.jpg', 'http://xinwei-oss-aliyun.oss-cn-beijing.aliyuncs.com/community/201904281225247171_300_600.jpg', '[{\"type\":\"text\",\"text\":\"冬到春的过度时节，人体的代谢逐渐缓慢，带来浮肿等面部肌肤问题。爱美的你可以通过按摩和借助产品滋养的方法紧实面部、消除浮肿，在这个春天，收获完美的小颜吧！\"},{\"type\":\"img\",\"src\":\"http://xinwei-oss-aliyun.oss-cn-beijing.aliyuncs.com/community/201904280856432453_300_600.jpg\",\"width\":\"640\",\"height\":\"600\"},{\"type\":\"img\",\"src\":\"http://xinwei-oss-aliyun.oss-cn-beijing.aliyuncs.com/community/201904280857009806_300_600.jpg\",\"width\":\"640\",\"height\":\"640\"},{\"type\":\"img\",\"src\":\"http://xinwei-oss-aliyun.oss-cn-beijing.aliyuncs.com/community/201904280857397428_300_600.jpg\",\"width\":\"640\",\"height\":\"640\"},{\"type\":\"text\",\"text\":\"立竿见影的小颜按摩法:自己在家就可以轻松完成\"},{\"type\":\"text\",\"text\":\"效果明显的小颜整骨按摩坚持按摩2-3周，你会感觉到肌肤明显得到提升，肤质更有光泽也更加细腻，而且脸真的在视觉上有变小哦。\"},{\"type\":\"img\",\"src\":\"http://xinwei-oss-aliyun.oss-cn-beijing.aliyuncs.com/community/201904280858272845_300_600.jpg\",\"width\":\"640\",\"height\":\"640\"},{\"type\":\"img\",\"src\":\"http://xinwei-oss-aliyun.oss-cn-beijing.aliyuncs.com/community/201904280859247734_300_600.jpg\",\"width\":\"640\",\"height\":\"640\"},{\"type\":\"img\",\"src\":\"http://xinwei-oss-aliyun.oss-cn-beijing.aliyuncs.com/community/201904280859426553_300_600.jpg\",\"width\":\"640\",\"height\":\"640\"},{\"type\":\"img\",\"src\":\"http://xinwei-oss-aliyun.oss-cn-beijing.aliyuncs.com/community/201904280900021977_300_600.jpg\",\"width\":\"640\",\"height\":\"640\"},{\"type\":\"img\",\"src\":\"http://xinwei-oss-aliyun.oss-cn-beijing.aliyuncs.com/community/201904280900278588_300_600.jpg\",\"width\":\"640\",\"height\":\"640\"},{\"type\":\"img\",\"src\":\"http://xinwei-oss-aliyun.oss-cn-beijing.aliyuncs.com/community/201904280900428442_300_600.jpg\",\"width\":\"640\",\"height\":\"640\"},{\"type\":\"img\",\"src\":\"http://xinwei-oss-aliyun.oss-cn-beijing.aliyuncs.com/community/201904280900587927_300_600.jpg\",\"width\":\"640\",\"height\":\"640\"},{\"type\":\"img\",\"src\":\"http://xinwei-oss-aliyun.oss-cn-beijing.aliyuncs.com/community/201904280901174606_300_600.jpg\",\"width\":\"640\",\"height\":\"640\"},{\"type\":\"img\",\"src\":\"http://xinwei-oss-aliyun.oss-cn-beijing.aliyuncs.com/community/201904280901368513_300_600.jpg\",\"width\":\"640\",\"height\":\"640\"},{\"type\":\"img\",\"src\":\"http://xinwei-oss-aliyun.oss-cn-beijing.aliyuncs.com/community/201904280901588774_300_600.jpg\",\"width\":\"640\",\"height\":\"640\"},{\"type\":\"img\",\"src\":\"http://xinwei-oss-aliyun.oss-cn-beijing.aliyuncs.com/community/201904280902199578_300_600.jpg\",\"width\":\"640\",\"height\":\"640\"},{\"type\":\"img\",\"src\":\"http://xinwei-oss-aliyun.oss-cn-beijing.aliyuncs.com/community/201904280902536646_300_600.jpg\",\"width\":\"640\",\"height\":\"640\"},{\"type\":\"img\",\"src\":\"http://xinwei-oss-aliyun.oss-cn-beijing.aliyuncs.com/community/201904280903136801_300_600.jpg\",\"width\":\"640\",\"height\":\"640\"},{\"type\":\"text\",\"text\":\"↑用手指沿着锁骨线条轻压按摩，加深锁骨线条。\"},{\"type\":\"img\",\"src\":\"http://xinwei-oss-aliyun.oss-cn-beijing.aliyuncs.com/community/201904280903333818_300_600.jpg\",\"width\":\"640\",\"height\":\"640\"},{\"type\":\"img\",\"src\":\"http://xinwei-oss-aliyun.oss-cn-beijing.aliyuncs.com/community/201904280903488838_300_600.jpg\",\"width\":\"640\",\"height\":\"640\"},{\"type\":\"text\",\"text\":\"舒缓&紧致头皮的按摩方法\"},{\"type\":\"text\",\"text\":\"长时间工作、学习等都会令头部和颈部疲惫不适，在按摩完面部后，可以使用头皮按摩膏轻柔按摩，舒缓并紧致头皮。\"},{\"type\":\"img\",\"src\":\"http://xinwei-oss-aliyun.oss-cn-beijing.aliyuncs.com/community/201904280904325462_300_600.jpg\",\"width\":\"640\",\"height\":\"640\"},{\"type\":\"img\",\"src\":\"http://xinwei-oss-aliyun.oss-cn-beijing.aliyuncs.com/community/201904280904479984_300_600.jpg\",\"width\":\"640\",\"height\":\"640\"},{\"type\":\"img\",\"src\":\"http://xinwei-oss-aliyun.oss-cn-beijing.aliyuncs.com/community/201904280905025884_300_600.jpg\",\"width\":\"640\",\"height\":\"640\"},{\"type\":\"img\",\"src\":\"http://xinwei-oss-aliyun.oss-cn-beijing.aliyuncs.com/community/201904280905073227_300_600.jpg\",\"width\":\"640\",\"height\":\"640\"},{\"type\":\"img\",\"src\":\"http://xinwei-oss-aliyun.oss-cn-beijing.aliyuncs.com/community/201904280905264279_300_600.jpg\",\"width\":\"640\",\"height\":\"640\"},{\"type\":\"img\",\"src\":\"http://xinwei-oss-aliyun.oss-cn-beijing.aliyuncs.com/community/201904280905345596_300_600.jpg\",\"width\":\"640\",\"height\":\"640\"},{\"type\":\"img\",\"src\":\"http://xinwei-oss-aliyun.oss-cn-beijing.aliyuncs.com/community/201904280905406367_300_600.jpg\",\"width\":\"640\",\"height\":\"640\"},{\"type\":\"img\",\"src\":\"http://xinwei-oss-aliyun.oss-cn-beijing.aliyuncs.com/community/201904280906002643_300_600.jpg\",\"width\":\"640\",\"height\":\"640\"},{\"type\":\"text\",\"text\":\"↑用双手指腹按压耳后至锁骨部位，最后按压肩颈处，放松颈部的疲惫感。\"}]', '0', '6', '0', '1', '立体小颜', '1', '1556425526', '1556413627', '0');
INSERT INTO `xw_news_info` VALUES ('29', '1', '4', '“光与影”的魔法打造立体小颜', 'http://xinwei-oss-aliyun.oss-cn-beijing.aliyuncs.com/community/201904281409047041_300_600.jpg', 'http://xinwei-oss-aliyun.oss-cn-beijing.aliyuncs.com/community/201904281408517183_300_600.jpg', '[{\"type\":\"text\",\"text\":\"“光于影”对于打造立体小颜来说，充当着非常重要的角色。不仅能够令肌肤显得通透亮泽还可以在塑造立体感的同时令脸部显得更小巧。\"},{\"type\":\"img\",\"src\":\"http://xinwei-oss-aliyun.oss-cn-beijing.aliyuncs.com/community/201904281409477372_300_600.jpg\",\"width\":\"640\",\"height\":\"640\"},{\"type\":\"text\",\"text\":\"↑米色纱质衬衫/CHICTOPIA 参考店内价格。\"},{\"type\":\"text\",\"text\":\"局部高光打造引人瞩目的亮泽感宛如施展了光影的魔法！T区和眼下是最常见的高光区域，令肌肤呈现出自然又亮眼的光泽。高光主要集中在T区到达眼下的苹果肌部位，先使用高光棒少量涂抹于T区和眼下的C区，用刷子蘸取高光粉轻扫，肌肤就会呈现出自然的光泽感。\"},{\"type\":\"img\",\"src\":\"http://xinwei-oss-aliyun.oss-cn-beijing.aliyuncs.com/community/201904281410102142_300_600.jpg\",\"width\":\"960\",\"height\":\"640\"},{\"type\":\"text\",\"text\":\"↑选择具有微微珠光的妆前乳进行打底，提亮肤色并增加透明感\"},{\"type\":\"img\",\"src\":\"http://xinwei-oss-aliyun.oss-cn-beijing.aliyuncs.com/community/201904281412284887_300_600.jpg\",\"width\":\"960\",\"height\":\"640\"},{\"type\":\"text\",\"text\":\"↑先使用适合肤色的粉底液涂抹，再选择稍深的粉底液涂抹在轮廓处。\"},{\"type\":\"img\",\"src\":\"http://xinwei-oss-aliyun.oss-cn-beijing.aliyuncs.com/community/201904281412408442_300_600.jpg\",\"width\":\"960\",\"height\":\"640\"},{\"type\":\"text\",\"text\":\"↑用手指蘸取浅色遮瑕膏在眼下区域轻轻拍打按压，进行提亮。\"},{\"type\":\"img\",\"src\":\"http://xinwei-oss-aliyun.oss-cn-beijing.aliyuncs.com/community/201904281412532956_300_600.jpg\",\"width\":\"960\",\"height\":\"640\"},{\"type\":\"text\",\"text\":\"↑将高光斜向涂抹在眼下的苹果肌处，打造适度的光泽感。\"},{\"type\":\"img\",\"src\":\"http://xinwei-oss-aliyun.oss-cn-beijing.aliyuncs.com/community/201904281413025350_300_600.jpg\",\"width\":\"960\",\"height\":\"640\"},{\"type\":\"text\",\"text\":\"↑用高光刷蘸取高光粉涂抹在T区，令鼻子线条更加具有立体感。\"},{\"type\":\"img\",\"src\":\"http://xinwei-oss-aliyun.oss-cn-beijing.aliyuncs.com/community/201904281413191729_300_600.jpg\",\"width\":\"960\",\"height\":\"640\"},{\"type\":\"text\",\"text\":\"↑用刷子由苹果肌处向太阳穴方向斜向涂抹高光，进行自然过度。\"},{\"type\":\"img\",\"src\":\"http://xinwei-oss-aliyun.oss-cn-beijing.aliyuncs.com/community/201904281413359504_300_600.jpg\",\"width\":\"960\",\"height\":\"640\"},{\"type\":\"text\",\"text\":\"↑将刷子上的余粉涂抹在下巴处进行提亮，平衡整个脸部的重心。\"},{\"type\":\"img\",\"src\":\"http://xinwei-oss-aliyun.oss-cn-beijing.aliyuncs.com/community/201904281413494677_300_600.jpg\",\"width\":\"960\",\"height\":\"640\"},{\"type\":\"text\",\"text\":\"↑用粉扑轻轻按压整个面部，令底妆更加服帖，与肌肤更好的相融。\"},{\"type\":\"img\",\"src\":\"http://xinwei-oss-aliyun.oss-cn-beijing.aliyuncs.com/community/201904281413561773_300_600.jpg\",\"width\":\"640\",\"height\":\"600\"},{\"type\":\"text\",\"text\":\"↑粉色波浪边长裙/KEEPSAKE参考店内价格。\"},{\"type\":\"text\",\"text\":\"\"},{\"type\":\"text\",\"text\":\"轻松打造出面部的轮廓感！突出脸中央&强调轮廓，打造宛如外国人般的立体脸型是打造自然小颜的秘诀！可以将阴影粉轻柔地涂抹在面部轮廓、额头等处，用具有修容功效的腮红对面部进行修饰，再按照上一页的方法涂抹高光。利用高光和阴影的双重作用，演绎出自然的立体小颜。\"},{\"type\":\"text\",\"text\":\"\"},{\"type\":\"text\",\"text\":\"HOW TO MAKE UP\"},{\"type\":\"img\",\"src\":\"http://xinwei-oss-aliyun.oss-cn-beijing.aliyuncs.com/community/201904281414281495_300_600.jpg\",\"width\":\"800\",\"height\":\"533\"},{\"type\":\"text\",\"text\":\"01 涂抹粉底液\"},{\"type\":\"text\",\"text\":\"↑选择和肤色相近颜色的粉底液进行打底，打造素肌感。\"},{\"type\":\"img\",\"src\":\"http://xinwei-oss-aliyun.oss-cn-beijing.aliyuncs.com/community/201904281414411785_300_600.jpg\",\"width\":\"800\",\"height\":\"533\"},{\"type\":\"text\",\"text\":\"02 提亮眼下肤色\"},{\"type\":\"text\",\"text\":\"↑用浅一个色号的遮瑕膏涂抹于眼睛下方，提亮肤色。\"},{\"type\":\"img\",\"src\":\"http://xinwei-oss-aliyun.oss-cn-beijing.aliyuncs.com/community/201904281414571125_300_600.jpg\",\"width\":\"800\",\"height\":\"533\"},{\"type\":\"text\",\"text\":\"03 涂抹修容产品\"},{\"type\":\"text\",\"text\":\"↑使用修容膏沿着面部轮廓涂抹，在视觉上令脸部变小。\"},{\"type\":\"img\",\"src\":\"http://xinwei-oss-aliyun.oss-cn-beijing.aliyuncs.com/community/201904281415064817_300_600.jpg\",\"width\":\"800\",\"height\":\"533\"},{\"type\":\"text\",\"text\":\"04 注意晕染自然\"},{\"type\":\"text\",\"text\":\"↑用手指稍稍涂抹，再用海面进行晕染，一定要过度自然。\"},{\"type\":\"img\",\"src\":\"http://xinwei-oss-aliyun.oss-cn-beijing.aliyuncs.com/community/201904281415277058_300_600.jpg\",\"width\":\"800\",\"height\":\"533\"},{\"type\":\"text\",\"text\":\"05 用腮红进行修容\"},{\"type\":\"text\",\"text\":\"↑沿着苹果肌斜向上涂抹腮红，打造出自然的骨骼感。\"},{\"type\":\"img\",\"src\":\"http://xinwei-oss-aliyun.oss-cn-beijing.aliyuncs.com/community/201904281415344439_300_600.jpg\",\"width\":\"800\",\"height\":\"533\"},{\"type\":\"text\",\"text\":\"06 修饰额头\"},{\"type\":\"text\",\"text\":\"↑使用刷子少量蘸取阴影粉，沿着额头轮廓进行涂抹。\"},{\"type\":\"img\",\"src\":\"http://xinwei-oss-aliyun.oss-cn-beijing.aliyuncs.com/community/201904281415564654_300_600.jpg\",\"width\":\"800\",\"height\":\"533\"},{\"type\":\"text\",\"text\":\"07 涂抹鼻影粉\"},{\"type\":\"text\",\"text\":\"\"},{\"type\":\"img\",\"src\":\"http://xinwei-oss-aliyun.oss-cn-beijing.aliyuncs.com/community/201904281416107504_300_600.jpg\",\"width\":\"800\",\"height\":\"533\"},{\"type\":\"text\",\"text\":\"08 修饰鼻翼部位\"},{\"type\":\"text\",\"text\":\"\"},{\"type\":\"text\",\"text\":\"\"}]', '0', '4', '0', '1', '立体', '2', '1556506730', '1556432177', '1');
INSERT INTO `xw_news_info` VALUES ('24', '1', '4', '开运CHIC红妆', 'http://xinwei-oss-aliyun.oss-cn-beijing.aliyuncs.com/community/201904280920496250_300_600.jpg', 'http://xinwei-oss-aliyun.oss-cn-beijing.aliyuncs.com/community/201904281221277654_300_600.jpg', '[{\"type\":\"text\",\"text\":\"好运，更能凸显时髦与高级！\"},{\"type\":\"text\",\"text\":\"策划、执行&文字/刘柳 摄影/东方(studio 55) 化妆/凌竹 模特/汪真禛(东方宾利) 服饰提供/ISABELLE BLANCHE、SWAROVSKI、XUNRUO熏若\"},{\"type\":\"img\",\"src\":\"http://xinwei-oss-aliyun.oss-cn-beijing.aliyuncs.com/community/201904280921163353_300_600.jpg\",\"width\":\"800\",\"height\":\"533\"},{\"type\":\"text\",\"text\":\"饱和度高、明度适中又带点透润感的赤茶色描画于眼部，打造轻熟又迷人的优雅风格，让人无法抗拒。\"},{\"type\":\"text\",\"text\":\"服装信息：ISABELLE BLANCHE红色蝴蝶结蕾丝连衣裙 1385元\"},{\"type\":\"text\",\"text\":\"SWAROVSKI钥匙耳环 参考店内价格\"},{\"type\":\"img\",\"src\":\"http://xinwei-oss-aliyun.oss-cn-beijing.aliyuncs.com/community/201904280922467538_300_600.jpg\",\"width\":\"533\",\"height\":\"800\"},{\"type\":\"text\",\"text\":\"绯红双颊给人强烈的视觉刺激，让活跃、热烈、有朝气的词语不断迸发。这种介于红色和桔色之间的艳丽朱砂色，绝对是你的最佳选择!\"},{\"type\":\"text\",\"text\":\"服装信息：XUNRUO熏若泡泡袖网纱连衣裙 1277元\"},{\"type\":\"text\",\"text\":\"SWAROVSKI复古颈饰 参考店内价格\"},{\"type\":\"img\",\"src\":\"http://xinwei-oss-aliyun.oss-cn-beijing.aliyuncs.com/community/201904280923327070_300_600.jpg\",\"width\":\"533\",\"height\":\"800\"},{\"type\":\"text\",\"text\":\"一贯清新自然的你，何不在唇妆上尝试一抹动人的红色？镭射亮片在唇间游曳，如人鱼般清新依旧，却又多了一分耐人寻味。\"},{\"type\":\"text\",\"text\":\"服装信息：XUNRUO熏若珍珠吊带上衣 877元\"},{\"type\":\"text\",\"text\":\"SWAROVSKI十字架耳环 参考店内价格\"},{\"type\":\"img\",\"src\":\"http://xinwei-oss-aliyun.oss-cn-beijing.aliyuncs.com/community/201904280924079256_300_600.jpg\",\"width\":\"533\",\"height\":\"800\"},{\"type\":\"text\",\"text\":\"满天星蕴含“清纯、致远、浪漫”之意，将红色的满天星缀于脸庞，收获清新感的同时又魅力满分。\"},{\"type\":\"img\",\"src\":\"http://xinwei-oss-aliyun.oss-cn-beijing.aliyuncs.com/community/201904280924259191_300_600.jpg\",\"width\":\"533\",\"height\":\"800\"},{\"type\":\"text\",\"text\":\"当蜜桃妆容幻化成果冻眼妆时，空气中开始弥漫着香甜气息。久违的纯真情结开始慢慢被释放。\"}]', '0', '0', '0', '1', '开运,红妆', '2', '1556506734', '1556414700', '1');
INSERT INTO `xw_news_info` VALUES ('25', '1', '4', '用蝴蝶结点缀的初春鬼马发型', 'http://xinwei-oss-aliyun.oss-cn-beijing.aliyuncs.com/community/201904280937515131_300_600.jpg', 'http://xinwei-oss-aliyun.oss-cn-beijing.aliyuncs.com/community/201904281224207003_300_600.jpg', '[{\"type\":\"text\",\"text\":\"材质、颜色的蝴蝶结造型发饰结合充满活力感的创意发型打造出冬日的超吸睛造型！\"},{\"type\":\"text\",\"text\":\"策划、执行/刘柳 文字/李明伦儿 摄影/李峰 化妆/凌竹 模特/关茈匀 \"},{\"type\":\"img\",\"src\":\"http://xinwei-oss-aliyun.oss-cn-beijing.aliyuncs.com/community/201904280927348842_300_600.jpg\",\"width\":\"533\",\"height\":\"800\"},{\"type\":\"text\",\"text\":\"选择淡粉色调的蝴蝶结装饰在低发髻的位置，独特的毛绒感材质更能增添婉约的温柔感。\"},{\"type\":\"img\",\"src\":\"http://xinwei-oss-aliyun.oss-cn-beijing.aliyuncs.com/community/201904280928023859_300_600.jpg\",\"width\":\"533\",\"height\":\"800\"},{\"type\":\"text\",\"text\":\"甜美感十足的“莱斯利”卷发装点上颜色鲜艳的蝴蝶结发饰如同法式马卡龙般令人感到扑面而来的少女气息。\"},{\"type\":\"img\",\"src\":\"http://xinwei-oss-aliyun.oss-cn-beijing.aliyuncs.com/community/201904280928334819_300_600.jpg\",\"width\":\"533\",\"height\":\"800\"},{\"type\":\"text\",\"text\":\"看似随性的慵懒感卷发配上丝绒质地的酒红色发饰点缀更显质感，而红白格纹相间的发饰更打破沉闷，增添活力。\"},{\"type\":\"img\",\"src\":\"http://xinwei-oss-aliyun.oss-cn-beijing.aliyuncs.com/community/201904280928567821_300_600.jpg\",\"width\":\"533\",\"height\":\"800\"},{\"type\":\"text\",\"text\":\"创意感十足的卷发造型与糖果色发饰相遇后尽显鬼马俏皮之感，令人不住细细玩味。\"}]', '0', '2', '0', '1', '蝴蝶结', '1', '1556425462', '1556414956', '1');
INSERT INTO `xw_news_info` VALUES ('26', '1', '4', '春日里的花式编发', 'http://xinwei-oss-aliyun.oss-cn-beijing.aliyuncs.com/community/201904280939513944_300_600.jpg', 'http://xinwei-oss-aliyun.oss-cn-beijing.aliyuncs.com/community/201904281223328189_300_600.jpg', '[{\"type\":\"text\",\"text\":\"春季，拥有一款个性又不失日常感的发型尤为重要。其实借由一些简单的编发技巧就可以营造出各种不同的风格。手残党也能学会的编发造型，让你的发型不再一成不变。\"},{\"type\":\"img\",\"src\":\"http://xinwei-oss-aliyun.oss-cn-beijing.aliyuncs.com/community/201904280931164106_300_600.jpg\",\"width\":\"533\",\"height\":\"800\"},{\"type\":\"img\",\"src\":\"http://xinwei-oss-aliyun.oss-cn-beijing.aliyuncs.com/community/201904280931473579_300_600.jpg\",\"width\":\"533\",\"height\":\"800\"},{\"type\":\"img\",\"src\":\"http://xinwei-oss-aliyun.oss-cn-beijing.aliyuncs.com/community/201904280932243891_300_600.jpg\",\"width\":\"533\",\"height\":\"800\"},{\"type\":\"img\",\"src\":\"http://xinwei-oss-aliyun.oss-cn-beijing.aliyuncs.com/community/201904280932546373_300_600.jpg\",\"width\":\"581\",\"height\":\"800\"}]', '0', '4', '0', '1', '花式编发', '1', '1556425414', '1556415200', '1');
INSERT INTO `xw_news_info` VALUES ('27', '1', '4', '1＋1> 2的拼色妆容', 'http://xinwei-oss-aliyun.oss-cn-beijing.aliyuncs.com/community/201904281004145652_300_600.jpg', 'http://xinwei-oss-aliyun.oss-cn-beijing.aliyuncs.com/community/201904281222491326_300_600.jpg', '[{\"type\":\"text\",\"text\":\"双色拼接不仅可以运用于流行服饰，同样可以用在妆容上。运用春季的流行色彩，只是单纯一种颜色就OUT了！享受自由自在的春季，拼接出充满撞击感的多彩妆容吧！\"},{\"type\":\"text\",\"text\":\"策划、执行&文字/刘柳 摄影/李峰 化妆/凌竹 模特/王一(东方宾利) 服装提供/BPB、C/MEO COLLECTIVE、CHICTOPIA、FINDERS、POSTLUDE \"},{\"type\":\"img\",\"src\":\"http://xinwei-oss-aliyun.oss-cn-beijing.aliyuncs.com/community/201904281004352534_300_600.jpg\",\"width\":\"640\",\"height\":\"640\"},{\"type\":\"text\",\"text\":\"波点纱质长裙/CHICTOPIA 3480元。\"},{\"type\":\"text\",\"text\":\"透明水晶串珠耳环/POSTLUDE 约300元。\"},{\"type\":\"img\",\"src\":\"http://xinwei-oss-aliyun.oss-cn-beijing.aliyuncs.com/community/201904281005562792_300_600.jpg\",\"width\":\"533\",\"height\":\"800\"},{\"type\":\"text\",\"text\":\"粉色蝴蝶结装饰泡泡袖长裙/CHICTOPIA 3480元。\"},{\"type\":\"img\",\"src\":\"http://xinwei-oss-aliyun.oss-cn-beijing.aliyuncs.com/community/201904281006432663_300_600.jpg\",\"width\":\"533\",\"height\":\"800\"},{\"type\":\"text\",\"text\":\"水晶串珠耳环/BPB 约400元。\"},{\"type\":\"img\",\"src\":\"http://xinwei-oss-aliyun.oss-cn-beijing.aliyuncs.com/community/201904281007012964_300_600.jpg\",\"width\":\"533\",\"height\":\"800\"},{\"type\":\"text\",\"text\":\"粉色格纹吊带长裙/FINDERS 参考店内价格。\"},{\"type\":\"img\",\"src\":\"http://xinwei-oss-aliyun.oss-cn-beijing.aliyuncs.com/community/201904281007213724_300_600.jpg\",\"width\":\"533\",\"height\":\"800\"},{\"type\":\"text\",\"text\":\"牛仔泡泡袖短裙/C/MEO COLLECTIVE 参考店内价格。\"}]', '0', '2', '0', '1', '拼色妆容', '1', '1556425371', '1556417249', '1');
INSERT INTO `xw_news_info` VALUES ('28', '1', '2', '用色彩装点一个崭新的开始', 'http://xinwei-oss-aliyun.oss-cn-beijing.aliyuncs.com/community/201904281012399975_300_600.jpg', 'http://xinwei-oss-aliyun.oss-cn-beijing.aliyuncs.com/community/201904281548377314_300_600.jpg', '[{\"type\":\"text\",\"text\":\"色彩是打造春季清新女孩必不可少的重要因素。俏皮的黄色、清新的绿色、复古的红色，每一种色彩都代表着一个鲜明活泼的少女。让我们踏着微风徐徐，一起走进少女们的色彩世界吧。\"},{\"type\":\"text\",\"text\":\"策划、执行&文字/仰洁 摄影/李峰 妆发/凌竹 模特/谢合日扎提(东方宾利) 品牌提供/AMII、Bershka、DVF、H&M、JIMMY CHOO、Juicy Couture、KARL LAGERFELD、less、MOSCHINO、MO&Co.、PEACEBIRD WOMEN、PULL&BEAR、TARA JARMON\"},{\"type\":\"text\",\"text\":\"浓郁的正红色刚刚好\"},{\"type\":\"text\",\"text\":\"正红色看似大胆不好驾驭，实则只要掌握适当的色调搭配，就会让人显得非常大气且容易穿搭。今季，带有复古风情的正红色装扮绝对是潮流所指。\"},{\"type\":\"img\",\"src\":\"http://xinwei-oss-aliyun.oss-cn-beijing.aliyuncs.com/community/201904281013337399_300_600.jpg\",\"width\":\"3360\",\"height\":\"3780\"},{\"type\":\"text\",\"text\":\"红色露背连体裤/MO&Co. 新品未定价\"},{\"type\":\"text\",\"text\":\"新季节与清爽的色彩结伴\"},{\"type\":\"text\",\"text\":\"修身贴合的剪裁设计与西装材质的结合让橘色系的服装显得高级又大气。袖口的开衩剪裁细节也是这套服装的亮点所在。\"},{\"type\":\"img\",\"src\":\"http://xinwei-oss-aliyun.oss-cn-beijing.aliyuncs.com/community/201904281014396282_300_600.jpg\",\"width\":\"3176\",\"height\":\"3573\"},{\"type\":\"text\",\"text\":\"橘红色九分连体裤/DVF 新品未定价\"},{\"type\":\"text\",\"text\":\"黑色尖头高跟鞋/KARL LAGERFELD 新品未定价\"},{\"type\":\"text\",\"text\":\"拼色头盔/Lacoste 新品未定价\"},{\"type\":\"text\",\"text\":\"亮黄色单品让心情飞扬起来\"},{\"type\":\"text\",\"text\":\"脱掉了冬季沉闷的颜色之后，立刻穿上象征着春天的黄色。连衣裙搭配透明感的外套让服装的层次分明，黑色的腰带很好地提升腰线，拉长腿型，打造可爱女人味造型。\"},{\"type\":\"img\",\"src\":\"http://xinwei-oss-aliyun.oss-cn-beijing.aliyuncs.com/community/201904281015518074_300_600.jpg\",\"width\":\"3360\",\"height\":\"3360\"},{\"type\":\"text\",\"text\":\"纱质透明上衣/less 新品未定价\"},{\"type\":\"text\",\"text\":\"PVC手绘印花外套/less 1590元\"},{\"type\":\"text\",\"text\":\"黄色无袖连衣裙/MOSCHINO 新品未定价\"},{\"type\":\"text\",\"text\":\"黑色腰带/TARA JARMON 1450元\"},{\"type\":\"text\",\"text\":\"木质耳饰/H&M 新品未定价\"},{\"type\":\"text\",\"text\":\"关于薄荷绿色的魅力\"},{\"type\":\"text\",\"text\":\"选择薄荷绿色，即使是复古风格单品也会散发出少女感。清新淡雅的颜色可以轻松地搭配出你想要的任何少女风格。所以用薄荷绿的柔和色调来演绎充满透明感的每一天吧。\"},{\"type\":\"img\",\"src\":\"http://xinwei-oss-aliyun.oss-cn-beijing.aliyuncs.com/community/201904281016229873_300_600.jpg\",\"width\":\"3360\",\"height\":\"3780\"},{\"type\":\"text\",\"text\":\"薄荷绿碎花连衣裙/Juicy Couture 3590元\"},{\"type\":\"text\",\"text\":\"薄荷绿外套/less 3990元\"},{\"type\":\"text\",\"text\":\"透明腰封/AMII 新品未定价\"},{\"type\":\"text\",\"text\":\"黑色高跟鞋/JIMMY CHOO 新品未定价\"},{\"type\":\"text\",\"text\":\"大胆尝试高级色彩\"},{\"type\":\"text\",\"text\":\"作为日常较难驾驭的蓝色，就要谨慎选择它的饱和度。小香风的蓝色套装搭配简单干净的基础款露肩内搭，性感的同时，也不失高级和优雅感。\"},{\"type\":\"img\",\"src\":\"http://xinwei-oss-aliyun.oss-cn-beijing.aliyuncs.com/community/201904281017143422_300_600.jpg\",\"width\":\"3742\",\"height\":\"3742\"},{\"type\":\"text\",\"text\":\"白色露肩内搭/MO&Co. 399元\"},{\"type\":\"text\",\"text\":\"蓝色外套/KARL LAGERFELD 5890元\"},{\"type\":\"text\",\"text\":\"蓝色短裙/KARL LAGERFELD 3290元\"},{\"type\":\"text\",\"text\":\"纯净的白色是春天的首选\"},{\"type\":\"text\",\"text\":\"在流行的全身白色造型中，我们用色差和材质来区别单品和增加层次感。洁白无瑕的白色纱裙使人像童话中的天使，静谧又自由。\"},{\"type\":\"img\",\"src\":\"http://xinwei-oss-aliyun.oss-cn-beijing.aliyuncs.com/community/201904281022234492_300_600.png\",\"width\":\"606\",\"height\":\"850\"},{\"type\":\"text\",\"text\":\"白色纱裙/AMII 699元\"},{\"type\":\"text\",\"text\":\"米白色抓绒外套/PULL&BEAR 499元\"},{\"type\":\"text\",\"text\":\"春季的紫色情缘\"},{\"type\":\"text\",\"text\":\"紫色作为潮流的基础颜色一直经久耐穿，但是今季我们要穿出非比寻常来。大胆地尝试紫色的叠穿和亮片材质的搭配，基础色也能瞬间变身流行造型。\"},{\"type\":\"img\",\"src\":\"http://xinwei-oss-aliyun.oss-cn-beijing.aliyuncs.com/community/201904281023246834_300_600.jpg\",\"width\":\"720\",\"height\":\"1080\"},{\"type\":\"text\",\"text\":\"紫色纱质内搭/PEACEBIRD WOMEN 269元\"},{\"type\":\"text\",\"text\":\"紫色衬衫/PEACEBIRD WOMEN 699元\"},{\"type\":\"text\",\"text\":\"亮片长裤/Bershka 299元\"},{\"type\":\"text\",\"text\":\"紫色链条包/JIMMY CHOO 新品未定价 \"},{\"type\":\"text\",\"text\":\"少女色强势来袭\"},{\"type\":\"img\",\"src\":\"http://xinwei-oss-aliyun.oss-cn-beijing.aliyuncs.com/community/201904281023543453_300_600.jpg\",\"width\":\"3487\",\"height\":\"3487\"},{\"type\":\"text\",\"text\":\"粉色连衣裙/MOSCHINO 新品未定价\"},{\"type\":\"text\",\"text\":\"黑色礼帽/less 399元\"}]', '0', '0', '0', '1', '色彩', '1', '1556437727', '1556418252', '1');
INSERT INTO `xw_news_info` VALUES ('42', '1', '2', '昕影像 | 秒速五厘米', 'http://xinwei-oss-aliyun.oss-cn-beijing.aliyuncs.com/community/201904281550077439_300_600.jpg', 'http://xinwei-oss-aliyun.oss-cn-beijing.aliyuncs.com/community/201904281550031123_300_600.jpg', '[{\"type\":\"text\",\"text\":\"我们仰望着同一片天空却看着不同的地方。\"},{\"type\":\"text\",\"text\":\"策划、执行&文字/徐嘉璟 摄影/孙羽薇 摄影助理/谢帅 化妆/曹金玲 发型/蒋滔 艺人/张耀、代露娃 品牌提供/DADADesign、ecco、H&M、JEFEN、JIMMY CHOO、LACOSTE L!VE、MOSCHINO、POLLYANNA KEONG、SHINE LI、SHUSHU/TONG、socksocks、YVMIN、优衣库、ZARA\"},{\"type\":\"img\",\"src\":\"http://xinwei-oss-aliyun.oss-cn-beijing.aliyuncs.com/community/201904281550339184_300_600.jpg\",\"width\":\"768\",\"height\":\"768\"},{\"type\":\"text\",\"text\":\"服装信息：\"},{\"type\":\"text\",\"text\":\"黑色印花衬衫/ZARA 229元\"},{\"type\":\"text\",\"text\":\"黑色连衣裙/JEFEN 新品未定价\"},{\"type\":\"text\",\"text\":\"黑色网纱贝雷帽/SHINE LI 新品未定价\"},{\"type\":\"text\",\"text\":\"珍珠耳钉/DADADesign 129元\"},{\"type\":\"text\",\"text\":\"“你知道吗？听说樱花飘落的速度是秒速五厘米哦。\\\" 秒速5厘米，那是樱花飘落的速度，那么怎样的速度才能走完我与你之间的距离？\"},{\"type\":\"img\",\"src\":\"http://xinwei-oss-aliyun.oss-cn-beijing.aliyuncs.com/community/201904281551043657_300_600.jpg\",\"width\":\"768\",\"height\":\"768\"},{\"type\":\"text\",\"text\":\"军绿色工装连体裤/ZARA 新品未定价\"},{\"type\":\"text\",\"text\":\"\"},{\"type\":\"text\",\"text\":\"一朵花坠落的速度 , 连时间都放慢了脚步。\"},{\"type\":\"img\",\"src\":\"http://xinwei-oss-aliyun.oss-cn-beijing.aliyuncs.com/community/201904281551382641_300_600.jpg\",\"width\":\"768\",\"height\":\"768\"},{\"type\":\"text\",\"text\":\"桃心高领打底衫/680元、彩色百褶长裙/980元、装饰线牛仔外套/1380元、紫色口袋装饰牛仔半身裙/1280元(均属POLLYANNA KEONG)\"},{\"type\":\"text\",\"text\":\"黑金色高跟鞋/JIMMY CHOO 6990元\"},{\"type\":\"text\",\"text\":\"金色字母耳钉/DADADesign 129元\"},{\"type\":\"text\",\"text\":\"白色海胆戒指/YVMIN 新品未定价\"},{\"type\":\"img\",\"src\":\"http://xinwei-oss-aliyun.oss-cn-beijing.aliyuncs.com/community/201904281551525690_300_600.jpg\",\"width\":\"640\",\"height\":\"640\"},{\"type\":\"text\",\"text\":\"黑色高领卫衣/H&M 新品未定价\"},{\"type\":\"text\",\"text\":\"迷彩PVC夹克/459元、迷彩裤子/399元(均属ZARA)\"},{\"type\":\"text\",\"text\":\"黑色运动鞋/ecco 2599元\"},{\"type\":\"text\",\"text\":\"\"},{\"type\":\"text\",\"text\":\"我要用什么样的速度，才能与你相遇。\"},{\"type\":\"img\",\"src\":\"http://xinwei-oss-aliyun.oss-cn-beijing.aliyuncs.com/community/201904281552284841_300_600.jpg\",\"width\":\"569\",\"height\":\"640\"},{\"type\":\"text\",\"text\":\"尽管岁月浮光世事喧嚣，心中却始终有一个关于你的童话：无论你在哪里，我都会径直奔向你，送你一世不会凋谢的樱花。\"},{\"type\":\"img\",\"src\":\"http://xinwei-oss-aliyun.oss-cn-beijing.aliyuncs.com/community/201904281552426772_300_600.jpg\",\"width\":\"683\",\"height\":\"768\"},{\"type\":\"text\",\"text\":\"复古风连衣裙/POLLYANNA KEONG 1780元\"},{\"type\":\"text\",\"text\":\"黑色小礼帽/SHINE LI 1980元\"},{\"type\":\"text\",\"text\":\"银色心形耳钉/DADADesign 129元\"},{\"type\":\"text\",\"text\":\" \"},{\"type\":\"text\",\"text\":\"卡其色风衣/新品未定价、灰色裤子/新品未定价(均属H&M)\"},{\"type\":\"text\",\"text\":\"白色高领衫/优衣库 新品未定价\"},{\"type\":\"text\",\"text\":\"黑色衬衫/ZARA 新品未定价\"},{\"type\":\"img\",\"src\":\"http://xinwei-oss-aliyun.oss-cn-beijing.aliyuncs.com/community/201904281554301364_300_600.jpg\",\"width\":\"683\",\"height\":\"768\"},{\"type\":\"text\",\"text\":\"如果生命能够重来，不论与你相遇几次我都愿意，我已经别无所求，因为没有什么东西比你更重要。\"},{\"type\":\"img\",\"src\":\"http://xinwei-oss-aliyun.oss-cn-beijing.aliyuncs.com/community/201904281553141328_300_600.jpg\",\"width\":\"1136\",\"height\":\"639\"},{\"type\":\"text\",\"text\":\"层叠荷叶边格纹府绸衬衫裙/SHUSHU/TONG 4300元\"},{\"type\":\"text\",\"text\":\"黑色小礼帽/SHINE LI 1980元\"},{\"type\":\"text\",\"text\":\"珍珠流苏耳钉/DADADesign 129元\"},{\"type\":\"text\",\"text\":\" \"},{\"type\":\"text\",\"text\":\"印花衬衫/新品未定价、绿色裤子/新品未定价(均属ZARA)\"},{\"type\":\"text\",\"text\":\"灰色开衫/LACOSTE L!VE 1290元\"},{\"type\":\"text\",\"text\":\"\"},{\"type\":\"text\",\"text\":\"两颗曾经相溶的心，经过了13年的时间，彼此达到了地球上最远的距离。\"},{\"type\":\"img\",\"src\":\"http://xinwei-oss-aliyun.oss-cn-beijing.aliyuncs.com/community/201904281555117821_300_600.jpg\",\"width\":\"3318\",\"height\":\"2565\"},{\"type\":\"img\",\"src\":\"http://xinwei-oss-aliyun.oss-cn-beijing.aliyuncs.com/community/201904281555178016_300_600.jpg\",\"width\":\"1024\",\"height\":\"683\"},{\"type\":\"text\",\"text\":\"人像印花娃娃领衬衫/1580元、网纱复合半身裙/1280元(均属POLLYANNA KEONG)\"},{\"type\":\"text\",\"text\":\"紫色木耳边高跟鞋/JIMMY CHOO 6350元\"},{\"type\":\"text\",\"text\":\"紫色印花中筒袜/socksocks 59元\"},{\"type\":\"text\",\"text\":\"黑色小礼帽/SHINE LI 1980元\"},{\"type\":\"text\",\"text\":\" \"},{\"type\":\"text\",\"text\":\"黑色字母卫衣/MOSCHINO 新品未定价\"},{\"type\":\"text\",\"text\":\"红黑色条纹衬衫/H&M 新品未定价\"},{\"type\":\"text\",\"text\":\"黑色裤子/ZARA 新品未定价\"},{\"type\":\"text\",\"text\":\"\"}]', '0', '0', '0', '1', '', '1', '1556438121', '1556438121', '1');
INSERT INTO `xw_news_info` VALUES ('30', '1', '4', '开启春日发型新潮流！', '', '', '[{\"type\":\"text\",\"text\":\"春季，虽然妆容、服装变得轻盈起来，但秀发却依旧流行着具有层次感的“羊毛卷”。蓬乱、松散的卷发，不刻意造作的率性造型才更符合春季的流行。\"},{\"type\":\"text\",\"text\":\"策划、执行&文字/刘柳 摄影/李峰 化妆/凌竹 模特/田霖(东方宾利) 服装提供/KEEPSAKE、POLLYANNA、XUNRUO熏若 \"},{\"type\":\"img\",\"src\":\"http://xinwei-oss-aliyun.oss-cn-beijing.aliyuncs.com/community/201904281418511422_300_600.jpg\",\"width\":\"533\",\"height\":\"800\"},{\"type\":\"text\",\"text\":\"↑白色蕾丝波点上衣/ XUNRUO熏若 参考店内价格。\"},{\"type\":\"img\",\"src\":\"http://xinwei-oss-aliyun.oss-cn-beijing.aliyuncs.com/community/201904281419378672_300_600.jpg\",\"width\":\"533\",\"height\":\"800\"},{\"type\":\"text\",\"text\":\"↑紫色吊带上衣/POLLYANNA 参考店内价格。\"},{\"type\":\"img\",\"src\":\"http://xinwei-oss-aliyun.oss-cn-beijing.aliyuncs.com/community/201904281419494165_300_600.jpg\",\"width\":\"533\",\"height\":\"800\"},{\"type\":\"text\",\"text\":\"↑白色蕾丝连衣裙/KEEPSAKE 参考店内价格。\"},{\"type\":\"img\",\"src\":\"http://xinwei-oss-aliyun.oss-cn-beijing.aliyuncs.com/community/201904281420015174_300_600.jpg\",\"width\":\"533\",\"height\":\"800\"},{\"type\":\"text\",\"text\":\"↑白色蕾丝波点上衣/ XUNRUO熏若 977元。\"}]', '0', '5', '0', '1', '春日', '-1', '1556537019', '1556432414', '1');
INSERT INTO `xw_news_info` VALUES ('31', '1', '4', 'HRD美女的完美修炼课程', 'http://xinwei-oss-aliyun.oss-cn-beijing.aliyuncs.com/community/201904281422043513_300_600.jpg', 'http://xinwei-oss-aliyun.oss-cn-beijing.aliyuncs.com/community/201904281422023303_300_600.jpg', '[{\"type\":\"text\",\"text\":\"策划、执行&文字/刘柳 摄影/李峰 化妆/凌竹 模特/江雪歌 品牌提供/benefit、CHANDO、CHANEL、CPB、Curel、DECORTE、IPSA、LANCOME、LANEIGE、Les Merveilleuses LADURÉE、MAKE UP FOR EVER、NARS、PAUL&JOE、Sulwhasoo、TEMPTU air、YSL \"},{\"type\":\"text\",\"text\":\"最近，无论是网络正夯的彩妆教程视频，还是记录日常点滴的vlog，越来越多的高清视频都在考验着我们的肌肤。肌肤一点点的小瑕疵都会让我们暴露在镜头之下。完美无瑕的气质底妆才能成就HDR美女。\"},{\"type\":\"img\",\"src\":\"http://xinwei-oss-aliyun.oss-cn-beijing.aliyuncs.com/community/201904281422211065_300_600.jpg\",\"width\":\"640\",\"height\":\"640\"},{\"type\":\"text\",\"text\":\"What’s “HRD”美女？\"},{\"type\":\"text\",\"text\":\"HRD可以提供更多的动态范围和图像细节，能够更好的的反映人在真实环境中的视觉效果。在这样高清的镜头中也能展现出完美肌肤状态的人，就可以称之为“HRD”美女了。\"},{\"type\":\"text\",\"text\":\"\"},{\"type\":\"text\",\"text\":\"打造轻薄的“完美无瑕精致美肌”是关键，想要在高清镜头下做到完美无瑕，就需要将简单的底妆步骤进行细致的叠加。需要注意的是底妆还要远离厚重，保持一定的清透感。\"},{\"type\":\"img\",\"src\":\"http://xinwei-oss-aliyun.oss-cn-beijing.aliyuncs.com/community/201904281422421790_300_600.jpg\",\"width\":\"800\",\"height\":\"750\"},{\"type\":\"text\",\"text\":\"A隔离\"},{\"type\":\"img\",\"src\":\"http://xinwei-oss-aliyun.oss-cn-beijing.aliyuncs.com/community/201904281422526553_300_600.jpg\",\"width\":\"800\",\"height\":\"533\"},{\"type\":\"text\",\"text\":\"在全脸使用产品A，均匀涂抹在整个面部。\"},{\"type\":\"img\",\"src\":\"http://xinwei-oss-aliyun.oss-cn-beijing.aliyuncs.com/community/201904281423042930_300_600.jpg\",\"width\":\"800\",\"height\":\"533\"},{\"type\":\"text\",\"text\":\"用手指由内而外延展开，并充分涂抹均匀。\"},{\"type\":\"img\",\"src\":\"http://xinwei-oss-aliyun.oss-cn-beijing.aliyuncs.com/community/201904281423145267_300_600.jpg\",\"width\":\"800\",\"height\":\"800\"},{\"type\":\"text\",\"text\":\"B润色隔离\"},{\"type\":\"img\",\"src\":\"http://xinwei-oss-aliyun.oss-cn-beijing.aliyuncs.com/community/201904281423266469_300_600.jpg\",\"width\":\"800\",\"height\":\"533\"},{\"type\":\"text\",\"text\":\"\"},{\"type\":\"img\",\"src\":\"http://xinwei-oss-aliyun.oss-cn-beijing.aliyuncs.com/community/201904281423375836_300_600.jpg\",\"width\":\"800\",\"height\":\"533\"},{\"type\":\"text\",\"text\":\"\"},{\"type\":\"img\",\"src\":\"http://xinwei-oss-aliyun.oss-cn-beijing.aliyuncs.com/community/201904281423475796_300_600.jpg\",\"width\":\"343\",\"height\":\"800\"},{\"type\":\"text\",\"text\":\"C粉底液\"},{\"type\":\"img\",\"src\":\"http://xinwei-oss-aliyun.oss-cn-beijing.aliyuncs.com/community/201904281424025124_300_600.jpg\",\"width\":\"800\",\"height\":\"533\"},{\"type\":\"text\",\"text\":\"使用产品C，先置于脸颊再由内向外推开。\"},{\"type\":\"img\",\"src\":\"http://xinwei-oss-aliyun.oss-cn-beijing.aliyuncs.com/community/201904281424143681_300_600.jpg\",\"width\":\"800\",\"height\":\"533\"},{\"type\":\"text\",\"text\":\"轻轻拍打使其于肌肤相融，眼周也要照顾到。\"},{\"type\":\"img\",\"src\":\"http://xinwei-oss-aliyun.oss-cn-beijing.aliyuncs.com/community/201904281424214044_300_600.jpg\",\"width\":\"800\",\"height\":\"533\"},{\"type\":\"text\",\"text\":\"额头处也取少量涂抹，并均匀地推开即可。\"},{\"type\":\"img\",\"src\":\"http://xinwei-oss-aliyun.oss-cn-beijing.aliyuncs.com/community/201904281424471151_300_600.jpg\",\"width\":\"800\",\"height\":\"533\"},{\"type\":\"text\",\"text\":\"使用手指画圈涂抹，并向整个鼻子部位推匀。\"},{\"type\":\"img\",\"src\":\"http://xinwei-oss-aliyun.oss-cn-beijing.aliyuncs.com/community/201904281425159290_300_600.jpg\",\"width\":\"800\",\"height\":\"533\"},{\"type\":\"text\",\"text\":\"将步骤8中剩余的粉底液涂在嘴周，轻轻拍匀。\"},{\"type\":\"img\",\"src\":\"http://xinwei-oss-aliyun.oss-cn-beijing.aliyuncs.com/community/201904281425253577_300_600.jpg\",\"width\":\"415\",\"height\":\"800\"},{\"type\":\"text\",\"text\":\"D遮瑕\"},{\"type\":\"img\",\"src\":\"http://xinwei-oss-aliyun.oss-cn-beijing.aliyuncs.com/community/201904281425356475_300_600.jpg\",\"width\":\"800\",\"height\":\"533\"},{\"type\":\"text\",\"text\":\"将产品D涂抹在眼下，用遮瑕膏遮盖眼部黑眼圈。\"},{\"type\":\"img\",\"src\":\"http://xinwei-oss-aliyun.oss-cn-beijing.aliyuncs.com/community/201904281425452249_300_600.jpg\",\"width\":\"800\",\"height\":\"533\"},{\"type\":\"text\",\"text\":\"轻拍修饰，鼻翼泛红的部位也可以用同样的方式遮盖。\"},{\"type\":\"img\",\"src\":\"http://xinwei-oss-aliyun.oss-cn-beijing.aliyuncs.com/community/201904281425548561_300_600.jpg\",\"width\":\"630\",\"height\":\"800\"},{\"type\":\"text\",\"text\":\"E散粉\"},{\"type\":\"img\",\"src\":\"http://xinwei-oss-aliyun.oss-cn-beijing.aliyuncs.com/community/201904281426033071_300_600.jpg\",\"width\":\"800\",\"height\":\"533\"},{\"type\":\"text\",\"text\":\"先用散粉刷蘸取产品E，调整分量直至不会飞粉。\"},{\"type\":\"img\",\"src\":\"http://xinwei-oss-aliyun.oss-cn-beijing.aliyuncs.com/community/201904281426135131_300_600.jpg\",\"width\":\"800\",\"height\":\"533\"},{\"type\":\"text\",\"text\":\"使用散粉刷由内向外轻扫，再逐层细致叠加即可。\"}]', '0', '3', '0', '1', 'HRD美女', '1', '1556432782', '1556432782', '1');
INSERT INTO `xw_news_info` VALUES ('32', '1', '4', '打造纤细天鹅臂', 'http://xinwei-oss-aliyun.oss-cn-beijing.aliyuncs.com/community/201904281428508836_300_600.jpg', 'http://xinwei-oss-aliyun.oss-cn-beijing.aliyuncs.com/community/201904281428462085_300_600.jpg', '[{\"type\":\"text\",\"text\":\"策划、执行&文字/石玥 模特/李柏蓉(Instar) 摄影/李峰 妆发/Aymer 服装提供/H&M、JNBY、Nike \"},{\"type\":\"text\",\"text\":\"气温逐渐回升，3月是最适合“秘密”打造天鹅臂的时节。甩掉手臂上的“拜拜肉”，不仅使身体整体线条更加好看，也能提升自身气质。\"},{\"type\":\"img\",\"src\":\"http://xinwei-oss-aliyun.oss-cn-beijing.aliyuncs.com/community/201904281429083594_300_600.jpg\",\"width\":\"533\",\"height\":\"800\"},{\"type\":\"img\",\"src\":\"http://xinwei-oss-aliyun.oss-cn-beijing.aliyuncs.com/community/201904281429135454_300_600.jpg\",\"width\":\"586\",\"height\":\"800\"},{\"type\":\"text\",\"text\":\"服装信息：复古网纱连衣裙 /JNBY 1490元 黑色饰带浅口鞋/H&M 299元\"},{\"type\":\"text\",\"text\":\"超显气质的仙女天鹅臂：本期带来8个高效瘦手臂动作，每天10分钟就可轻松打造纤细天鹅臂，即刻拥有完美手臂线条！\"},{\"type\":\"text\",\"text\":\"\"},{\"type\":\"text\",\"text\":\"服装信息：女子中强度支撑运动内衣/Nike Bra 新品未定价 女子跑步紧身裤/Nike Epic Lux 599元 女子运动鞋/Nike Air Max 97 1199元\"},{\"type\":\"img\",\"src\":\"http://xinwei-oss-aliyun.oss-cn-beijing.aliyuncs.com/community/201904281429347472_300_600.jpg\",\"width\":\"533\",\"height\":\"800\"},{\"type\":\"img\",\"src\":\"http://xinwei-oss-aliyun.oss-cn-beijing.aliyuncs.com/community/201904281429388820_300_600.jpg\",\"width\":\"533\",\"height\":\"800\"},{\"type\":\"text\",\"text\":\"Step 1 拉伸颈部和肩部\"},{\"type\":\"text\",\"text\":\"身体直立，头偏向右边，用右手扳住头靠向右肩膀，坚持30秒，然后换另一侧。\"},{\"type\":\"img\",\"src\":\"http://xinwei-oss-aliyun.oss-cn-beijing.aliyuncs.com/community/201904281429503908_300_600.jpg\",\"width\":\"533\",\"height\":\"800\"},{\"type\":\"img\",\"src\":\"http://xinwei-oss-aliyun.oss-cn-beijing.aliyuncs.com/community/201904281429547612_300_600.jpg\",\"width\":\"533\",\"height\":\"800\"},{\"type\":\"text\",\"text\":\"Step 2 拉伸手臂外侧\"},{\"type\":\"text\",\"text\":\"左臂伸直向右贴在身前，右手扣住左手，拉伸左侧肩膀，坚持30秒，然后换另一侧。\"},{\"type\":\"img\",\"src\":\"http://xinwei-oss-aliyun.oss-cn-beijing.aliyuncs.com/community/201904281430181079_300_600.jpg\",\"width\":\"533\",\"height\":\"800\"},{\"type\":\"img\",\"src\":\"http://xinwei-oss-aliyun.oss-cn-beijing.aliyuncs.com/community/201904281430238961_300_600.jpg\",\"width\":\"533\",\"height\":\"800\"},{\"type\":\"img\",\"src\":\"http://xinwei-oss-aliyun.oss-cn-beijing.aliyuncs.com/community/201904281430274881_300_600.jpg\",\"width\":\"533\",\"height\":\"800\"},{\"type\":\"text\",\"text\":\"Step 3 手臂绕圈\"},{\"type\":\"text\",\"text\":\"双臂平伸握拳，首先顺时针转圈，30秒为一组，两个方向分别做两组。\"},{\"type\":\"img\",\"src\":\"http://xinwei-oss-aliyun.oss-cn-beijing.aliyuncs.com/community/201904281430452859_300_600.jpg\",\"width\":\"533\",\"height\":\"800\"},{\"type\":\"img\",\"src\":\"http://xinwei-oss-aliyun.oss-cn-beijing.aliyuncs.com/community/201904281430508788_300_600.jpg\",\"width\":\"533\",\"height\":\"800\"},{\"type\":\"text\",\"text\":\"Step 4 手臂交握拉伸肩颈\"},{\"type\":\"text\",\"text\":\"左手在上，右手在下，绕到身后交握，拉伸肩颈30秒，然后交换两手位置。\"},{\"type\":\"img\",\"src\":\"http://xinwei-oss-aliyun.oss-cn-beijing.aliyuncs.com/community/201904281431027739_300_600.jpg\",\"width\":\"533\",\"height\":\"800\"},{\"type\":\"img\",\"src\":\"http://xinwei-oss-aliyun.oss-cn-beijing.aliyuncs.com/community/201904281431073802_300_600.jpg\",\"width\":\"533\",\"height\":\"800\"},{\"type\":\"text\",\"text\":\"背面\"},{\"type\":\"img\",\"src\":\"http://xinwei-oss-aliyun.oss-cn-beijing.aliyuncs.com/community/201904281431192217_300_600.jpg\",\"width\":\"533\",\"height\":\"800\"},{\"type\":\"text\",\"text\":\"Step 5 扩胸拉伸上臂\"},{\"type\":\"text\",\"text\":\"双手弯曲，小臂垂直放在胸前，掌心向内。打开小臂到身体两侧，与身体平行，重复此动作30秒。\"},{\"type\":\"img\",\"src\":\"http://xinwei-oss-aliyun.oss-cn-beijing.aliyuncs.com/community/201904281431365334_300_600.jpg\",\"width\":\"533\",\"height\":\"800\"},{\"type\":\"img\",\"src\":\"http://xinwei-oss-aliyun.oss-cn-beijing.aliyuncs.com/community/201904281431403985_300_600.jpg\",\"width\":\"533\",\"height\":\"800\"},{\"type\":\"img\",\"src\":\"http://xinwei-oss-aliyun.oss-cn-beijing.aliyuncs.com/community/201904281431454698_300_600.jpg\",\"width\":\"533\",\"height\":\"800\"},{\"type\":\"text\",\"text\":\"Step 6 天鹅臂式伸展\"},{\"type\":\"text\",\"text\":\"双臂伸开放平，从上至下摆动双臂，每组坚持30秒，做5组。\"},{\"type\":\"img\",\"src\":\"http://xinwei-oss-aliyun.oss-cn-beijing.aliyuncs.com/community/201904281431599480_300_600.jpg\",\"width\":\"533\",\"height\":\"800\"},{\"type\":\"img\",\"src\":\"http://xinwei-oss-aliyun.oss-cn-beijing.aliyuncs.com/community/201904281432034330_300_600.jpg\",\"width\":\"533\",\"height\":\"800\"},{\"type\":\"text\",\"text\":\"Step 7 双臂向上伸展\"},{\"type\":\"text\",\"text\":\"十指相扣，掌心向上，双臂向上伸展，拉伸30秒。\"},{\"type\":\"img\",\"src\":\"http://xinwei-oss-aliyun.oss-cn-beijing.aliyuncs.com/community/201904281432144398_300_600.jpg\",\"width\":\"533\",\"height\":\"800\"},{\"type\":\"img\",\"src\":\"http://xinwei-oss-aliyun.oss-cn-beijing.aliyuncs.com/community/201904281432191591_300_600.jpg\",\"width\":\"533\",\"height\":\"800\"},{\"type\":\"text\",\"text\":\"Step 8 双臂向后伸展\"},{\"type\":\"text\",\"text\":\"十指相扣，掌心向外贴于墙壁，双臂向后伸展，拉伸30秒。\"}]', '0', '1', '0', '1', '纤细', '1', '1556433143', '1556433143', '1');
INSERT INTO `xw_news_info` VALUES ('33', '1', '4', '争做马甲线女王！', 'http://xinwei-oss-aliyun.oss-cn-beijing.aliyuncs.com/community/201904281433416573_300_600.jpg', 'http://xinwei-oss-aliyun.oss-cn-beijing.aliyuncs.com/community/201904281433391207_300_600.jpg', '[{\"type\":\"text\",\"text\":\"拥有平坦小腹和马甲线是当代所有“奶茶女孩”的梦想，与其羡慕别人的好身材，不如争做自己的“马甲线女王”，赶紧把锻炼计划提上日程吧！\"},{\"type\":\"text\",\"text\":\" \"},{\"type\":\"text\",\"text\":\"策划、执行&文字/石玥 模特/李柏蓉(Instar) 摄影/李峰 妆发/Aymer 服装提供/Nike\"},{\"type\":\"text\",\"text\":\"\"},{\"type\":\"text\",\"text\":\" 服装信息：女子中强度支撑运动内衣/Nike Classic Padded 299元 女子短裤/Nike 新品未定价 女子运动鞋/Nike AF1 JESTER XX 899元\"},{\"type\":\"img\",\"src\":\"http://xinwei-oss-aliyun.oss-cn-beijing.aliyuncs.com/community/201904281433537666_300_600.jpg\",\"width\":\"579\",\"height\":\"800\"},{\"type\":\"text\",\"text\":\"Get最酷马甲线\"},{\"type\":\"text\",\"text\":\"腹部肌肉的塑形是提升整体身材完美度的关键一步，在炎炎夏季到来之前的初春\"},{\"type\":\"text\",\"text\":\"快来秘密Get马甲线，从现在开始甩掉腹部赘肉！\"},{\"type\":\"text\",\"text\":\"服装信息：女子中强度支撑运动内衣/Nike Bra 新品未定价 女子跑步紧身裤/Nike Epic Lux 599元 女子运动鞋/Nike AF1 JESTER XX SE 899元\"},{\"type\":\"text\",\"text\":\"Step 1 平板支撑\"},{\"type\":\"text\",\"text\":\"01.  进行原地平板支撑，身体躯干与地面呈平行状态。\"},{\"type\":\"img\",\"src\":\"http://xinwei-oss-aliyun.oss-cn-beijing.aliyuncs.com/community/201904281434125265_300_600.jpg\",\"width\":\"800\",\"height\":\"533\"},{\"type\":\"text\",\"text\":\"02.手臂伸直，抬臀，整体呈弓形。\"},{\"type\":\"img\",\"src\":\"http://xinwei-oss-aliyun.oss-cn-beijing.aliyuncs.com/community/201904281434232261_300_600.jpg\",\"width\":\"800\",\"height\":\"533\"},{\"type\":\"text\",\"text\":\"03.腹部向下用力，进行肌肉拉伸。\"},{\"type\":\"img\",\"src\":\"http://xinwei-oss-aliyun.oss-cn-beijing.aliyuncs.com/community/201904281434346508_300_600.jpg\",\"width\":\"800\",\"height\":\"533\"},{\"type\":\"text\",\"text\":\"文字：Step 2 强度肌肉拉伸\"},{\"type\":\"text\",\"text\":\"01. 平躺于地面，两手放置头后，双腿水平抬起。\"},{\"type\":\"img\",\"src\":\"http://xinwei-oss-aliyun.oss-cn-beijing.aliyuncs.com/community/201904281434519296_300_600.jpg\",\"width\":\"800\",\"height\":\"533\"},{\"type\":\"text\",\"text\":\"02.  右臂伸直，努力触碰脚尖。\"},{\"type\":\"img\",\"src\":\"http://xinwei-oss-aliyun.oss-cn-beijing.aliyuncs.com/community/201904281435123868_300_600.jpg\",\"width\":\"800\",\"height\":\"533\"},{\"type\":\"text\",\"text\":\"03.  左臂伸直，努力触碰脚尖。\"},{\"type\":\"img\",\"src\":\"http://xinwei-oss-aliyun.oss-cn-beijing.aliyuncs.com/community/201904281435545291_300_600.jpg\",\"width\":\"800\",\"height\":\"533\"},{\"type\":\"text\",\"text\":\"腰部肌肉塑形\"},{\"type\":\"text\",\"text\":\"01.  身体直立后倾，双脚抬起，双手合十于胸前。\"},{\"type\":\"img\",\"src\":\"http://xinwei-oss-aliyun.oss-cn-beijing.aliyuncs.com/community/201904281436011654_300_600.jpg\",\"width\":\"800\",\"height\":\"533\"},{\"type\":\"text\",\"text\":\"02.  整体姿势不变，身体向右转体。\"},{\"type\":\"img\",\"src\":\"http://xinwei-oss-aliyun.oss-cn-beijing.aliyuncs.com/community/201904281436172412_300_600.jpg\",\"width\":\"800\",\"height\":\"533\"},{\"type\":\"text\",\"text\":\"03.  整体姿势不变，身体向左转体。\"},{\"type\":\"img\",\"src\":\"http://xinwei-oss-aliyun.oss-cn-beijing.aliyuncs.com/community/201904281436415705_300_600.jpg\",\"width\":\"800\",\"height\":\"533\"},{\"type\":\"text\",\"text\":\"肌肉巩固拉伸\"},{\"type\":\"text\",\"text\":\"01.  双手放置头后，头部向前伸，双腿自然并拢抬起。\"},{\"type\":\"img\",\"src\":\"http://xinwei-oss-aliyun.oss-cn-beijing.aliyuncs.com/community/201904281436524517_300_600.jpg\",\"width\":\"800\",\"height\":\"533\"},{\"type\":\"text\",\"text\":\"02.  双脚一前一后，身体向右转体。\"},{\"type\":\"img\",\"src\":\"http://xinwei-oss-aliyun.oss-cn-beijing.aliyuncs.com/community/201904281437051960_300_600.jpg\",\"width\":\"800\",\"height\":\"533\"},{\"type\":\"text\",\"text\":\"03.  双脚一前一后，身体向左转体。\"},{\"type\":\"img\",\"src\":\"http://xinwei-oss-aliyun.oss-cn-beijing.aliyuncs.com/community/201904281437253026_300_600.jpg\",\"width\":\"800\",\"height\":\"533\"}]', '0', '3', '0', '1', '马甲线', '1', '1556433447', '1556433447', '1');
INSERT INTO `xw_news_info` VALUES ('34', '1', '3', '我是魏璎珞，带你走近《延禧攻略》之外的吴谨言', 'http://xinwei-oss-aliyun.oss-cn-beijing.aliyuncs.com/community/201904281441542009_300_600.jpg', 'http://xinwei-oss-aliyun.oss-cn-beijing.aliyuncs.com/community/201904281441465238_300_600.jpg', '[{\"type\":\"text\",\"text\":\"\"},{\"type\":\"img\",\"src\":\"http://xinwei-oss-aliyun.oss-cn-beijing.aliyuncs.com/community/201904281442522296_300_600.jpg\",\"width\":\"640\",\"height\":\"959\"},{\"type\":\"text\",\"text\":\"昕薇：你眼中的魏璎珞是怎样的一个人？作为角色扮演者，你对魏璎珞的感觉是？\"},{\"type\":\"text\",\"text\":\"谨言：魏璎珞打动了我！我真的很欣赏她！她是一个独特、动人、坚毅、明理、敏锐、执着的女子，这是一些非常“感人”的特点。\"},{\"type\":\"text\",\"text\":\"昕薇：吴谨言和魏璎珞最像的特点是？\"},{\"type\":\"text\",\"text\":\"谨言：是坚毅的精神吧！我们都一直在努力地往前走，心里都一直有自己的精神信仰在。\"},{\"type\":\"text\",\"text\":\"我从小就自己独立生活，特别明白那种一切都要靠自己努力去获得的感觉。我和魏璎珞的共同点是：能吃苦，有韧劲，能找到自己内心深处的精神支撑——就像一个信仰！\"},{\"type\":\"img\",\"src\":\"http://xinwei-oss-aliyun.oss-cn-beijing.aliyuncs.com/community/201904281443091576_300_600.jpg\",\"width\":\"640\",\"height\":\"960\"},{\"type\":\"text\",\"text\":\"昕薇：如何看待“吃苦”这件现在的年轻女孩们并不欢迎的事？\"},{\"type\":\"text\",\"text\":\"谨言：我的心态总是很乐观，我觉得吃苦是一件很自然的事，是本来就应该去承受的。《延禧攻略》拍了四个月，夏天40度的高温里，我的戏每天从早到晚。但我会从这样的环境中找到好玩儿的感觉。比如跪雪地这一场戏，花絮中就拍到了我在雪地里打滚儿……因为心态好，就会觉得不苦、不累。\"},{\"type\":\"text\",\"text\":\"昕薇：一个内心强大的角色背后，一定有一个内心强大的演员，如何做到“内心强大”呢？\"},{\"type\":\"text\",\"text\":\"谨言：我觉得无论作为一个演员，还是一个女性，都应该做到内心强大。但一个人内心的强大一定不是与生俱来的，一定要经历一个过程，从不成熟不强大，到成熟而坚强，就像璎珞一样，有明确的目标、能独立地判断、一直在持续的努力，在过程中自我磨砺，越来越强大。\"},{\"type\":\"text\",\"text\":\"昕薇：一部戏就是一场人生，宫廷大戏更是分量不同，成为魏璎珞，让你收获了哪些成长呢？\"},{\"type\":\"text\",\"text\":\"谨言：这是我演的第一部大女主清宫戏，而且戏分非常多，前期压力是很大的，这个克服压力、融入角色的过程，对我的演技成熟和个人成长都是难得的磨练，这个过程也让我明白了演员究竟应该怎么做、要怎么样去演戏，悟到了很多演戏的心得，\"},{\"type\":\"text\",\"text\":\"昕薇：在宫廷戏中活到最后一集，成为赢在终场的大女主，是需要极高情商的。你如何看待情商这件事？\"},{\"type\":\"text\",\"text\":\"谨言：情商高会给工作、生活、人际关系，带来很多好处，让我们的生活更加轻松、更有质量。但高情商同样是学习的结果，需要一个培养的过程。我觉得真正聪明的人，其实应该是很善良的，我想成为一个这样的聪明人，想通过这份善良，去帮助更多的人。我觉得这样就是一个人情商高的很好的表达。\"},{\"type\":\"img\",\"src\":\"http://xinwei-oss-aliyun.oss-cn-beijing.aliyuncs.com/community/201904281443257762_300_600.jpg\",\"width\":\"640\",\"height\":\"846\"},{\"type\":\"text\",\"text\":\"昕薇：后宫是女人的世界，演艺圈更是美女、才女如云，戏里戏外，你最欣赏的女性是哪种类型？代表人物是哪位？\"},{\"type\":\"text\",\"text\":\"谨言：在演艺圈，我非常欣赏一位很美、很有才华的女性，她就是张艾嘉导演。我看了她的很多片子和拍摄花絮，特别喜欢她的导演风格，也欣赏她带入式的引导演员的方法。她的善良与温柔，体现在影片的每个细节里，她导演的影片非常细腻、十分动人。我心目中的成功女性榜样，就是像她一样：独立、智慧、有自己的想法，对人善良，对人温柔。\"},{\"type\":\"text\",\"text\":\"昕薇：除了“黑莲花”女主魏璎珞，你还饰演过“罂粟花”女主苏妲己，在你心中，好女人和坏女人是怎样界定的呢？\"},{\"type\":\"text\",\"text\":\"谨言：作为一个演员，你选择了你的角色，你信任了她，走进了她的世界，了解了她的情感，是不会再去划分所谓的好与坏的，人性是非常复杂的东西，不是非黑即白那么简单，好与坏是无法界定的。就像演员一样，剧中人物有她的方向，我认为这样往前进是对的，这个角色就是成功的。\"},{\"type\":\"text\",\"text\":\"昕薇：可否用五个词来概括一下生活中的你有哪些性格特点？\"},{\"type\":\"text\",\"text\":\"谨言：坚韧、内心纯净，性格简单，比较随性，率真乐观。\"},{\"type\":\"img\",\"src\":\"http://xinwei-oss-aliyun.oss-cn-beijing.aliyuncs.com/community/201904281443371228_300_600.jpg\",\"width\":\"640\",\"height\":\"960\"},{\"type\":\"text\",\"text\":\"昕薇：平时在日常生活中，你的穿着风格是怎样的呢？清秀娇小的女生如何穿出气场、突出自己？你有哪些建议？\"},{\"type\":\"text\",\"text\":\"谨言：工作之外的我，着装风格以简约舒适为主。我喜欢混搭风，假如我穿了宽松的上衣，就会搭配紧身的牛仔裤或短裤，如果下装是宽松的廓形，就会选择紧身的上衣，搭配起来有对比和反差，显得匀称又和谐。\"},{\"type\":\"text\",\"text\":\"昕薇：日常着装中的“高出镜率”单品是哪些？\"},{\"type\":\"text\",\"text\":\"谨言：帽子和眼镜。这两件单品可以让整身装扮“提亮”、变得不一样，增强造型感。\"},{\"type\":\"img\",\"src\":\"http://xinwei-oss-aliyun.oss-cn-beijing.aliyuncs.com/community/201904281443447161_300_600.jpg\",\"width\":\"640\",\"height\":\"848\"},{\"type\":\"text\",\"text\":\"昕薇：被粉丝称为“美妆护肤博主”的你有哪些护肤秘诀？\"},{\"type\":\"text\",\"text\":\"谨言：我皮肤比较薄，过度使用护肤品会造成皮肤“营养过剩”。护肤方面我比较注重清洁，美妆方面我很重视唇妆，我还是个香水控，香水可以给人灵感，在拍摄《延禧攻略》的时候，不同的剧情拍摄时我会选择不同的香水，用香水把自己代入到对应的情境中。\"},{\"type\":\"text\",\"text\":\"昕薇：宫廷戏里，女性之间的情谊与关系也占有大比重戏份。比如，《延禧攻略》中皇后与璎珞的关系。你是如何看待女性之间的友谊的？\"},{\"type\":\"text\",\"text\":\"谨言：朋友就是：真诚相待、有话可聊、不需要说什么就可以彼此懂得，有需要的时候，就能陪伴在你的身边，陪伴是非常重要的；朋友要懂得彼此，就是观念一致，就像皇后和璎珞一样。她们的相遇相知是两个人的幸运，她们的友谊非常难得。\"},{\"type\":\"text\",\"text\":\"昕薇：爱好广泛的人总是喜欢学习新东西，在演艺事业方面，你还想挑战哪些新领域呢？\"},{\"type\":\"text\",\"text\":\"谨言：我想拍一部动作戏，自己舞蹈方面的专业积累也可以通过肢体表达出来。\"},{\"type\":\"text\",\"text\":\"昕薇：演员的工作强度很大，生活中是如何减压的呢？\"},{\"type\":\"text\",\"text\":\"谨言：生活中我是个闲不下来的人，累了，休息一会就好，我的兴趣爱好比较广泛，比如，读书，弹吉他，玩滑板，跳街舞……做自己喜欢的事，疲劳和压力马上就能释放。\"},{\"type\":\"text\",\"text\":\"昕薇：9月中，你的新电影《说走就走之不说再见》上映，剧中的你又是怎样的性格？\"},{\"type\":\"text\",\"text\":\"谨言：这是一部轻松、好玩、又充满感动的公路电影，主角是一群追寻梦想、喜欢冒险、寻找自我的年轻人。我饰演的角色是一个跳伞教练，率真、帅气、很酷，我还自己开了沙漠越野车，那是非常不一样的体验。\"},{\"type\":\"text\",\"text\":\"昕薇：采访最后，代表喜欢你的《昕薇》粉丝提个“特别”的问题：你觉得如果魏璎珞穿越到现在，她会成为一个怎样的女性、拥有怎样的人生？\"},{\"type\":\"text\",\"text\":\"谨言：如果魏璎珞穿越到现在这个社会，我觉得大家是无法理解她的，她太特立独行，可能很难生存。如果想生存下去，她应该在刚穿越过来的时候，快速提升情商，马上学会收敛性格。\"}]', '0', '2', '0', '1', '吴谨言,延禧攻略', '1', '1556433844', '1556433844', '1');
INSERT INTO `xw_news_info` VALUES ('35', '1', '3', '白举纲：只是恰好带给我力量的音乐叫做摇滚', 'http://xinwei-oss-aliyun.oss-cn-beijing.aliyuncs.com/community/201904281445075972_300_600.jpg', 'http://xinwei-oss-aliyun.oss-cn-beijing.aliyuncs.com/community/201904281445033380_300_600.jpg', '[{\"type\":\"text\",\"text\":\"\"},{\"type\":\"text\",\"text\":\"\"},{\"type\":\"img\",\"src\":\"http://xinwei-oss-aliyun.oss-cn-beijing.aliyuncs.com/community/201904281444592341_300_600.jpg\",\"width\":\"640\",\"height\":\"960\"},{\"type\":\"text\",\"text\":\"\"},{\"type\":\"text\",\"text\":\"\"},{\"type\":\"text\",\"text\":\"\"},{\"type\":\"text\",\"text\":\"\"},{\"type\":\"text\",\"text\":\"\"},{\"type\":\"text\",\"text\":\"\"},{\"type\":\"text\",\"text\":\"\"},{\"type\":\"img\",\"src\":\"http://xinwei-oss-aliyun.oss-cn-beijing.aliyuncs.com/community/201904281445224403_300_600.jpg\",\"width\":\"640\",\"height\":\"826\"},{\"type\":\"text\",\"text\":\"\"},{\"type\":\"text\",\"text\":\"\"},{\"type\":\"text\",\"text\":\"\"},{\"type\":\"text\",\"text\":\"\"},{\"type\":\"text\",\"text\":\"\"},{\"type\":\"text\",\"text\":\"\"},{\"type\":\"text\",\"text\":\"\"},{\"type\":\"text\",\"text\":\"\"},{\"type\":\"img\",\"src\":\"http://xinwei-oss-aliyun.oss-cn-beijing.aliyuncs.com/community/201904281445437786_300_600.jpg\",\"width\":\"363\",\"height\":\"549\"},{\"type\":\"text\",\"text\":\"\"},{\"type\":\"text\",\"text\":\"\"},{\"type\":\"text\",\"text\":\"\"},{\"type\":\"text\",\"text\":\"\"},{\"type\":\"text\",\"text\":\"\"},{\"type\":\"text\",\"text\":\"\"},{\"type\":\"text\",\"text\":\"\"},{\"type\":\"text\",\"text\":\"\"},{\"type\":\"img\",\"src\":\"http://xinwei-oss-aliyun.oss-cn-beijing.aliyuncs.com/community/201904281446081136_300_600.jpg\",\"width\":\"350\",\"height\":\"432\"},{\"type\":\"text\",\"text\":\"\"},{\"type\":\"text\",\"text\":\"\"},{\"type\":\"text\",\"text\":\"\"},{\"type\":\"text\",\"text\":\"\"},{\"type\":\"text\",\"text\":\"\"},{\"type\":\"text\",\"text\":\"\"},{\"type\":\"text\",\"text\":\"\"},{\"type\":\"text\",\"text\":\"\"},{\"type\":\"text\",\"text\":\"\"},{\"type\":\"text\",\"text\":\"\"},{\"type\":\"text\",\"text\":\"\"},{\"type\":\"text\",\"text\":\"\"},{\"type\":\"text\",\"text\":\"\"},{\"type\":\"text\",\"text\":\"\"},{\"type\":\"text\",\"text\":\"\"},{\"type\":\"text\",\"text\":\"\"},{\"type\":\"text\",\"text\":\"\"}]', '0', '0', '0', '1', '白举纲,摇滚', '1', '1556433972', '1556433972', '1');
INSERT INTO `xw_news_info` VALUES ('36', '1', '3', '宣璐——舞动新古典主义时尚', 'http://xinwei-oss-aliyun.oss-cn-beijing.aliyuncs.com/community/201904281447028013_300_600.jpg', 'http://xinwei-oss-aliyun.oss-cn-beijing.aliyuncs.com/community/201904281446571372_300_600.jpg', '[{\"type\":\"text\",\"text\":\"新古典主义时尚保留了精雕细琢的风格，却从局部简化，给人以摩登、大气的感觉。\"},{\"type\":\"text\",\"text\":\"本次拍摄宣璐演绎出了江南女孩的秀美。\"},{\"type\":\"img\",\"src\":\"http://xinwei-oss-aliyun.oss-cn-beijing.aliyuncs.com/community/201904281447135665_300_600.jpg\",\"width\":\"640\",\"height\":\"923\"},{\"type\":\"text\",\"text\":\"宣璐是个演员，更是个舞者。毕业于北京舞蹈学校，扎实的舞蹈基础给予她表演方面更多的肢体灵动性。2008年，宣璐因出演李少红版《红楼梦》而正式进入演艺圈，并积累了不俗的口碑和一定的人气。2009年，出演励志喜剧《女孩冲冲冲》。2015年，开始主演悬疑季播剧《灵魂摆渡》。2018年，宣璐除了接连出演民国剧《南烟斋笔录》、仙侠剧《陈情令》外，她还主演了都市剧《彩虹的重力》。\"},{\"type\":\"text\",\"text\":\"如诗如画的古典主义色彩\"},{\"type\":\"img\",\"src\":\"http://xinwei-oss-aliyun.oss-cn-beijing.aliyuncs.com/community/201904281447407089_300_600.jpg\",\"width\":\"640\",\"height\":\"895\"},{\"type\":\"text\",\"text\":\"整体造型统一选择了清浅的用色，像古典油画般静美，配以当下更为流行的简洁廓形，给人以恬静、优雅的视觉享受。\"},{\"type\":\"text\",\"text\":\"珍珠元素大胆与涂鸦设计碰撞，人像印花结合利落剪裁，新与旧完美融合，演绎新古典主义时尚姿态。\"}]', '0', '0', '0', '1', '宣璐,新古典', '1', '1556434072', '1556434072', '1');
INSERT INTO `xw_news_info` VALUES ('37', '1', '3', '屈菁菁——甜美小女生秒变个性“大人物”', 'http://xinwei-oss-aliyun.oss-cn-beijing.aliyuncs.com/community/201904281448375463_300_600.jpg', 'http://xinwei-oss-aliyun.oss-cn-beijing.aliyuncs.com/community/201904281448397780_300_600.jpg', '[{\"type\":\"text\",\"text\":\"从懵懂无知的小女生变成独立、冷静、高冷的大女人，一个女生的成长从装扮上就可以看出来。甜美可爱的衬衫背带裙逐渐变成暗色性感的镂空连衣裙，我们在改变装扮的同时，也在内心改变成为一个更加成熟的完美女人。\"},{\"type\":\"img\",\"src\":\"http://xinwei-oss-aliyun.oss-cn-beijing.aliyuncs.com/community/201904281448538191_300_600.jpg\",\"width\":\"640\",\"height\":\"835\"},{\"type\":\"text\",\"text\":\"屈菁菁，出生于辽宁省沈阳市，毕业于中央戏剧学院，中国内地女演员，2014年主演喜剧动作电影《老男孩之猛龙过江》，凭借该片获得第6届澳洲华语国际电影节推荐新人奖。2015年主演中美合拍动作电影《龙之诞生》。2016年，主演喜剧动作电影《东北往事之破马张飞》，随后客串出演网剧《法医秦明》，10月主演都市情感喜剧《当分手大师遇复合大师》。\"},{\"type\":\"img\",\"src\":\"http://xinwei-oss-aliyun.oss-cn-beijing.aliyuncs.com/community/201904281449101411_300_600.jpg\",\"width\":\"640\",\"height\":\"960\"},{\"type\":\"text\",\"text\":\"2019年，由屈菁菁主演的犯罪动作电影《大人物》，以及国内首部科幻灾难电影《流浪地球》都已接连与观众朋友们见面。\"},{\"type\":\"img\",\"src\":\"http://xinwei-oss-aliyun.oss-cn-beijing.aliyuncs.com/community/201904281449236032_300_600.jpg\",\"width\":\"640\",\"height\":\"960\"},{\"type\":\"text\",\"text\":\"\"}]', '0', '0', '0', '1', '屈菁菁,甜美小女生', '1', '1556434169', '1556434169', '1');
INSERT INTO `xw_news_info` VALUES ('38', '1', '3', '陈子由：拍戏很有趣，它让我尝试了多种人生的可能性', 'http://xinwei-oss-aliyun.oss-cn-beijing.aliyuncs.com/community/201904281450104289_300_600.jpg', 'http://xinwei-oss-aliyun.oss-cn-beijing.aliyuncs.com/community/201904281450064041_300_600.jpg', '[{\"type\":\"text\",\"text\":\"模特出身，他的身材比例简直是无可挑剔；初入演艺圈，他潜心摸索不断进步；面对镜头，他帅气阳光；私下相处，他可爱幽默；他就是陈子由，一个湖南伢子。\"},{\"type\":\"img\",\"src\":\"http://xinwei-oss-aliyun.oss-cn-beijing.aliyuncs.com/community/201904281450263657_300_600.jpg\",\"width\":\"640\",\"height\":\"924\"},{\"type\":\"text\",\"text\":\"\"},{\"type\":\"text\",\"text\":\"从模特转行成为一名专业的演员，对陈子由来说，似乎有着非常多便利的条件。他身为模特的那种镜头感在演戏中也能够得到很好的应用，但是对于经验不足的他来说，演戏同样面临着挑战。当陈子由面对这些挑战的时候，他依旧是奋勇直前的，无论是自己揣摩角色，还是向前辈讨教学习，他总会把自己的角色琢磨透，不辜负每一次机会。\"},{\"type\":\"text\",\"text\":\"当然，这样的努力肯定是不会白费。相比两年前的自己，陈子由觉得自己已经逐渐懂得了一些演戏的技巧。从刚开始拍戏的困难、紧张以及害怕到忘词，通过大量的实战经验也让他得到了快速的成长，终于能够以一种让自己非常舒服的状态面对演戏。心态和状态的巨大变化，从紧张到从容，从不安到舒适，这样的变化或许是每个人的人生都会经历的一个过程。\"},{\"type\":\"img\",\"src\":\"http://xinwei-oss-aliyun.oss-cn-beijing.aliyuncs.com/community/201904281450393504_300_600.jpg\",\"width\":\"640\",\"height\":\"915\"},{\"type\":\"text\",\"text\":\"\"},{\"type\":\"text\",\"text\":\"陈子由坦言，做演员这件事还是挺爽的。因为经过这两年的演员生涯，他发现自己尝试过很多不同身份的角色，体验了很多种不同的人生。他尝试过公关、律师等多种不同的角色，甚至还学会了踢足球，当他把自己放进这个角色中的时候，他说：“那个时候我真的非常幸福。”\"},{\"type\":\"text\",\"text\":\"模特的身份给陈子由带来非常多的便利，诸如大片拍摄过程中，摄影师多次要求他摆出一些“扭曲”的动作，这对他来说毫无压力，甚至戏称自己“非常柔软”。其实我们感受到的陈子由也是一个内心柔软细腻的大男孩，他不愿家人看到他工作的场景，因为他担心家人会因为看到他辛苦的工作而心疼。拍摄过程中，他宁愿悬空着腿轻点墙面，也不愿把影棚的墙面踩脏。细腻温柔如夏季的微风和冬日的暖阳，悄悄地飘进你的心里生根发芽。\"},{\"type\":\"img\",\"src\":\"http://xinwei-oss-aliyun.oss-cn-beijing.aliyuncs.com/community/201904281451183640_300_600.jpg\",\"width\":\"640\",\"height\":\"813\"},{\"type\":\"text\",\"text\":\"\"},{\"type\":\"text\",\"text\":\"1.    请分享一下你对今年春夏流行风格的一些见解。\"},{\"type\":\"text\",\"text\":\"我觉得今年春夏的流行趋势应该也会有复古风，比如一些高垫肩运用在短袖和衬衫上之类的。我也很喜欢这种风格的服装，尤其是那种金丝的眼镜框。\"},{\"type\":\"text\",\"text\":\" \"},{\"type\":\"text\",\"text\":\"2.        你的日常私服主打什么风格？\"},{\"type\":\"text\",\"text\":\"我日常就是比较喜欢休闲的风格，宽松舒适为主。\"},{\"type\":\"text\",\"text\":\" \"},{\"type\":\"text\",\"text\":\"3.        看到你出演了非常多的电视剧，而且风格也比较多样，你能否分享一下不同风格的电影对你的影响？以及你今后还想要尝试什么样的角色？\"},{\"type\":\"text\",\"text\":\"我目前比较适合的应该是和我本身的性格比较贴合的角色，阳光一点，暖一点，邻家男孩的那种。但是我目前主演过的所有的戏都跟我本人不太一样（笑）。我一直想要尝试演一个医生这一类的角色，因为我从小的梦想是当医生，但是后来误打误撞成为了模特和演员，所以我很想接一部医生角色的剧。\"},{\"type\":\"text\",\"text\":\" \"},{\"type\":\"text\",\"text\":\"4.        目前你出演过的角色，你最喜欢的是哪一个？你觉得哪个角色更像你自己？\"},{\"type\":\"text\",\"text\":\"目前来说最喜欢的还是我最早出演的那部《亲爱的王子大人》周奕然，跟我的性格还是比较相符一点，包括造型上面、人物型格都跟我很契合。\"},{\"type\":\"text\",\"text\":\" \"},{\"type\":\"text\",\"text\":\"5.        说一下你最新的一部作品吧？\"},{\"type\":\"text\",\"text\":\"》，以及《出线了，初恋》也会跟大家见面。一个是古装戏，一个是围绕足球展开的现代戏。\"},{\"type\":\"img\",\"src\":\"http://xinwei-oss-aliyun.oss-cn-beijing.aliyuncs.com/community/201904281451268940_300_600.jpg\",\"width\":\"640\",\"height\":\"790\"},{\"type\":\"text\",\"text\":\"\"},{\"type\":\"text\",\"text\":\"6.        拍古装戏会很辛苦么？\"},{\"type\":\"text\",\"text\":\"拍古装戏的时候很多打戏，化妆造型也比较麻烦，尤其很多需要特效的地方，并且还会出现很多在绿布面前演戏的情况。要说辛苦的话的确也没错，可是我觉得作为演员这些辛苦都是应该承担的，因为值得。对我来说最大的挑战可能是在台词方面，毕竟和现代戏不太一样，所以一些文言文的台词我需要格外的花时间去背，我也需要多读、多看、多去了解那段历史。整体来说，我们拍摄的过程中还都是比较顺利，我也还蛮喜欢这种武侠感的剧本。\"},{\"type\":\"text\",\"text\":\" \"},{\"type\":\"text\",\"text\":\"7.        分享一下你的爱情观吧！\"},{\"type\":\"text\",\"text\":\"我没有特别明确的要求让自己找一个什么样的恋人，我觉得感觉最重要。我相信两个人的缘分、感觉甚至来电的那种信号更为重要，就好像一见钟情一样，所以我其实并没有什么样的标准。\"},{\"type\":\"text\",\"text\":\" \"},{\"type\":\"text\",\"text\":\"8.        你如何评价你自己？\"},{\"type\":\"text\",\"text\":\"生活中我觉得自己就是一个比较好玩的人，我跟大家都比较玩得来，我也比较能够在一群朋友中来承担那个调节气氛的角色。工作中我比较认真，尤其我又是个处女座，特别的轴，不管是拍戏还是拍片子，我可能会想要更多的跟工作人员沟通，把事情做到完美。\"},{\"type\":\"text\",\"text\":\" \"},{\"type\":\"text\",\"text\":\"9.        你希望自己成为一个怎样的人？\"},{\"type\":\"text\",\"text\":\"我希望自己可以做一个无论经历过什么样的事情，依旧可以坚持做自己的人。做自己很重要。\"},{\"type\":\"text\",\"text\":\" \"},{\"type\":\"text\",\"text\":\"10.你对未来的自己有什么计划和要求？\"},{\"type\":\"text\",\"text\":\"对未来的自己的要求就是，好好拍戏，拍很多的戏，因为我还小（笑场）。\"}]', '0', '0', '0', '1', '陈子由', '1', '1556435623', '1556434290', '1');
INSERT INTO `xw_news_info` VALUES ('39', '1', '3', '新生代“狐狸少年”——李希侃，让我们一起聆听他的内心独白', 'http://xinwei-oss-aliyun.oss-cn-beijing.aliyuncs.com/community/201904281456351742_300_600.jpg', 'http://xinwei-oss-aliyun.oss-cn-beijing.aliyuncs.com/community/201904281456283859_300_600.jpg', '[{\"type\":\"text\",\"text\":\"新生代小将李希侃通过《偶像练习生》这个节目出现在我们的视野里。95后的他对待工作努力、认真还有谦逊的态度，让人看不出来他还只是个刚刚二十出头的人，工作之余，他偶尔流露出的狡黠与顽皮，让人觉得他就是一种可爱的“小狐狸”。\"},{\"type\":\"img\",\"src\":\"http://xinwei-oss-aliyun.oss-cn-beijing.aliyuncs.com/community/201904281456469228_300_600.jpg\",\"width\":\"640\",\"height\":\"797\"},{\"type\":\"text\",\"text\":\"所以这次我们选择用两种风格来表现李希侃。一个是温柔多情的黑发少年，一个是有着自己独特个性的潮流少年。不论是哪一种，李希侃都将他们完美的表现了出来。\"},{\"type\":\"img\",\"src\":\"http://xinwei-oss-aliyun.oss-cn-beijing.aliyuncs.com/community/201904281456566479_300_600.jpg\",\"width\":\"640\",\"height\":\"539\"},{\"type\":\"text\",\"text\":\"李希侃，浙江温州人。2016年被韩国cube公司星探发现；2017年回国发展成为麦锐娱乐公开练习生；2018年参加爱奇艺《偶像练习生》，最终以450万票获得第13名。\"},{\"type\":\"text\",\"text\":\"2018年以麦锐娱乐旗下男生偶像厂牌MR-X成员身份发布单曲《U&I》《ZIGZAG》《I don’t wanna fight tonight》；作为新晋特工出演优酷视频《火星情报局》第四季，并演唱主题曲《怪兽入侵》；作为飞行嘉宾出演腾讯视频《不可思议的妈妈2》、爱奇艺《奇妙的食光》。\"},{\"type\":\"img\",\"src\":\"http://xinwei-oss-aliyun.oss-cn-beijing.aliyuncs.com/community/201904281457068818_300_600.jpg\",\"width\":\"640\",\"height\":\"546\"}]', '0', '2', '0', '1', '李希侃', '1', '1556434631', '1556434631', '1');
INSERT INTO `xw_news_info` VALUES ('40', '1', '3', '肆意挥洒的花样年华——十二星宿之铿锵四人行', 'http://xinwei-oss-aliyun.oss-cn-beijing.aliyuncs.com/community/201904281457595669_300_600.jpg', 'http://xinwei-oss-aliyun.oss-cn-beijing.aliyuncs.com/community/201904281457555721_300_600.jpg', '[{\"type\":\"text\",\"text\":\"或阳光帅气，或调皮可爱，或大长腿，或反差萌，四个性格各异的少年演绎四种截然不同的风格，他们就是偶像团体组合“十二星宿”的成员之余崇鉴、刘淼麟、许明铮、王，不知此刻的你会pick哪一位呢？\"},{\"type\":\"text\",\"text\":\"阳光暖男——拥有王子般高贵宁静的气质\"},{\"type\":\"img\",\"src\":\"http://xinwei-oss-aliyun.oss-cn-beijing.aliyuncs.com/community/201904281458267385_300_600.jpg\",\"width\":\"640\",\"height\":\"954\"},{\"type\":\"img\",\"src\":\"http://xinwei-oss-aliyun.oss-cn-beijing.aliyuncs.com/community/201904281458303058_300_600.jpg\",\"width\":\"640\",\"height\":\"833\"},{\"type\":\"text\",\"text\":\"余崇鉴，1994年4月16日出生于江苏省常州市，中国内地男歌手，组合十二星宿风之少年成员，毕业于上海同济大学机械工程专业 。2017年1月15日，余崇鉴在漫画《通往舞蹈的日记》中以虚拟形象首次露面;2017年2月14日，随组合推出首支青春歌曲《嗨，亲》 ;3月28日，余崇鉴与管栎、刘淼麟以组合“十二星宿风之少年”\"},{\"type\":\"text\",\"text\":\"可爱忙内——吃可爱多长大的奶萌弟弟\"},{\"type\":\"text\",\"text\":\"\"},{\"type\":\"img\",\"src\":\"http://xinwei-oss-aliyun.oss-cn-beijing.aliyuncs.com/community/201904281458371432_300_600.jpg\",\"width\":\"640\",\"height\":\"636\"},{\"type\":\"img\",\"src\":\"http://xinwei-oss-aliyun.oss-cn-beijing.aliyuncs.com/community/201904281458444562_300_600.jpg\",\"width\":\"640\",\"height\":\"866\"},{\"type\":\"text\",\"text\":\"\"},{\"type\":\"text\",\"text\":\"高冷校草——被偶像事业“耽误”的气质超模\"},{\"type\":\"img\",\"src\":\"http://xinwei-oss-aliyun.oss-cn-beijing.aliyuncs.com/community/201904281458548764_300_600.jpg\",\"width\":\"640\",\"height\":\"824\"},{\"type\":\"img\",\"src\":\"http://xinwei-oss-aliyun.oss-cn-beijing.aliyuncs.com/community/201904281458598763_300_600.jpg\",\"width\":\"640\",\"height\":\"843\"},{\"type\":\"text\",\"text\":\"\"},{\"type\":\"img\",\"src\":\"http://xinwei-oss-aliyun.oss-cn-beijing.aliyuncs.com/community/201904281459198082_300_600.jpg\",\"width\":\"640\",\"height\":\"803\"},{\"type\":\"img\",\"src\":\"http://xinwei-oss-aliyun.oss-cn-beijing.aliyuncs.com/community/201904281459246447_300_600.jpg\",\"width\":\"640\",\"height\":\"960\"},{\"type\":\"text\",\"text\":\"\"}]', '0', '9', '0', '1', '阳光暖男,十二星宿', '1', '1556436185', '1556434871', '1');
INSERT INTO `xw_news_info` VALUES ('41', '1', '2', '一针一线绣聘婷', 'http://xinwei-oss-aliyun.oss-cn-beijing.aliyuncs.com/community/201904281533383139_300_600.jpg', 'http://xinwei-oss-aliyun.oss-cn-beijing.aliyuncs.com/community/201904281533259727_300_600.jpg', '[{\"type\":\"text\",\"text\":\"刺绣之美，美在精致，用五彩的丝线、晶莹的珠片描绘似锦的繁花与灵动的鸟兽。正所谓最美人间四月天，用缤纷的刺绣元素来配合这个美妙的季节，是《昕薇》能想到的最浪漫的事了……\"},{\"type\":\"text\",\"text\":\"ZARA\"},{\"type\":\"img\",\"src\":\"http://xinwei-oss-aliyun.oss-cn-beijing.aliyuncs.com/community/201904281534064882_300_600.jpg\",\"width\":\"5792\",\"height\":\"5792\"},{\"type\":\"text\",\"text\":\"服装信息：\"},{\"type\":\"text\",\"text\":\"\"},{\"type\":\"text\",\"text\":\"\"},{\"type\":\"text\",\"text\":\"\"},{\"type\":\"text\",\"text\":\"\"},{\"type\":\"text\",\"text\":\"\"},{\"type\":\"text\",\"text\":\"\"},{\"type\":\"text\",\"text\":\"清甜少女风\"},{\"type\":\"text\",\"text\":\"精巧的花朵刺绣在裙摆间一圈一圈弥漫开来，轻柔的薄纱材质仙气十足；银色的刺绣更是精美绝伦，色彩典雅且高贵。\"},{\"type\":\"img\",\"src\":\"http://xinwei-oss-aliyun.oss-cn-beijing.aliyuncs.com/community/201904281535373571_300_600.jpg\",\"width\":\"768\",\"height\":\"768\"},{\"type\":\"text\",\"text\":\"银黑色灯笼袖网衣/ZARA 199元\"},{\"type\":\"text\",\"text\":\"灰色刺绣吊带裙/莲灿 1699元\"},{\"type\":\"text\",\"text\":\"银色腰包/DISSONA 1598元\"},{\"type\":\"text\",\"text\":\"流苏短靴/COACH 新品未定价\"},{\"type\":\"img\",\"src\":\"http://xinwei-oss-aliyun.oss-cn-beijing.aliyuncs.com/community/201904281535578873_300_600.jpg\",\"width\":\"640\",\"height\":\"640\"},{\"type\":\"img\",\"src\":\"http://xinwei-oss-aliyun.oss-cn-beijing.aliyuncs.com/community/201904281536083107_300_600.jpg\",\"width\":\"5792\",\"height\":\"5792\"},{\"type\":\"text\",\"text\":\"木耳边刺绣上衣/ZARA 新品未定价\"},{\"type\":\"text\",\"text\":\"印花蓬蓬裙/新品未定价、黑色绑带鞋/新品未定价(均属COACH)\"},{\"type\":\"text\",\"text\":\"黑色刺绣吊带纱裙/莲灿 1599元\"},{\"type\":\"text\",\"text\":\"混搭牛仔款\"},{\"type\":\"text\",\"text\":\"材质碰撞新火花\"},{\"type\":\"text\",\"text\":\"浪漫的花朵刺绣结合牛仔材质，帅气中不失柔美，而卡通刺绣更具趣味性，与率性的牛仔材质相遇，打造出可爱个性的新风格。\"},{\"type\":\"img\",\"src\":\"http://xinwei-oss-aliyun.oss-cn-beijing.aliyuncs.com/community/201904281536446779_300_600.jpg\",\"width\":\"569\",\"height\":\"640\"},{\"type\":\"text\",\"text\":\"粉红色针织长裙/ZARA 299元\"},{\"type\":\"text\",\"text\":\"绣花翻领落肩牛仔外套/Amii 860元\"},{\"type\":\"text\",\"text\":\"花朵刺绣牛仔半裙/莲灿 699元\"},{\"type\":\"text\",\"text\":\"黑色短靴/COACH 新品未定价\"},{\"type\":\"text\",\"text\":\"空灵款雪花耳钉/angs 1958元\"},{\"type\":\"img\",\"src\":\"http://xinwei-oss-aliyun.oss-cn-beijing.aliyuncs.com/community/201904281539357608_300_600.jpg\",\"width\":\"683\",\"height\":\"768\"},{\"type\":\"img\",\"src\":\"http://xinwei-oss-aliyun.oss-cn-beijing.aliyuncs.com/community/201904281539443068_300_600.jpg\",\"width\":\"569\",\"height\":\"640\"},{\"type\":\"img\",\"src\":\"http://xinwei-oss-aliyun.oss-cn-beijing.aliyuncs.com/community/201904281539503908_300_600.jpg\",\"width\":\"5792\",\"height\":\"6516\"},{\"type\":\"text\",\"text\":\"黑色卡通刺绣T恤/3490元、卡通刺绣牛仔夹克/9890元、卡通刺绣手提包/6090元(均属MOSCHINO)\"},{\"type\":\"text\",\"text\":\"拼接牛仔半裙/Tutti Space 1180元\"},{\"type\":\"text\",\"text\":\"黑色绑带鞋/COACH 新品未定价\"},{\"type\":\"text\",\"text\":\"缤纷款雪花耳钉/angs 936元\"},{\"type\":\"img\",\"src\":\"http://xinwei-oss-aliyun.oss-cn-beijing.aliyuncs.com/community/201904281540373608_300_600.jpg\",\"width\":\"569\",\"height\":\"640\"},{\"type\":\"img\",\"src\":\"http://xinwei-oss-aliyun.oss-cn-beijing.aliyuncs.com/community/201904281540466894_300_600.jpg\",\"width\":\"569\",\"height\":\"640\"},{\"type\":\"text\",\"text\":\"黑色波点网纱衬衫裙/399元、黑色刺绣吊带/新品未定价(均属ZARA)\"},{\"type\":\"text\",\"text\":\"刺绣牛仔裤/莲灿 699元\"},{\"type\":\"text\",\"text\":\"银色高跟鞋/ERMANNO SCERVINO 新品未定价\"},{\"type\":\"text\",\"text\":\"\"},{\"type\":\"text\",\"text\":\"气质淑女范儿\"},{\"type\":\"text\",\"text\":\"淑女的花样选择\"},{\"type\":\"text\",\"text\":\"色彩丰富的花朵刺绣遍布在裙身之上，无论是长裙还是短裙，各有气质，搭配亮片夹克、牛仔外套、小西装演绎出不同的淑女风格。\"},{\"type\":\"img\",\"src\":\"http://xinwei-oss-aliyun.oss-cn-beijing.aliyuncs.com/community/201904281541597389_300_600.jpg\",\"width\":\"569\",\"height\":\"640\"},{\"type\":\"text\",\"text\":\"缎面蝴蝶结亮片棒球夹克/needle&thread 2900元\"},{\"type\":\"text\",\"text\":\"粉色刺绣半裙/莲灿 1199元\"},{\"type\":\"text\",\"text\":\"白色高跟鞋/DUOHUA&VIVINER 1969元\"},{\"type\":\"text\",\"text\":\"白色挎包/LACOSTE 1190元\"},{\"type\":\"text\",\"text\":\"缤纷款雪花耳钉/angs 936元\"},{\"type\":\"img\",\"src\":\"http://xinwei-oss-aliyun.oss-cn-beijing.aliyuncs.com/community/201904281542249678_300_600.jpg\",\"width\":\"569\",\"height\":\"640\"},{\"type\":\"text\",\"text\":\"花朵刺绣连衣裙/莲灿1999元\"},{\"type\":\"text\",\"text\":\"黑色针织背心/ZARA 新品未定价\"},{\"type\":\"text\",\"text\":\"格纹西装外套/Tutti Space 1780元\"},{\"type\":\"text\",\"text\":\"玫红色高跟鞋/DUOHUA&VIVINER 1969元\"},{\"type\":\"text\",\"text\":\"黑色腰包/编辑私物\"},{\"type\":\"text\",\"text\":\"空灵款雪花耳钉/angs 1958元\"},{\"type\":\"img\",\"src\":\"http://xinwei-oss-aliyun.oss-cn-beijing.aliyuncs.com/community/201904281542413741_300_600.jpg\",\"width\":\"569\",\"height\":\"640\"},{\"type\":\"text\",\"text\":\"白色刺绣T恤/499元、黑色刺绣半裙/1399元(均属莲灿)\"},{\"type\":\"text\",\"text\":\"刺绣水洗牛仔外套/Amii 899元\"},{\"type\":\"text\",\"text\":\"红色小挎包/DISSONA 1198元\"},{\"type\":\"text\",\"text\":\"眼镜/VOSS 2600元\"},{\"type\":\"text\",\"text\":\"缤纷款雪花耳钉/936元、空灵款雪花耳钉/1958元(均属angs)\"},{\"type\":\"text\",\"text\":\"\"},{\"type\":\"text\",\"text\":\"百变外套\"},{\"type\":\"text\",\"text\":\"细节点亮整体\"},{\"type\":\"text\",\"text\":\"常见的外套单品增添了刺绣装饰后瞬间变得与众不同，既可青春靓丽，又可气场十足，花样风格随机切换。\"},{\"type\":\"img\",\"src\":\"http://xinwei-oss-aliyun.oss-cn-beijing.aliyuncs.com/community/201904281543227034_300_600.jpg\",\"width\":\"5148\",\"height\":\"5792\"},{\"type\":\"text\",\"text\":\"花朵刺绣外套/1399元、花朵刺绣短裤/799元(均属莲灿)\"},{\"type\":\"text\",\"text\":\"黑色字母刺绣T恤/MOSCHINO 4090元\"},{\"type\":\"text\",\"text\":\"绿色印花中筒袜/socksocks 49元\"},{\"type\":\"text\",\"text\":\"流苏短靴/COACH 新品未定价\"},{\"type\":\"text\",\"text\":\"绿色小挎包/DISSONA 1198元\"},{\"type\":\"text\",\"text\":\"空灵款雪花耳钉/angs 1958元\"},{\"type\":\"img\",\"src\":\"http://xinwei-oss-aliyun.oss-cn-beijing.aliyuncs.com/community/201904281543437157_300_600.jpg\",\"width\":\"569\",\"height\":\"640\"},{\"type\":\"text\",\"text\":\"黑色吊带/12.95美元、黑色流苏半裙/新品未定价、刺绣亮片大衣/新品未定价、棕色腰带/新品未定价(均属ZARA)\"},{\"type\":\"img\",\"src\":\"http://xinwei-oss-aliyun.oss-cn-beijing.aliyuncs.com/community/201904281544072104_300_600.jpg\",\"width\":\"745\",\"height\":\"768\"},{\"type\":\"text\",\"text\":\"蓝色刺绣连衣裙/莲灿 999元\"},{\"type\":\"text\",\"text\":\"格纹刺绣大衣/Amii 1299元\"},{\"type\":\"text\",\"text\":\"棕色腰带/ZARA 新品未定价\"},{\"type\":\"text\",\"text\":\"缤纷款雪花耳钉/angs 936元\"}]', '0', '0', '0', '1', '刺绣', '1', '1556437460', '1556437460', '1');
INSERT INTO `xw_news_info` VALUES ('81', '3', '1', '标题', 'http://xinwei-oss-aliyun.oss-cn-beijing.aliyuncs.com/community/201904291538358516_300_600.jpg', 'http://xinwei-oss-aliyun.oss-cn-beijing.aliyuncs.com/community/201904291538321589_300_600.jpg', '[{\"type\":\"img\",\"src\":\"http://xinwei-oss-aliyun.oss-cn-beijing.aliyuncs.com/community/201904291538407358_300_600.jpg\",\"width\":\"1500\",\"height\":\"970\"},{\"type\":\"text\",\"text\":\"德生科技军军军军军军军军军付或多扩付或汇顶科技更好地发挥鬼如果\"}]', '0', '0', '0', '1', '的红烧冬瓜', '-1', '1556525751', '1556523529', '1');
INSERT INTO `xw_news_info` VALUES ('82', '1', '3', '大法式', 'http://xinwei-oss-aliyun.oss-cn-beijing.aliyuncs.com/community/201904291541151967_300_600.jpg', 'http://xinwei-oss-aliyun.oss-cn-beijing.aliyuncs.com/community/201904291540496284_300_600.jpg', '[{\"type\":\"text\",\"text\":\"\"}]', '0', '0', '0', '1', '但是', '-1', '1556525748', '1556523712', '1');
INSERT INTO `xw_news_info` VALUES ('44', '1', '2', '挚爱包包的春日物语', 'http://xinwei-oss-aliyun.oss-cn-beijing.aliyuncs.com/community/201904281606183059_300_600.jpg', 'http://xinwei-oss-aliyun.oss-cn-beijing.aliyuncs.com/community/201904281606103146_300_600.jpg', '[{\"type\":\"text\",\"text\":\"暮春时节仿佛更适合浪漫优雅，更好地诠释精致的氛围。在这个春天最后的时光里，用饱含浪漫的包包装点你的搭配，为你的世界增添一抹亮丽，打造出你眼中的浪漫春色吧！\"},{\"type\":\"text\",\"text\":\" \"},{\"type\":\"text\",\"text\":\"策划、执行&文字/仰洁 摄影/李峰 品牌提供/COCCINELLE、DISSONA、HAVMOON form &nbsp;I.T、JIMMY CHOO、Valentino\"},{\"type\":\"text\",\"text\":\"大胆火热的正红色\"},{\"type\":\"text\",\"text\":\"用最正的颜色打造最精致的自己\"},{\"type\":\"text\",\"text\":\"Valentino以精致的做工和精准的用色来俘获人心，柔软的皮质和精细的做工都无可挑剔。在这个即将迎来新季节的四月，用最浓郁的正红色来诠释独一无二的你吧！\"},{\"type\":\"img\",\"src\":\"http://xinwei-oss-aliyun.oss-cn-beijing.aliyuncs.com/community/201904281606578163_300_600.jpg\",\"width\":\"427\",\"height\":\"640\"},{\"type\":\"text\",\"text\":\"\"},{\"type\":\"text\",\"text\":\"\"},{\"type\":\"text\",\"text\":\"\"},{\"type\":\"text\",\"text\":\"少女感满满的粉红色\"},{\"type\":\"text\",\"text\":\"永远保持一颗少女心\"},{\"type\":\"text\",\"text\":\"\"},{\"type\":\"text\",\"text\":\"提到少女感的颜色，粉色是当之无愧的色彩。这次我们用几个不同层次的粉色来分别展现少女色系带来的魅力。\"},{\"type\":\"img\",\"src\":\"http://xinwei-oss-aliyun.oss-cn-beijing.aliyuncs.com/community/201904281607578118_300_600.jpg\",\"width\":\"427\",\"height\":\"640\"},{\"type\":\"text\",\"text\":\"\"},{\"type\":\"text\",\"text\":\"\"},{\"type\":\"text\",\"text\":\"\"},{\"type\":\"text\",\"text\":\"\"},{\"type\":\"text\",\"text\":\"明艳活泼的黄色\"},{\"type\":\"text\",\"text\":\"变美从换包包开始\"},{\"type\":\"text\",\"text\":\" \"},{\"type\":\"text\",\"text\":\"高级的外表设计和皮质给人一种高贵奢华的感觉。明艳欢快的黄色使整体看上去更加俏皮活泼。精致淑女的搭扣混合着复古感，动人心弦。\"},{\"type\":\"img\",\"src\":\"http://xinwei-oss-aliyun.oss-cn-beijing.aliyuncs.com/community/201904281608187962_300_600.jpg\",\"width\":\"640\",\"height\":\"640\"},{\"type\":\"text\",\"text\":\"\"},{\"type\":\"text\",\"text\":\"\"},{\"type\":\"text\",\"text\":\"\"},{\"type\":\"text\",\"text\":\"\"},{\"type\":\"text\",\"text\":\"清新高级的蓝色\"},{\"type\":\"text\",\"text\":\"清新的蓝色给你治愈系的温暖\"},{\"type\":\"text\",\"text\":\" \"},{\"type\":\"text\",\"text\":\"不论是条纹款的拼接设计，还是整体都是天蓝色的经典造型，都可以唤醒深藏在我们内心的已久的温暖。安逸平静的颜色带来的是内心真正的赤诚和善良。\"},{\"type\":\"img\",\"src\":\"http://xinwei-oss-aliyun.oss-cn-beijing.aliyuncs.com/community/201904281608506601_300_600.jpg\",\"width\":\"640\",\"height\":\"640\"},{\"type\":\"text\",\"text\":\"\"},{\"type\":\"text\",\"text\":\"\"},{\"type\":\"text\",\"text\":\"\"},{\"type\":\"text\",\"text\":\"\"},{\"type\":\"text\",\"text\":\"\"},{\"type\":\"text\",\"text\":\"\"}]', '0', '2', '0', '1', '春日', '1', '1556438938', '1556438938', '1');
INSERT INTO `xw_news_info` VALUES ('45', '1', '2', '返璞归真，自然系时装潮流致敬地球日', 'http://xinwei-oss-aliyun.oss-cn-beijing.aliyuncs.com/community/201904281627569259_300_600.jpg', 'http://xinwei-oss-aliyun.oss-cn-beijing.aliyuncs.com/community/201904281627507101_300_600.jpg', '[{\"type\":\"text\",\"text\":\"\"},{\"type\":\"text\",\"text\":\"\"},{\"type\":\"text\",\"text\":\"大地The Earth\"},{\"type\":\"text\",\"text\":\" 棕色系、褐色系、藕荷色等源于大地的颜色在新一季时装里出现频繁，给人以淡雅、温暖的感觉，也适合皮肤偏暗的亚洲女孩。\"},{\"type\":\"img\",\"src\":\"http://xinwei-oss-aliyun.oss-cn-beijing.aliyuncs.com/community/201904281628362674_300_600.jpg\",\"width\":\"569\",\"height\":\"640\"},{\"type\":\"text\",\"text\":\"\"},{\"type\":\"text\",\"text\":\"\"},{\"type\":\"text\",\"text\":\"\"},{\"type\":\"text\",\"text\":\"\"},{\"type\":\"text\",\"text\":\"大地The Earth\"},{\"type\":\"text\",\"text\":\" \"},{\"type\":\"text\",\"text\":\"落叶、植物、土壤等事物的颜色浑然天成，无需过度加工便是高级的样子。\"},{\"type\":\"img\",\"src\":\"http://xinwei-oss-aliyun.oss-cn-beijing.aliyuncs.com/community/201904281629212455_300_600.jpg\",\"width\":\"819\",\"height\":\"768\"},{\"type\":\"text\",\"text\":\"\"},{\"type\":\"text\",\"text\":\"\"},{\"type\":\"text\",\"text\":\"\"},{\"type\":\"text\",\"text\":\"\"},{\"type\":\"img\",\"src\":\"http://xinwei-oss-aliyun.oss-cn-beijing.aliyuncs.com/community/201904281629357068_300_600.jpg\",\"width\":\"683\",\"height\":\"640\"},{\"type\":\"text\",\"text\":\"\"},{\"type\":\"text\",\"text\":\"\"},{\"type\":\"text\",\"text\":\"\"},{\"type\":\"text\",\"text\":\"\"},{\"type\":\"text\",\"text\":\"\"},{\"type\":\"text\",\"text\":\"\"},{\"type\":\"text\",\"text\":\"天空The Sky\"},{\"type\":\"text\",\"text\":\"\"},{\"type\":\"img\",\"src\":\"http://xinwei-oss-aliyun.oss-cn-beijing.aliyuncs.com/community/201904281630059369_300_600.jpg\",\"width\":\"683\",\"height\":\"768\"},{\"type\":\"text\",\"text\":\"\"},{\"type\":\"text\",\"text\":\"\"},{\"type\":\"text\",\"text\":\"\"},{\"type\":\"text\",\"text\":\"\"},{\"type\":\"text\",\"text\":\"\"},{\"type\":\"text\",\"text\":\"\"},{\"type\":\"text\",\"text\":\"\"},{\"type\":\"text\",\"text\":\"\"},{\"type\":\"img\",\"src\":\"http://xinwei-oss-aliyun.oss-cn-beijing.aliyuncs.com/community/201904281631172674_300_600.jpg\",\"width\":\"569\",\"height\":\"640\"},{\"type\":\"text\",\"text\":\"\"},{\"type\":\"text\",\"text\":\"\"},{\"type\":\"text\",\"text\":\"\"},{\"type\":\"text\",\"text\":\"\"},{\"type\":\"text\",\"text\":\"\"},{\"type\":\"text\",\"text\":\"水Water\"},{\"type\":\"text\",\"text\":\"我们会想，水有颜色吗？接着脑海中会不自觉蹦出一个答案：有，大众眼里的无色、绿色和蓝色以及独属于你的任何一种颜色。\"},{\"type\":\"img\",\"src\":\"http://xinwei-oss-aliyun.oss-cn-beijing.aliyuncs.com/community/201904281632297233_300_600.jpg\",\"width\":\"683\",\"height\":\"768\"},{\"type\":\"text\",\"text\":\"\"},{\"type\":\"text\",\"text\":\"\"},{\"type\":\"text\",\"text\":\"\"},{\"type\":\"text\",\"text\":\"\"},{\"type\":\"text\",\"text\":\"\"},{\"type\":\"text\",\"text\":\"\"},{\"type\":\"text\",\"text\":\"\"},{\"type\":\"text\",\"text\":\"\"},{\"type\":\"text\",\"text\":\"亮片元素或许是以湖中的美人鱼为灵感，抑或只是创作者被午后湖面的波光和倒影给迷住了而已。\"},{\"type\":\"img\",\"src\":\"http://xinwei-oss-aliyun.oss-cn-beijing.aliyuncs.com/community/201904281633025883_300_600.png\",\"width\":\"608\",\"height\":\"702\"},{\"type\":\"text\",\"text\":\"\"},{\"type\":\"text\",\"text\":\"\"},{\"type\":\"text\",\"text\":\"\"},{\"type\":\"text\",\"text\":\"\"},{\"type\":\"text\",\"text\":\"\"},{\"type\":\"text\",\"text\":\"\"},{\"type\":\"img\",\"src\":\"http://xinwei-oss-aliyun.oss-cn-beijing.aliyuncs.com/community/201904281633457755_300_600.jpg\",\"width\":\"640\",\"height\":\"640\"},{\"type\":\"text\",\"text\":\"\"},{\"type\":\"text\",\"text\":\"\"},{\"type\":\"text\",\"text\":\"\"},{\"type\":\"text\",\"text\":\"\"},{\"type\":\"text\",\"text\":\"\"},{\"type\":\"text\",\"text\":\"\"},{\"type\":\"text\",\"text\":\"空气\"},{\"type\":\"text\",\"text\":\"The Air\"},{\"type\":\"text\",\"text\":\"\"},{\"type\":\"img\",\"src\":\"http://xinwei-oss-aliyun.oss-cn-beijing.aliyuncs.com/community/201904281634349250_300_600.jpg\",\"width\":\"640\",\"height\":\"640\"},{\"type\":\"text\",\"text\":\"\"},{\"type\":\"img\",\"src\":\"http://xinwei-oss-aliyun.oss-cn-beijing.aliyuncs.com/community/201904281634411656_300_600.jpg\",\"width\":\"427\",\"height\":\"640\"},{\"type\":\"text\",\"text\":\"\"},{\"type\":\"text\",\"text\":\"\"},{\"type\":\"text\",\"text\":\"\"},{\"type\":\"text\",\"text\":\"\"},{\"type\":\"text\",\"text\":\"\"},{\"type\":\"text\",\"text\":\"\"},{\"type\":\"text\",\"text\":\"“三生万物”羽毛珍珠耳夹/MOOLY 228元\"},{\"type\":\"text\",\"text\":\"\"},{\"type\":\"text\",\"text\":\"今年春夏，我们同样可以用毛茸茸的单品来点缀生活。一个羽毛耳饰，就让人感受到空气的流动与内心的宁静\"},{\"type\":\"img\",\"src\":\"http://xinwei-oss-aliyun.oss-cn-beijing.aliyuncs.com/community/201904281635135354_300_600.jpg\",\"width\":\"640\",\"height\":\"640\"},{\"type\":\"text\",\"text\":\"\"},{\"type\":\"text\",\"text\":\"\"},{\"type\":\"text\",\"text\":\"\"},{\"type\":\"text\",\"text\":\"\"},{\"type\":\"text\",\"text\":\"\"},{\"type\":\"text\",\"text\":\"\"},{\"type\":\"img\",\"src\":\"http://xinwei-oss-aliyun.oss-cn-beijing.aliyuncs.com/community/201904281635363978_300_600.jpg\",\"width\":\"720\",\"height\":\"720\"},{\"type\":\"text\",\"text\":\"\"},{\"type\":\"text\",\"text\":\"\"},{\"type\":\"text\",\"text\":\"\"},{\"type\":\"text\",\"text\":\"\"},{\"type\":\"text\",\"text\":\"\"}]', '1', '7', '1', '1', '自然系', '1', '1556440547', '1556440547', '1');
INSERT INTO `xw_news_info` VALUES ('46', '1', '2', '一条牛仔裤是如何成长为吸睛神器的', 'http://xinwei-oss-aliyun.oss-cn-beijing.aliyuncs.com/community/201904281950073688_300_600.jpg', 'http://xinwei-oss-aliyun.oss-cn-beijing.aliyuncs.com/community/201904281950018583_300_600.jpg', '[{\"type\":\"text\",\"text\":\"以接地气著称的牛仔裤将时尚拉下“神坛”，成为不分性别的大众单品，你可以没有昂贵包袋，但你无法抗拒一条牛仔裤带给你不分四季的舒适感。\"},{\"type\":\"text\",\"text\":\"背带款\"},{\"type\":\"text\",\"text\":\"背带牛仔裤可以搭配露脐装和印花外套，有几分中性，带点张扬的态度，打造极致街头造型。\"},{\"type\":\"img\",\"src\":\"http://xinwei-oss-aliyun.oss-cn-beijing.aliyuncs.com/community/201904281953171171_300_600.png\",\"width\":\"459\",\"height\":\"696\"},{\"type\":\"text\",\"text\":\"基础款\"},{\"type\":\"text\",\"text\":\"基础款牛仔裤一般以纯色、紧身设计为主，其中黑色和灰色修饰腿型的效果更佳。白色容易造成视觉膨胀感，靛蓝色最经典，是牛仔裤诞生最初的颜色之一，属于保险选择范围内。\"},{\"type\":\"img\",\"src\":\"http://xinwei-oss-aliyun.oss-cn-beijing.aliyuncs.com/community/201904281954174206_300_600.jpg\",\"width\":\"512\",\"height\":\"768\"},{\"type\":\"img\",\"src\":\"http://xinwei-oss-aliyun.oss-cn-beijing.aliyuncs.com/community/201904282001408157_300_600.png\",\"width\":\"457\",\"height\":\"696\"},{\"type\":\"text\",\"text\":\"毛边设计\"},{\"type\":\"text\",\"text\":\"以基础款牛仔裤为原型，时尚客们又不断加入了新的细节和元素。毛边设计和单宁的属性一致，有种没做完的“不完美之美”。适合搭配全黑造型，融入铆钉元素、局部彩色等丰富整体细节，或是用裙装混搭，进行刚柔碰撞。\"},{\"type\":\"img\",\"src\":\"http://xinwei-oss-aliyun.oss-cn-beijing.aliyuncs.com/community/201904282003324708_300_600.png\",\"width\":\"468\",\"height\":\"699\"},{\"type\":\"img\",\"src\":\"http://xinwei-oss-aliyun.oss-cn-beijing.aliyuncs.com/community/201904282005111273_300_600.png\",\"width\":\"457\",\"height\":\"688\"},{\"type\":\"text\",\"text\":\"字母印花\"},{\"type\":\"text\",\"text\":\"字母印花牛仔裤比起毛边牛仔裤要更为张扬一些，倒不妨用同样出挑的人像印花、标语等风格鲜明的街头元素组合在一起，达到整体和谐、一致的效果。\"},{\"type\":\"img\",\"src\":\"http://xinwei-oss-aliyun.oss-cn-beijing.aliyuncs.com/community/201904282007176590_300_600.png\",\"width\":\"448\",\"height\":\"685\"},{\"type\":\"img\",\"src\":\"http://xinwei-oss-aliyun.oss-cn-beijing.aliyuncs.com/community/201904282007347999_300_600.png\",\"width\":\"465\",\"height\":\"696\"},{\"type\":\"text\",\"text\":\"破洞细节\"},{\"type\":\"text\",\"text\":\"不可否认，那条我只敢偷偷穿，妈妈看到后会忍不住想缝两针的破洞牛仔裤才是我的最爱。而关于搭配问题，我倾向于用复古风格的荷叶边、珍珠、流苏等“华丽”单品给破洞仔裤来一次有趣的“时空穿越之旅”。\"},{\"type\":\"text\",\"text\":\"彩色款\"},{\"type\":\"img\",\"src\":\"http://xinwei-oss-aliyun.oss-cn-beijing.aliyuncs.com/community/201904282009169159_300_600.jpg\",\"width\":\"512\",\"height\":\"768\"},{\"type\":\"img\",\"src\":\"http://xinwei-oss-aliyun.oss-cn-beijing.aliyuncs.com/community/201904282009228835_300_600.png\",\"width\":\"447\",\"height\":\"657\"},{\"type\":\"img\",\"src\":\"http://xinwei-oss-aliyun.oss-cn-beijing.aliyuncs.com/community/201904282009547838_300_600.png\",\"width\":\"552\",\"height\":\"702\"},{\"type\":\"img\",\"src\":\"http://xinwei-oss-aliyun.oss-cn-beijing.aliyuncs.com/community/201904282010302042_300_600.jpg\",\"width\":\"512\",\"height\":\"768\"},{\"type\":\"text\",\"text\":\"好“色”之徒才不理会所谓的色彩搭配原则！事实上，只要色彩之间的比例、位置、饱和度等分布合理，全身上下超过3种颜色也完全不是问题。我的建议就是：比起默守成规，大胆尝试各种可能才是时尚最迷人的地方所在。\"},{\"type\":\"img\",\"src\":\"http://xinwei-oss-aliyun.oss-cn-beijing.aliyuncs.com/community/201904282012524470_300_600.png\",\"width\":\"458\",\"height\":\"705\"},{\"type\":\"img\",\"src\":\"http://xinwei-oss-aliyun.oss-cn-beijing.aliyuncs.com/community/201904282012583954_300_600.png\",\"width\":\"443\",\"height\":\"683\"},{\"type\":\"text\",\"text\":\"局部装饰\"},{\"type\":\"text\",\"text\":\"彩钻装饰的单宁搭配同一系列的钻饰牛仔外套，细节已经足够丰富，内搭尽量选择基础色单品。\"},{\"type\":\"text\",\"text\":\"腰部链条装饰的牛仔裤可以搭配衬衫打造随性感觉，再以皮质外套收尾，丰富层次感。\"},{\"type\":\"text\",\"text\":\"总之，本身已有丰富细节设计的牛仔裤在搭配时尽量简化其他单品，以突出牛仔裤本身的质感。\"},{\"type\":\"img\",\"src\":\"http://xinwei-oss-aliyun.oss-cn-beijing.aliyuncs.com/community/201904282013366849_300_600.png\",\"width\":\"449\",\"height\":\"661\"},{\"type\":\"img\",\"src\":\"http://xinwei-oss-aliyun.oss-cn-beijing.aliyuncs.com/community/201904282013434400_300_600.jpg\",\"width\":\"512\",\"height\":\"512\"},{\"type\":\"text\",\"text\":\"仿旧设计\"},{\"type\":\"text\",\"text\":\"仿旧牛仔裤经过水洗工艺的加工之后，散发天然粗粝的美感。搭配时只需注意不同廓形的牛仔裤应该搭配不同廓形的上装。简单来讲就是：上松下紧，上紧下松。\"},{\"type\":\"img\",\"src\":\"http://xinwei-oss-aliyun.oss-cn-beijing.aliyuncs.com/community/201904282014385384_300_600.png\",\"width\":\"434\",\"height\":\"665\"},{\"type\":\"img\",\"src\":\"http://xinwei-oss-aliyun.oss-cn-beijing.aliyuncs.com/community/201904282014455986_300_600.png\",\"width\":\"438\",\"height\":\"669\"},{\"type\":\"text\",\"text\":\"\"}]', '0', '1', '0', '1', '牛仔裤,牛仔', '2', '1556522677', '1556452593', '1');
INSERT INTO `xw_news_info` VALUES ('80', '1', '1', '哈哈哈哈', 'http://xinwei-oss-aliyun.oss-cn-beijing.aliyuncs.com/community/201904291528377115_300_600.jpg', 'http://xinwei-oss-aliyun.oss-cn-beijing.aliyuncs.com/community/201904291528332301_300_600.jpg', '[{\"type\":\"text\",\"text\":\"\"}]', '0', '5', '0', '1', '验收,时尚,', '-1', '1556525746', '1556522973', '2');
INSERT INTO `xw_news_info` VALUES ('47', '1', '2', '春天唱诗班Nature Chorus', 'http://xinwei-oss-aliyun.oss-cn-beijing.aliyuncs.com/community/201904282018249196_300_600.jpg', 'http://xinwei-oss-aliyun.oss-cn-beijing.aliyuncs.com/community/201904282018194509_300_600.jpg', '[{\"type\":\"text\",\"text\":\"春夏交汇之际，万物仿佛都莫名兴奋起来。蚂蚁一如往常地勤恳劳作，蜻蜓站在枝头眺望、蝴蝶俯身于树干小憩，时间就在这大好光景中一寸一寸地溜走……\"},{\"type\":\"img\",\"src\":\"http://xinwei-oss-aliyun.oss-cn-beijing.aliyuncs.com/community/201904282020343933_300_600.png\",\"width\":\"940\",\"height\":\"511\"},{\"type\":\"img\",\"src\":\"http://xinwei-oss-aliyun.oss-cn-beijing.aliyuncs.com/community/201904282021102731_300_600.png\",\"width\":\"683\",\"height\":\"705\"},{\"type\":\"img\",\"src\":\"http://xinwei-oss-aliyun.oss-cn-beijing.aliyuncs.com/community/201904282021409618_300_600.png\",\"width\":\"676\",\"height\":\"694\"},{\"type\":\"img\",\"src\":\"http://xinwei-oss-aliyun.oss-cn-beijing.aliyuncs.com/community/201904282021595582_300_600.png\",\"width\":\"523\",\"height\":\"667\"},{\"type\":\"text\",\"text\":\"\"}]', '3', '8', '1', '1', '春天唱诗', '1', '1556536971', '1556454165', '1');
INSERT INTO `xw_news_info` VALUES ('85', '3', '11', '中国女孩大赛', 'http://xinwei-oss-aliyun.oss-cn-beijing.aliyuncs.com/community/201904301027235991_300_600.png', 'http://xinwei-oss-aliyun.oss-cn-beijing.aliyuncs.com/community/201904301027228493_300_600.png', '[{\"type\":\"text\",\"text\":\"2019昕薇中国女孩大赛10周年开赛在即，众多明星喊你来参赛！\"},{\"type\":\"text\",\"text\":\"\"},{\"type\":\"text\",\"text\":\"\"},{\"type\":\"text\",\"text\":\"\"},{\"type\":\"text\",\"text\":\"\\t今年，是昕薇中国女孩大赛的第十个年头，与以往的比赛相比，今年的比赛除了延续去年的比赛基础赛制，还特别为每一个参赛女生打造了“比赛个人主页”，让每一位参赛的选手都可以在自己的主页上尽情展示才艺，通过获得更多粉丝的关注来为自己拉高比赛人气。\"},{\"type\":\"video\",\"src\":\"http://xinwei-oss-aliyun.oss-cn-beijing.aliyuncs.com/community/201904301144393929_300_600.mp4\"},{\"type\":\"text\",\"text\":\"\"},{\"type\":\"text\",\"text\":\"\\t比赛预计于今年5月底正式开赛。比赛赛制仍然分为四个阶段：分赛区比赛、线上比赛、大赛训练营、决赛。其中，分赛区的比赛以华北、华东、华南、西北、东北、西南六大赛区为基准，特邀了众多城市的合作伙伴参与赛事，共襄盛举，他们是：\"},{\"type\":\"text\",\"text\":\"\"},{\"type\":\"text\",\"text\":\"\\t为了通过比赛选拔的优秀选手能够拥有更强大的造梦舞台，今年昕薇杂志特别打造了舞台剧《搜狐记》，这是一部取材于《聊斋志异》故事改编而成的舞台剧，以几位美丽狐女的爱情故事为主线，这是一部为大赛选手量身定制的剧目，本届大赛的获奖优秀选手即有机会成为《搜狐记》的女主角之一。\"},{\"type\":\"text\",\"text\":\"\"},{\"type\":\"text\",\"text\":\"\\t除了会获得演剧的机会，优秀选手仍然有登上《昕薇》杂志封面、参与《昕薇》杂志和昕薇自媒体拍摄的机会，10强选手也一样有机会参与昕薇海外节目的拍摄制作。\"},{\"type\":\"video\",\"src\":\"http://xinwei-oss-aliyun.oss-cn-beijing.aliyuncs.com/community/201904301145129981_300_600.mp4\"},{\"type\":\"text\",\"text\":\"\"},{\"type\":\"text\",\"text\":\"\\t对于想通过比赛提升自己的女生，昕薇星学院一如既往地是你最好的助力。凡大赛的报名参赛选手，一样有机会以优惠的价格获得昕薇星学院的培训课程。\"},{\"type\":\"text\",\"text\":\"\"},{\"type\":\"text\",\"text\":\"（需确认名字）在内的明星艺人纷纷给今年的参赛女生送上了自己的祝福。\"},{\"type\":\"text\",\"text\":\"\"},{\"type\":\"text\",\"text\":\"\\t还等什么，通过以下方式，即可报名参赛，梦想不要等待，梦想就在今天，2019，就要你红！\"},{\"type\":\"text\",\"text\":\"\"},{\"type\":\"text\",\"text\":\"\\t请通过以下方式进行报名：\"},{\"type\":\"text\",\"text\":\"\"},{\"type\":\"text\",\"text\":\"\\t2019昕薇中国女孩大赛合作媒体名单：\"}]', '0', '9', '0', '1', '', '2', '1556595981', '1556591250', '1');
INSERT INTO `xw_news_info` VALUES ('48', '1', '2', '“昕”女孩的旅行穿搭手册', 'http://xinwei-oss-aliyun.oss-cn-beijing.aliyuncs.com/community/201904282024583832_300_600.jpg', 'http://xinwei-oss-aliyun.oss-cn-beijing.aliyuncs.com/community/201904282024505358_300_600.jpg', '[{\"type\":\"text\",\"text\":\"女孩子最头疼的事情，就是出门旅行想把自己所有的衣服都装到行李箱去，只是这样就会导致出行不便。本期《昕薇》将会教给大家如何挑选出游装备，让你轻装上阵的同时也能靓丽动人。\"},{\"type\":\"text\",\"text\":\"策划、执行&文字/仰洁 摄影/何允乐 妆发/陈颖 模特/姜小佩(东方宾利) 品牌提供/AMII、Bershaka、DISSONA、JNBY、Lacoste、less、MO&Co.、MONKI、MOSCHINO、PEACEBIRD WOMEN、PULL&BEAR、SYU SYU HAN\"},{\"type\":\"text\",\"text\":\"九天可以同时掌握两种风格\"},{\"type\":\"text\",\"text\":\"这个春天的与众不同就取决于你的出行穿搭。只需要九件亮眼单品，百变的个性风采立刻展现。\"},{\"type\":\"img\",\"src\":\"http://xinwei-oss-aliyun.oss-cn-beijing.aliyuncs.com/community/201904282025353794_300_600.jpg\",\"width\":\"512\",\"height\":\"768\"},{\"type\":\"text\",\"text\":\"\"},{\"type\":\"text\",\"text\":\"\"},{\"type\":\"text\",\"text\":\"同为浅色系的服装搭配淡彩色的发卡和耳饰，让甜美感刚刚好。\"},{\"type\":\"img\",\"src\":\"http://xinwei-oss-aliyun.oss-cn-beijing.aliyuncs.com/community/201904282025535563_300_600.jpg\",\"width\":\"427\",\"height\":\"640\"},{\"type\":\"text\",\"text\":\"\"},{\"type\":\"text\",\"text\":\"亮黄色无袖连衣裙个性十足，搭配半高领衬衫，平添了几分小女生的俏皮感。\"},{\"type\":\"text\",\"text\":\"粉色与白色的绝佳搭配让整个造型散发出迷人女人味。\"},{\"type\":\"img\",\"src\":\"http://xinwei-oss-aliyun.oss-cn-beijing.aliyuncs.com/community/201904282026137222_300_600.jpg\",\"width\":\"512\",\"height\":\"640\"},{\"type\":\"text\",\"text\":\"\"},{\"type\":\"text\",\"text\":\"衬衫和牛仔的随性搭配，在增加造型层次感的同时令休闲风更时尚。\"},{\"type\":\"img\",\"src\":\"http://xinwei-oss-aliyun.oss-cn-beijing.aliyuncs.com/community/201904282026292180_300_600.jpg\",\"width\":\"427\",\"height\":\"640\"},{\"type\":\"text\",\"text\":\"\"},{\"type\":\"text\",\"text\":\"没有过于花哨的图案，只有简约大方的色彩搭配。\"},{\"type\":\"img\",\"src\":\"http://xinwei-oss-aliyun.oss-cn-beijing.aliyuncs.com/community/201904282026467066_300_600.jpg\",\"width\":\"4480\",\"height\":\"5600\"},{\"type\":\"text\",\"text\":\"\"},{\"type\":\"img\",\"src\":\"http://xinwei-oss-aliyun.oss-cn-beijing.aliyuncs.com/community/201904282026588218_300_600.jpg\",\"width\":\"512\",\"height\":\"640\"},{\"type\":\"text\",\"text\":\"\"},{\"type\":\"text\",\"text\":\"今年春天减龄的必备神器就是纱裙。\"},{\"type\":\"img\",\"src\":\"http://xinwei-oss-aliyun.oss-cn-beijing.aliyuncs.com/community/201904282027122898_300_600.jpg\",\"width\":\"4480\",\"height\":\"5600\"},{\"type\":\"text\",\"text\":\"\"},{\"type\":\"text\",\"text\":\"简简单单的T恤加牛仔，要用一个有独特设计的包包来打破平庸。\"},{\"type\":\"text\",\"text\":\"\"},{\"type\":\"text\",\"text\":\"休闲感，T恤是关键\"},{\"type\":\"text\",\"text\":\"天气逐渐开始温暖了起来，T恤又重新回到大家的视野里。本身就是休闲风格必备的单品，在本期又会带给我们怎样的惊喜呢？\"},{\"type\":\"img\",\"src\":\"http://xinwei-oss-aliyun.oss-cn-beijing.aliyuncs.com/community/201904282027549857_300_600.png\",\"width\":\"576\",\"height\":\"667\"},{\"type\":\"text\",\"text\":\"\"},{\"type\":\"img\",\"src\":\"http://xinwei-oss-aliyun.oss-cn-beijing.aliyuncs.com/community/201904282028404330_300_600.jpg\",\"width\":\"512\",\"height\":\"640\"},{\"type\":\"text\",\"text\":\"\"},{\"type\":\"img\",\"src\":\"http://xinwei-oss-aliyun.oss-cn-beijing.aliyuncs.com/community/201904282028499208_300_600.jpg\",\"width\":\"512\",\"height\":\"640\"},{\"type\":\"text\",\"text\":\"\"},{\"type\":\"img\",\"src\":\"http://xinwei-oss-aliyun.oss-cn-beijing.aliyuncs.com/community/201904282028568976_300_600.jpg\",\"width\":\"614\",\"height\":\"768\"},{\"type\":\"text\",\"text\":\"\"},{\"type\":\"text\",\"text\":\"象征着少女感的紫色连衣裙搭配略微夸张的编发，旅行出游的回头就靠他们。\"},{\"type\":\"img\",\"src\":\"http://xinwei-oss-aliyun.oss-cn-beijing.aliyuncs.com/community/201904282029151288_300_600.jpg\",\"width\":\"512\",\"height\":\"640\"},{\"type\":\"text\",\"text\":\"\"},{\"type\":\"text\",\"text\":\"黄色丝巾的加入，立刻让造型富有春天的感觉。\"},{\"type\":\"text\",\"text\":\"款式简单却搭配出焕然一新的感觉, “昕”女孩的旅行穿搭手册快快get吧。\"}]', '0', '0', '0', '1', '旅行穿搭', '2', '1556522542', '1556454566', '1');
INSERT INTO `xw_news_info` VALUES ('49', '1', '2', '燕尾夹心中的“小九九”', 'http://xinwei-oss-aliyun.oss-cn-beijing.aliyuncs.com/community/201904282030144255_300_600.jpg', 'http://xinwei-oss-aliyun.oss-cn-beijing.aliyuncs.com/community/201904282030107426_300_600.jpg', '[{\"type\":\"text\",\"text\":\"提到燕尾夹，它除了是日常办公的得力小助手，还可以用作服饰上的点缀，选择带有高级感的玫瑰金纯色燕尾夹，通过对服装单品的细节部分进行装饰，实现办公用品的时尚理想！\"},{\"type\":\"text\",\"text\":\"\"},{\"type\":\"text\",\"text\":\"\"},{\"type\":\"text\",\"text\":\"第1招 燕尾夹×帽檐\"},{\"type\":\"img\",\"src\":\"http://xinwei-oss-aliyun.oss-cn-beijing.aliyuncs.com/community/201904282030537671_300_600.jpg\",\"width\":\"640\",\"height\":\"640\"},{\"type\":\"text\",\"text\":\"\"},{\"type\":\"text\",\"text\":\"如果嫌纯色系的帽子在色彩上过于单调，可以用燕尾夹对其进行装饰，选择有帽檐款，如鸭舌帽、棒球帽、渔夫帽等等，将燕尾夹夹于帽檐侧面位置。一方面，燕尾夹的几何结构与硬质帽檐相得益彰；另一方面，新材质的加入也带来了穿搭的新鲜感。\"},{\"type\":\"text\",\"text\":\"\"},{\"type\":\"text\",\"text\":\"第2招 燕尾夹×袋盖\"},{\"type\":\"img\",\"src\":\"http://xinwei-oss-aliyun.oss-cn-beijing.aliyuncs.com/community/201904282033574457_300_600.jpg\",\"width\":\"640\",\"height\":\"640\"},{\"type\":\"text\",\"text\":\"\"},{\"type\":\"text\",\"text\":\"关于燕尾夹与袋盖的组合，建议应用于帅气的牛仔材质，厚实的面料质感可以轻松hold住燕尾夹的金属强度。另外，牛仔单品自带的金属扣与燕尾夹的材质也得到了高度统一。\"},{\"type\":\"text\",\"text\":\"\"},{\"type\":\"text\",\"text\":\"第3招 燕尾夹×包盖\"},{\"type\":\"img\",\"src\":\"http://xinwei-oss-aliyun.oss-cn-beijing.aliyuncs.com/community/201904282034315778_300_600.png\",\"width\":\"844\",\"height\":\"848\"},{\"type\":\"text\",\"text\":\"\"},{\"type\":\"text\",\"text\":\"燕尾夹遇到包盖，成就了DIY款的Off-White。借鉴于潮牌的设计灵感，自选燕尾夹与包盖相结合，想夹哪里夹哪里，令皮革与金属碰撞出新的火花！\"},{\"type\":\"text\",\"text\":\"\"},{\"type\":\"text\",\"text\":\"第4招 燕尾夹×靴口\"},{\"type\":\"img\",\"src\":\"http://xinwei-oss-aliyun.oss-cn-beijing.aliyuncs.com/community/201904282036032679_300_600.jpg\",\"width\":\"2524\",\"height\":\"2524\"},{\"type\":\"text\",\"text\":\"\"},{\"type\":\"text\",\"text\":\"在时尚这条道路上，燕尾夹真正做到了从头到脚贯彻到底的风格。鞋子太单调没关系，靴口夹一下，瞬间闪闪亮，做为衔接袜子与鞋子的关键部位，一秒就能抓住你的视线。\"},{\"type\":\"text\",\"text\":\"\"},{\"type\":\"text\",\"text\":\"第5招 燕尾夹×包带\"},{\"type\":\"text\",\"text\":\"（5.jpg）\"},{\"type\":\"text\",\"text\":\"纯色包带毫无特点？随手夹上一只小小的燕尾夹，瞬间变身个性与时尚的弄潮儿，尤其是对深色系包带来说，有了点亮色彩的作用。\"},{\"type\":\"text\",\"text\":\"\"},{\"type\":\"text\",\"text\":\"第6招 燕尾夹×袋口\"},{\"type\":\"text\",\"text\":\"（6.jpg）\"},{\"type\":\"text\",\"text\":\"除了带盖口袋，对于无袋盖的贴袋而言，燕尾夹同样是不可多得的小精彩。将其夹于袋口的正中间位置，减少了大面积单一色彩的枯燥乏味感。\"},{\"type\":\"text\",\"text\":\"\"},{\"type\":\"text\",\"text\":\"第7招 燕尾夹×袖口\"},{\"type\":\"text\",\"text\":\"（7.jpg）\"},{\"type\":\"text\",\"text\":\"\"},{\"type\":\"text\",\"text\":\"将燕尾夹夹于袖口之上，演绎手边酷感，哪怕没有戒指手链的装饰，一枚小小的燕尾夹便替代了此类金属制品的存在，为我们带来了更多的时尚可能。\"},{\"type\":\"text\",\"text\":\"\"},{\"type\":\"text\",\"text\":\"第8招 燕尾夹×腰带\"},{\"type\":\"text\",\"text\":\"（8.jpg）\"},{\"type\":\"text\",\"text\":\"对于与大衣顺色的腰带而言，燕尾夹装饰可以起到点明腰线位置的作用，从而进一步协调身材比例，加强腰带对身形的修饰功能。\"},{\"type\":\"text\",\"text\":\"\"},{\"type\":\"text\",\"text\":\"第9招 燕尾夹×领口\"},{\"type\":\"img\",\"src\":\"http://xinwei-oss-aliyun.oss-cn-beijing.aliyuncs.com/community/201904282039445325_300_600.jpg\",\"width\":\"2694\",\"height\":\"2694\"},{\"type\":\"text\",\"text\":\"\"},{\"type\":\"text\",\"text\":\"刚性十足的燕尾夹与硬挺的领口很是相衬，取代了领章的地位，这种全新的方式对其进行演绎，充满了创意感与趣味性。\"}]', '0', '1', '0', '1', '燕尾夹', '2', '1556522448', '1556455212', '1');
INSERT INTO `xw_news_info` VALUES ('50', '1', '1', '哈哈哈哈哈哈哈或啊哈哈哈哈哈回到家后撒上角度看很多事客户反馈结构设计', '', '', '[{\"type\":\"text\",\"text\":\"飞虎然后发\"},{\"type\":\"img\",\"src\":\"http://xinwei-oss-aliyun.oss-cn-beijing.aliyuncs.com/community/201904291011235823_300_600.jpg\",\"width\":\"599\",\"height\":\"681\"},{\"type\":\"text\",\"text\":\"好几个速度快好几个水电费\"},{\"type\":\"img\",\"src\":\"http://xinwei-oss-aliyun.oss-cn-beijing.aliyuncs.com/community/201904291011452804_300_600.jpg\",\"width\":\"1500\",\"height\":\"970\"},{\"type\":\"text\",\"text\":\"\"}]', '0', '2', '0', '1', '王菲,厚度,加', '-1', '1556505144', '1556503907', '2');
INSERT INTO `xw_news_info` VALUES ('51', '1', '1', '哈哈哈哈哈哈哈或啊哈哈哈哈哈回到家后撒上角度看很多事客户反馈结构设计', 'http://xinwei-oss-aliyun.oss-cn-beijing.aliyuncs.com/community/201904291038588812_300_600.jpg', '', '[{\"type\":\"text\",\"text\":\"飞虎然后发\"},{\"type\":\"text\",\"text\":\"\"},{\"type\":\"img\",\"src\":\"http://xinwei-oss-aliyun.oss-cn-beijing.aliyuncs.com/community/201904291011235823_300_600.jpg\",\"width\":\"599\",\"height\":\"681\"},{\"type\":\"text\",\"text\":\"好几个速度快好几个水电费\"},{\"type\":\"text\",\"text\":\"\"},{\"type\":\"img\",\"src\":\"http://xinwei-oss-aliyun.oss-cn-beijing.aliyuncs.com/community/201904291011452804_300_600.jpg\",\"width\":\"1500\",\"height\":\"970\"},{\"type\":\"text\",\"text\":\"\"}]', '0', '4', '1', '1', '王菲,厚度,加', '-1', '1556525681', '1556503912', '2');
INSERT INTO `xw_news_info` VALUES ('84', '1', '12', '的话', 'http://xinwei-oss-aliyun.oss-cn-beijing.aliyuncs.com/community/201904291931528536_300_600.jpg', 'http://xinwei-oss-aliyun.oss-cn-beijing.aliyuncs.com/community/201904291931535183_300_600.jpg', '[{\"type\":\"text\",\"text\":\"怒剑狂花\"}]', '1', '5', '1', '1', '信念', '-1', '1556537555', '1556537518', '1');
INSERT INTO `xw_news_info` VALUES ('83', '1', '11', '哈哈哈', 'http://xinwei-oss-aliyun.oss-cn-beijing.aliyuncs.com/community/201904291732561103_300_600.jpg', 'http://xinwei-oss-aliyun.oss-cn-beijing.aliyuncs.com/community/201904291732536585_300_600.jpg', '[{\"type\":\"text\",\"text\":\"\"}]', '0', '0', '0', '1', '哈哈', '1', '1556530379', '1556530379', '55');

-- ----------------------------
-- Table structure for `xw_news_label`
-- ----------------------------
DROP TABLE IF EXISTS `xw_news_label`;
CREATE TABLE `xw_news_label` (
  `id` int(11) NOT NULL AUTO_INCREMENT,
  `name` varchar(128) NOT NULL COMMENT '标签名',
  `status` tinyint(4) NOT NULL COMMENT '状态：-1删除，1显示',
  PRIMARY KEY (`id`)
) ENGINE=MyISAM DEFAULT CHARSET=utf8 COMMENT='资讯标签表';

-- ----------------------------
-- Records of xw_news_label
-- ----------------------------

-- ----------------------------
-- Table structure for `xw_news_loves`
-- ----------------------------
DROP TABLE IF EXISTS `xw_news_loves`;
CREATE TABLE `xw_news_loves` (
  `id` int(11) NOT NULL AUTO_INCREMENT,
  `member_id` int(11) NOT NULL COMMENT '会员ID',
  `news_id` int(11) NOT NULL COMMENT '资讯ID',
  `comment_id` int(11) NOT NULL COMMENT '评论ID：默认0',
  `status` tinyint(4) NOT NULL DEFAULT '1' COMMENT '状态：1点赞，2取消点赞',
  `time_create` int(11) NOT NULL,
  PRIMARY KEY (`id`)
) ENGINE=MyISAM AUTO_INCREMENT=74 DEFAULT CHARSET=utf8 COMMENT='资讯点赞记录表';

-- ----------------------------
-- Records of xw_news_loves
-- ----------------------------
INSERT INTO `xw_news_loves` VALUES ('1', '23', '5', '0', '1', '1556174991');
INSERT INTO `xw_news_loves` VALUES ('2', '21', '5', '0', '1', '1556092594');
INSERT INTO `xw_news_loves` VALUES ('3', '21', '9', '0', '1', '1556092596');
INSERT INTO `xw_news_loves` VALUES ('4', '21', '4', '0', '1', '1556093750');
INSERT INTO `xw_news_loves` VALUES ('5', '21', '6', '0', '2', '1556174664');
INSERT INTO `xw_news_loves` VALUES ('6', '21', '7', '0', '2', '1556174910');
INSERT INTO `xw_news_loves` VALUES ('7', '21', '8', '0', '2', '1556174924');
INSERT INTO `xw_news_loves` VALUES ('8', '21', '10', '0', '2', '1556174991');
INSERT INTO `xw_news_loves` VALUES ('9', '6', '5', '0', '1', '1556094692');
INSERT INTO `xw_news_loves` VALUES ('10', '13', '5', '0', '1', '1556286399');
INSERT INTO `xw_news_loves` VALUES ('11', '15', '5', '4', '1', '1556099348');
INSERT INTO `xw_news_loves` VALUES ('12', '13', '5', '5', '2', '1556101498');
INSERT INTO `xw_news_loves` VALUES ('13', '13', '5', '4', '1', '1556099379');
INSERT INTO `xw_news_loves` VALUES ('14', '15', '5', '5', '1', '1556099388');
INSERT INTO `xw_news_loves` VALUES ('15', '13', '10', '0', '1', '1556101487');
INSERT INTO `xw_news_loves` VALUES ('16', '13', '9', '0', '2', '1556449185');
INSERT INTO `xw_news_loves` VALUES ('17', '13', '9', '7', '1', '1556112890');
INSERT INTO `xw_news_loves` VALUES ('18', '15', '9', '0', '2', '1556176457');
INSERT INTO `xw_news_loves` VALUES ('19', '15', '5', '0', '2', '1556109385');
INSERT INTO `xw_news_loves` VALUES ('20', '15', '4', '0', '2', '1556176451');
INSERT INTO `xw_news_loves` VALUES ('21', '15', '6', '0', '1', '1556180678');
INSERT INTO `xw_news_loves` VALUES ('22', '15', '7', '0', '2', '1556176442');
INSERT INTO `xw_news_loves` VALUES ('23', '15', '8', '0', '2', '1556176445');
INSERT INTO `xw_news_loves` VALUES ('24', '15', '10', '0', '2', '1556176447');
INSERT INTO `xw_news_loves` VALUES ('25', '15', '3', '0', '2', '1556176518');
INSERT INTO `xw_news_loves` VALUES ('26', '23', '9', '0', '1', '1556110479');
INSERT INTO `xw_news_loves` VALUES ('27', '13', '9', '13', '1', '1556112890');
INSERT INTO `xw_news_loves` VALUES ('28', '13', '9', '6', '1', '1556112892');
INSERT INTO `xw_news_loves` VALUES ('29', '13', '9', '3', '1', '1556112893');
INSERT INTO `xw_news_loves` VALUES ('30', '16', '5', '0', '1', '1556445552');
INSERT INTO `xw_news_loves` VALUES ('31', '16', '5', '16', '1', '1556116929');
INSERT INTO `xw_news_loves` VALUES ('32', '16', '5', '17', '1', '1556116941');
INSERT INTO `xw_news_loves` VALUES ('33', '16', '9', '0', '1', '1556446177');
INSERT INTO `xw_news_loves` VALUES ('34', '16', '9', '3', '1', '1556117106');
INSERT INTO `xw_news_loves` VALUES ('35', '16', '9', '6', '1', '1556117106');
INSERT INTO `xw_news_loves` VALUES ('36', '16', '4', '0', '1', '1556117145');
INSERT INTO `xw_news_loves` VALUES ('37', '16', '4', '23', '1', '1556117145');
INSERT INTO `xw_news_loves` VALUES ('38', '6', '5', '20', '1', '1556176507');
INSERT INTO `xw_news_loves` VALUES ('39', '23', '9', '3', '1', '1556176799');
INSERT INTO `xw_news_loves` VALUES ('40', '23', '9', '6', '1', '1556176802');
INSERT INTO `xw_news_loves` VALUES ('41', '23', '9', '7', '1', '1556176803');
INSERT INTO `xw_news_loves` VALUES ('42', '13', '5', '14', '2', '1556276240');
INSERT INTO `xw_news_loves` VALUES ('43', '13', '5', '10', '1', '1556178672');
INSERT INTO `xw_news_loves` VALUES ('44', '13', '5', '8', '1', '1556178674');
INSERT INTO `xw_news_loves` VALUES ('45', '15', '3', '31', '2', '1556180904');
INSERT INTO `xw_news_loves` VALUES ('46', '15', '3', '32', '2', '1556180895');
INSERT INTO `xw_news_loves` VALUES ('47', '30', '9', '0', '1', '1556209404');
INSERT INTO `xw_news_loves` VALUES ('48', '30', '5', '0', '1', '1556209407');
INSERT INTO `xw_news_loves` VALUES ('49', '30', '10', '0', '1', '1556209417');
INSERT INTO `xw_news_loves` VALUES ('50', '30', '3', '0', '1', '1556209438');
INSERT INTO `xw_news_loves` VALUES ('51', '30', '7', '0', '1', '1556245383');
INSERT INTO `xw_news_loves` VALUES ('52', '30', '8', '0', '1', '1556245388');
INSERT INTO `xw_news_loves` VALUES ('53', '31', '9', '0', '1', '1556248056');
INSERT INTO `xw_news_loves` VALUES ('54', '34', '5', '0', '1', '1556257395');
INSERT INTO `xw_news_loves` VALUES ('55', '34', '9', '0', '1', '1556257397');
INSERT INTO `xw_news_loves` VALUES ('56', '13', '5', '30', '1', '1556276243');
INSERT INTO `xw_news_loves` VALUES ('57', '13', '5', '57', '1', '1556276246');
INSERT INTO `xw_news_loves` VALUES ('58', '29', '9', '0', '1', '1556416771');
INSERT INTO `xw_news_loves` VALUES ('59', '29', '9', '6', '1', '1556416774');
INSERT INTO `xw_news_loves` VALUES ('60', '29', '9', '7', '1', '1556416775');
INSERT INTO `xw_news_loves` VALUES ('61', '29', '9', '13', '1', '1556416776');
INSERT INTO `xw_news_loves` VALUES ('62', '29', '9', '86', '1', '1556416779');
INSERT INTO `xw_news_loves` VALUES ('63', '16', '9', '15', '1', '1556446139');
INSERT INTO `xw_news_loves` VALUES ('64', '15', '45', '0', '1', '1556453118');
INSERT INTO `xw_news_loves` VALUES ('65', '35', '9', '95', '1', '1556520456');
INSERT INTO `xw_news_loves` VALUES ('66', '35', '9', '92', '1', '1556520458');
INSERT INTO `xw_news_loves` VALUES ('67', '35', '9', '90', '1', '1556520458');
INSERT INTO `xw_news_loves` VALUES ('68', '35', '9', '86', '1', '1556520460');
INSERT INTO `xw_news_loves` VALUES ('69', '35', '9', '84', '1', '1556520463');
INSERT INTO `xw_news_loves` VALUES ('70', '16', '47', '96', '1', '1556536860');
INSERT INTO `xw_news_loves` VALUES ('71', '16', '47', '0', '1', '1556536861');
INSERT INTO `xw_news_loves` VALUES ('72', '16', '47', '97', '1', '1556536907');
INSERT INTO `xw_news_loves` VALUES ('73', '16', '84', '0', '1', '1556537541');

-- ----------------------------
-- Table structure for `xw_notice_info`
-- ----------------------------
DROP TABLE IF EXISTS `xw_notice_info`;
CREATE TABLE `xw_notice_info` (
  `id` int(11) NOT NULL AUTO_INCREMENT,
  `type` tinyint(4) NOT NULL COMMENT '类型：11资讯点赞，12资讯评论，13资讯回复，21社区点赞，22社区评论,23社区回复',
  `member_id` int(11) NOT NULL COMMENT '会员ID',
  `status` tinyint(4) NOT NULL DEFAULT '1' COMMENT '状态：1未读，2已读',
  `time_modify` int(11) NOT NULL COMMENT '修改时间',
  `datetime` int(11) NOT NULL COMMENT '新增时间',
  `reply` varchar(1024) NOT NULL DEFAULT '' COMMENT '回复的内容',
  `comment` varchar(1024) DEFAULT NULL COMMENT '评论的信息',
  `content` varchar(1024) DEFAULT '' COMMENT '社区的内容',
  `img` varchar(256) DEFAULT '' COMMENT '图片',
  `operator` int(10) DEFAULT NULL COMMENT '操作者',
  `relate_id` int(11) NOT NULL DEFAULT '0' COMMENT '关联ID，记录表中的索引ID',
  PRIMARY KEY (`id`)
) ENGINE=MyISAM AUTO_INCREMENT=81 DEFAULT CHARSET=utf8 COMMENT='消息通知';

-- ----------------------------
-- Records of xw_notice_info
-- ----------------------------
INSERT INTO `xw_notice_info` VALUES ('1', '21', '15', '2', '1556099422', '1556095644', '', '', '如果说今年下半年流行什么，那就非豹纹莫属了\n下半年从大牌那边流行出豹纹这个流行元素', 'community/201904241643532389_600_600.jpg', '21', '1');
INSERT INTO `xw_notice_info` VALUES ('2', '23', '28', '1', '1556096343', '1556096343', '好看', '', '深圳2018年时装周，秀出你的气质！肖老师莅临，嗨翻全场！', 'community/201904241654594715_600_588.jpg', '15', '7');
INSERT INTO `xw_notice_info` VALUES ('3', '23', '15', '2', '1556099422', '1556099209', '黄金万两', '', '细节处见真章，超用心的设计\n面料经过水洗，质地感处理得更有水准\n版型很经得起推敲，又是短款，真的完全不挑人', 'community/201904241648076523_600_601.jpg', '6', '2');
INSERT INTO `xw_notice_info` VALUES ('4', '12', '13', '2', '1556181038', '1556099348', '', '哈哈哈哈', '', '', '15', '5');
INSERT INTO `xw_notice_info` VALUES ('5', '12', '13', '2', '1556181038', '1556099388', '', '啦啦啦呸呸呸', '', '', '15', '5');
INSERT INTO `xw_notice_info` VALUES ('6', '22', '6', '2', '1556162869', '1556099436', '', '黄金万两', '', '', '15', '2');
INSERT INTO `xw_notice_info` VALUES ('7', '23', '15', '2', '1556110747', '1556099631', '美女勿信', '', '如果说今年下半年流行什么，那就非豹纹莫属了\n下半年从大牌那边流行出豹纹这个流行元素', 'community/201904241643532389_600_600.jpg', '2', '1');
INSERT INTO `xw_notice_info` VALUES ('8', '21', '15', '2', '1556110747', '1556099807', '', '', '如果说今年下半年流行什么，那就非豹纹莫属了\n下半年从大牌那边流行出豹纹这个流行元素', 'community/201904241643532389_600_600.jpg', '23', '1');
INSERT INTO `xw_notice_info` VALUES ('9', '12', '15', '2', '1556110747', '1556106879', '', '哈哈', '', '', '13', '9');
INSERT INTO `xw_notice_info` VALUES ('10', '21', '15', '2', '1556110747', '1556107232', '', '', '时尚大咖 小白', '', '6', '10');
INSERT INTO `xw_notice_info` VALUES ('11', '23', '15', '2', '1556110747', '1556110332', '好看', '', '火了这么久的格子\n设计师结合了流行色把棉服设计出新高度\n这个紫色的格子超级好看\n衬肤色，刚做出来，大家都围观想试穿呢\n口袋细节和侧边开叉盼盼的细节撞的皮料，款式的新颖美', 'community/201904241651233891_600_601.jpg', '20', '4');
INSERT INTO `xw_notice_info` VALUES ('12', '21', '15', '2', '1556110747', '1556110341', '', '', '火了这么久的格子\n设计师结合了流行色把棉服设计出新高度\n这个紫色的格子超级好看\n衬肤色，刚做出来，大家都围观想试穿呢\n口袋细节和侧边开叉盼盼的细节撞的皮料，款式的新颖美', 'community/201904241651233891_600_601.jpg', '20', '4');
INSERT INTO `xw_notice_info` VALUES ('13', '22', '2', '2', '1556207348', '1556110350', '', '美女勿信', '', '', '20', '1');
INSERT INTO `xw_notice_info` VALUES ('14', '21', '15', '2', '1556450631', '1556112858', '', '', '连帽撞色棉服是否让人看了心动呢\n衣身下摆抽绳糸带，增添显瘦挑高视觉\n面料选用优质棉感面料，保暖性较好\n加上撞色元素增加了几许俏皮感厚实\n温暖的白色毛领让这个冬季轻松穿出时尚感', 'community/201904241949159307_600_601.jpg', '13', '9');
INSERT INTO `xw_notice_info` VALUES ('15', '21', '15', '2', '1556450631', '1556112862', '', '', '时尚大咖 小白', '', '13', '10');
INSERT INTO `xw_notice_info` VALUES ('16', '12', '15', '2', '1556450631', '1556112890', '', '哈哈哈哈', '', '', '13', '9');
INSERT INTO `xw_notice_info` VALUES ('17', '12', '15', '2', '1556450631', '1556112890', '', '哈哈', '', '', '13', '9');
INSERT INTO `xw_notice_info` VALUES ('18', '12', '15', '2', '1556450631', '1556112892', '', '哈哈哈', '', '', '13', '9');
INSERT INTO `xw_notice_info` VALUES ('19', '12', '6', '2', '1556162869', '1556112893', '', '真的幸福', '', '', '13', '9');
INSERT INTO `xw_notice_info` VALUES ('20', '14', '15', '2', '1556450631', '1556116964', '我预测哦看看', '哈哈哈', '', '', '16', '5');
INSERT INTO `xw_notice_info` VALUES ('21', '14', '15', '2', '1556450631', '1556117116', '\'\'摩尔庄园', '哈哈哈', '', '', '16', '9');
INSERT INTO `xw_notice_info` VALUES ('22', '23', '15', '2', '1556450631', '1556117237', '秃头', '', '时尚大咖 小白', '', '16', '10');
INSERT INTO `xw_notice_info` VALUES ('23', '22', '20', '1', '1556117351', '1556117351', '', '好看', '', '', '16', '4');
INSERT INTO `xw_notice_info` VALUES ('24', '24', '20', '1', '1556117357', '1556117357', '途', '好看', '', '', '16', '4');
INSERT INTO `xw_notice_info` VALUES ('25', '23', '15', '2', '1556450631', '1556117365', '弄到', '', '火了这么久的格子\n设计师结合了流行色把棉服设计出新高度\n这个紫色的格子超级好看\n衬肤色，刚做出来，大家都围观想试穿呢\n口袋细节和侧边开叉盼盼的细节撞的皮料，款式的新颖美', 'community/201904241651233891_600_601.jpg', '16', '4');
INSERT INTO `xw_notice_info` VALUES ('26', '21', '15', '2', '1556450631', '1556117389', '', '', '帅气的牛仔服外套哦\n但是内里做了心机设计哦\n用了羊羔毛的内里\n设计师在羊羔毛的上做了菱格纹的一个设计，时尚而特别', 'community/201904241658446668_600_601.jpg', '16', '8');
INSERT INTO `xw_notice_info` VALUES ('27', '23', '15', '2', '1556450631', '1556117391', '我的', '', '帅气的牛仔服外套哦\n但是内里做了心机设计哦\n用了羊羔毛的内里\n设计师在羊羔毛的上做了菱格纹的一个设计，时尚而特别', 'community/201904241658446668_600_601.jpg', '16', '8');
INSERT INTO `xw_notice_info` VALUES ('28', '21', '15', '2', '1556450631', '1556117417', '', '', '细节处见真章，超用心的设计\n面料经过水洗，质地感处理得更有水准\n版型很经得起推敲，又是短款，真的完全不挑人', 'community/201904241648076523_600_601.jpg', '16', '2');
INSERT INTO `xw_notice_info` VALUES ('29', '21', '15', '2', '1556450631', '1556117430', '', '', '火了这么久的格子\n设计师结合了流行色把棉服设计出新高度\n这个紫色的格子超级好看\n衬肤色，刚做出来，大家都围观想试穿呢\n口袋细节和侧边开叉盼盼的细节撞的皮料，款式的新颖美', 'community/201904241651233891_600_601.jpg', '16', '4');
INSERT INTO `xw_notice_info` VALUES ('30', '24', '16', '2', '1556119366', '1556119353', '哈哈哈哈', '新的', '', '', '15', '13');
INSERT INTO `xw_notice_info` VALUES ('31', '24', '16', '2', '1556119366', '1556119357', '哈哈哈哈', '自由', '', '', '15', '13');
INSERT INTO `xw_notice_info` VALUES ('32', '22', '16', '2', '1556446043', '1556119509', '', '兔兔突突突', '', '', '21', '10');
INSERT INTO `xw_notice_info` VALUES ('33', '23', '16', '2', '1556446043', '1556119567', '666', '', '“去年的服装不再合适，因为我在不断进步。”', '', '21', '13');
INSERT INTO `xw_notice_info` VALUES ('34', '21', '16', '2', '1556446043', '1556156505', '', '', '“去年的服装不再合适，因为我在不断进步。”', '', '32', '13');
INSERT INTO `xw_notice_info` VALUES ('35', '24', '16', '2', '1556446043', '1556170375', '红红火火', '自由', '', '', '13', '13');
INSERT INTO `xw_notice_info` VALUES ('36', '22', '16', '2', '1556446043', '1556174644', '', '秃头', '', '', '21', '10');
INSERT INTO `xw_notice_info` VALUES ('37', '12', '16', '2', '1556446043', '1556176507', '', 'YY么具体', '', '', '6', '5');
INSERT INTO `xw_notice_info` VALUES ('38', '21', '16', '2', '1556446043', '1556176540', '', '', '衣品如人品，风格如性格', 'community/201904242300007126_600_800.jpg', '15', '12');
INSERT INTO `xw_notice_info` VALUES ('39', '21', '16', '2', '1556446043', '1556176544', '', '', '时尚易逝，风格永存――嘉柏丽尔', 'community/201904242255521836_600_612.jpg', '15', '11');
INSERT INTO `xw_notice_info` VALUES ('40', '21', '28', '1', '1556176546', '1556176546', '', '', '深圳2018年时装周，秀出你的气质！肖老师莅临，嗨翻全场！', 'community/201904241654594715_600_588.jpg', '15', '7');
INSERT INTO `xw_notice_info` VALUES ('41', '12', '6', '2', '1556176803', '1556176799', '', '真的幸福', '', '', '23', '9');
INSERT INTO `xw_notice_info` VALUES ('42', '14', '6', '1', '1556176810', '1556176810', '是的', '真的幸福', '', '', '23', '9');
INSERT INTO `xw_notice_info` VALUES ('43', '23', '15', '2', '1556450631', '1556177033', '发布测试', '', '奶茶色裤子\n针织呢料裤子，秋冬必备的单品\n料子的肌理比较特别，很上档次\n奶茶色好穿百搭', 'community/201904241649599321_600_591.jpg', '13', '3');
INSERT INTO `xw_notice_info` VALUES ('44', '12', '15', '2', '1556450631', '1556178670', '', '哈哈哈', '', '', '13', '5');
INSERT INTO `xw_notice_info` VALUES ('45', '12', '21', '2', '1556338358', '1556180893', '', '哈哈哈哈', '', '', '15', '3');
INSERT INTO `xw_notice_info` VALUES ('46', '12', '21', '2', '1556338358', '1556180894', '', '聊我哦', '', '', '15', '3');
INSERT INTO `xw_notice_info` VALUES ('47', '22', '28', '1', '1556182065', '1556182065', '', '赞一个！', '', '', '21', '7');
INSERT INTO `xw_notice_info` VALUES ('48', '23', '21', '2', '1556338358', '1556182840', 'Honghonghuohuo', '', '99次的想你', '', '13', '15');
INSERT INTO `xw_notice_info` VALUES ('49', '21', '21', '2', '1556338358', '1556182851', '', '', '99次的想你', '', '13', '15');
INSERT INTO `xw_notice_info` VALUES ('50', '24', '13', '2', '1556184077', '1556184067', '活生生', 'Honghonghuohuo', '', '', '15', '15');
INSERT INTO `xw_notice_info` VALUES ('51', '23', '15', '2', '1556450631', '1556202101', '　o(#￣▽￣)==O))￣0￣\")o 金钢飞拳~!!', '', '如果说今年下半年流行什么，那就非豹纹莫属了\n下半年从大牌那边流行出豹纹这个流行元素', 'community/201904241643532389_600_600.jpg', '2', '1');
INSERT INTO `xw_notice_info` VALUES ('52', '21', '15', '2', '1556450631', '1556248341', '', '', '如果说今年下半年流行什么，那就非豹纹莫属了\n下半年从大牌那边流行出豹纹这个流行元素', 'community/201904241643532389_600_600.jpg', '31', '1');
INSERT INTO `xw_notice_info` VALUES ('53', '24', '23', '1', '1556251339', '1556251339', '嘿嘿', '气质', '', '', '13', '7');
INSERT INTO `xw_notice_info` VALUES ('54', '21', '30', '2', '1556257099', '1556255686', '', '', '周末愉快', 'community/201904261143276548_600_600.jpg', '34', '23');
INSERT INTO `xw_notice_info` VALUES ('55', '23', '30', '2', '1556257099', '1556255708', '好阔耐！哪里能买？', '', '周末愉快', 'community/201904261143276548_600_600.jpg', '34', '23');
INSERT INTO `xw_notice_info` VALUES ('56', '21', '33', '2', '1556256491', '1556255724', '', '', '睡着的喵喵 miao~', 'community/201904261303582645_600_600.jpg', '34', '24');
INSERT INTO `xw_notice_info` VALUES ('57', '23', '33', '2', '1556256491', '1556255765', '这是谁家的孩子？睡得好香～', '', '睡着的喵喵 miao~', 'community/201904261303582645_600_600.jpg', '34', '24');
INSERT INTO `xw_notice_info` VALUES ('58', '21', '31', '2', '1556520763', '1556255777', '', '', 'Justin Timberlake\nEdmonton', 'community/201904261142272163_600_634.jpg', '34', '22');
INSERT INTO `xw_notice_info` VALUES ('59', '21', '34', '2', '1556257195', '1556256415', '', '', '小模特的拍摄现场，拍小孩子和萌宠都好难啊！', 'community/201904261314254974_600_600.jpg', '33', '25');
INSERT INTO `xw_notice_info` VALUES ('60', '24', '34', '2', '1556257195', '1556256420', '自己捏的', '好阔耐！哪里能买？', '', '', '30', '23');
INSERT INTO `xw_notice_info` VALUES ('61', '21', '34', '2', '1556257567', '1556257211', '', '', '小模特的拍摄现场，拍小孩子和萌宠都好难啊！', 'community/201904261314254974_600_600.jpg', '30', '25');
INSERT INTO `xw_notice_info` VALUES ('62', '21', '33', '2', '1556257400', '1556257232', '', '', '梦幻灯光秀', '', '30', '26');
INSERT INTO `xw_notice_info` VALUES ('63', '23', '33', '2', '1556266788', '1556257657', '大橘', '', '睡着的喵喵 miao~', 'community/201904261303582645_600_600.jpg', '30', '24');
INSERT INTO `xw_notice_info` VALUES ('64', '21', '34', '2', '1556526803', '1556268568', '', '', '小模特的拍摄现场，拍小孩子和萌宠都好难啊！', 'community/201904261314254974_600_600.jpg', '31', '25');
INSERT INTO `xw_notice_info` VALUES ('65', '12', '23', '1', '1556276243', '1556276243', '', '火钳刘明', '', '', '13', '5');
INSERT INTO `xw_notice_info` VALUES ('66', '22', '16', '2', '1556446043', '1556277432', '', '太美了', '', '', '13', '10');
INSERT INTO `xw_notice_info` VALUES ('67', '12', '31', '2', '1556520763', '1556416779', '', '北京妞', '', '', '29', '9');
INSERT INTO `xw_notice_info` VALUES ('68', '24', '6', '1', '1556423901', '1556423901', '一炮打响', '黄金万两', '', '', '2', '2');
INSERT INTO `xw_notice_info` VALUES ('69', '24', '21', '1', '1556445903', '1556445903', '777', '666', '', '', '16', '13');
INSERT INTO `xw_notice_info` VALUES ('70', '22', '21', '1', '1556445965', '1556445965', '', '真棒', '', '', '16', '4');
INSERT INTO `xw_notice_info` VALUES ('71', '21', '13', '1', '1556445975', '1556445975', '', '', '雪山下的艺术觉旅丨XG 2019冬“丽·江”发布会', 'community/201904251704204517_600_398.jpg', '16', '17');
INSERT INTO `xw_notice_info` VALUES ('72', '12', '13', '1', '1556446139', '1556446139', '', 'hey bro', '', '', '16', '9');
INSERT INTO `xw_notice_info` VALUES ('73', '21', '15', '2', '1556450631', '1556449173', '', '', '\\ud83d\\ude0a猫', 'community/201904281122115789_600_527.jpg', '13', '32');
INSERT INTO `xw_notice_info` VALUES ('74', '23', '13', '1', '1556452568', '1556452568', 'vhjohigug', '', '', 'community/201904281619595911_600_529.jpg', '15', '33');
INSERT INTO `xw_notice_info` VALUES ('75', '12', '13', '1', '1556520458', '1556520458', '', 'png 头像测试', '', '', '35', '9');
INSERT INTO `xw_notice_info` VALUES ('76', '12', '15', '1', '1556520458', '1556520458', '', ' \\ud83d\\ude0a', '', '', '35', '9');
INSERT INTO `xw_notice_info` VALUES ('77', '12', '30', '1', '1556520463', '1556520463', '', '棒棒哒\\ud83d\\udc4d', '', '', '35', '9');
INSERT INTO `xw_notice_info` VALUES ('78', '21', '15', '1', '1556536342', '1556536342', '', '', '#抖音#\n记录美好生活\n', '', '16', '31');
INSERT INTO `xw_notice_info` VALUES ('79', '23', '15', '1', '1556536361', '1556536361', '应用', '', '#抖音#\n记录美好生活\n', '', '16', '31');
INSERT INTO `xw_notice_info` VALUES ('80', '23', '15', '1', '1556541799', '1556541799', '这是啥', '', '哈哈哈', 'community/201904292033412705_600_526.jpg', '2', '41');
